human_r1	human_r2	mouse_r1	mouse_r2	cattle_r1	cattle_r2	pig_r1	pig_r2	opossum_r1	opossum_r2
ENSG00000000003:TSPAN6	7.35	12.03	9.77	8.52	33.97	41.26	8.26	15.05	17.9	4.57
ENSG00000000005:TNMD	2.25	2.63	0	0	0	0	0	0	0	0.08
ENSG00000000419:DPM1	48.91	64.27	58.95	102.02	154.58	154.19	6.27	8.98	25.1	31.98
ENSG00000000457:SCYL3	9.15	9.66	18.37	16.39	20.83	19.34	2.25	5.46	13	9.23
ENSG00000000460:FIRRM	4.42	3.86	3.42	1.81	1.43	1.76	0.68	1.32	0.34	0.45
ENSG00000001084:GCLC	12.48	13.49	73.55	54.85	30.31	23.08	2.68	5.75	110.04	45.41
ENSG00000001167:NFYA	13.46	17.03	40.29	29.62	19.09	18.22	3.87	7.03	11.3	6.73
ENSG00000001460:STPG1	2.33	2.25	0.71	0.67	1.23	1.77	0	0	0.04	0.43
ENSG00000001461:NIPAL3	4.06	7.44	9.46	10.86	35.65	33.46	3.5	5.99	12.12	24.82
ENSG00000001561:ENPP4	4.61	4.94	3.37	3.44	33.8	53.52	8.62	12	30.85	5.14
ENSG00000001617:SEMA3F	45.06	52.11	245.36	115.42	11.09	15.41	1.73	5.91	54.22	47.79
ENSG00000001626:CFTR	0.29	1.65	0.5	0.39	0.78	0.23	1.17	0.99	0.07	0.12
ENSG00000001629:ANKIB1	19.62	20.44	18.17	9.81	25.87	21.78	1.87	4.02	8.12	5.01
ENSG00000001631:KRIT1	25.81	40.68	40.74	31.63	17.91	17.18	2.66	4.06	5.94	2.25
ENSG00000002016:RAD52	8.49	12.69	12.6	15.46	17.62	23.98	1.07	2.07	3.2	1.68
ENSG00000002549:LAP3	27.38	35.82	20.05	31.98	276.96	275.98	13.46	38.82	167.34	110.63
ENSG00000002587:HS3ST1	0.37	0.63	62.45	33.14	0.26	0.13	0	0.07	4.57	16.08
ENSG00000002745:WNT16	0.13	0.15	0.84	0.37	11.99	15.45	0.86	1.78	0.32	0.25
ENSG00000002746:HECW1	0	0.32	0.07	0	0.29	0.13	0	0	0.03	0.01
ENSG00000002822:MAD1L1	3.99	6.15	18.54	10.42	16.36	15.04	0.95	4.38	34.05	12.6
ENSG00000002834:LASP1	33.45	56.85	247.71	176.95	108.41	94.56	8.87	20.95	154.18	14.91
ENSG00000002919:SNX11	7.16	9.72	18.52	12.78	17.96	19.4	2.18	4.02	33.19	29.88
ENSG00000002933:TMEM176A	10.75	27.21	38.65	68.2	19.73	7.9	0.45	1.93	466.23	3203.32
ENSG00000003056:M6PR	68.52	84.65	119.36	99.7	117.76	93.84	15.36	27.06	163.36	103.54
ENSG00000003147:ICA1	10.94	14.23	14.51	17.94	24.48	19.82	6.53	12.75	84.64	18.76
ENSG00000003249:DBNDD1	0.13	0.16	1.98	1.25	220.9	157.67	0.89	2.27	5.57	0.33
ENSG00000003393:ALS2	8.04	11.03	17.99	9.25	39.2	30.05	1.67	3.72	7.61	4.7
ENSG00000003402:CFLAR	70.98	91.71	41.22	34.4	83.61	71.8	16.2	22.14	2.84	1.07
ENSG00000003436:TFPI	613.87	635.18	571.07	641.18	235.45	331.48	0.13	0.18	13.59	25.61
ENSG00000003509:NDUFAF7	7.6	11.07	24.8	17.75	6.27	6.61	1.56	2.42	11.67	19.07
ENSG00000003756:RBM5	121.45	171.13	72.11	60.23	86.23	95.49	9.48	18.03	99.54	51.04
ENSG00000003987:MTMR7	6.58	7.78	13.01	12.48	0.95	1.06	0.36	0.61	0.03	0
ENSG00000003989:SLC7A2	149.29	107.5	6.14	6.43	1.48	1.9	0.85	2.42	0.75	1.96
ENSG00000004142:POLDIP2	23.22	22.09	46.01	42.18	49.85	40.36	7.64	18.46	43.46	61.58
ENSG00000004399:PLXND1	82.86	112.12	66.6	52.87	22.78	22.75	1.48	5.02	9.33	4.41
ENSG00000004478:FKBP4	28.21	37.68	33.63	48.62	611.13	487.59	15.19	35.9	210.25	161.78
ENSG00000004487:KDM1A	18.73	24.14	87.45	61.17	36.57	32.91	4.4	8.79	28.1	24.35
ENSG00000004534:RBM6	53.32	95.6	54.24	48.2	25.52	29.41	16.13	25.54	18.58	11.97
ENSG00000004660:CAMKK1	0.73	1.4	0.83	1.34	9.25	9.69	0.6	0.79	1.34	3.23
ENSG00000004766:VPS50	9.42	12.65	14.38	13.31	13.17	12.34	4.33	6.07	9.87	9.14
ENSG00000004776:HSPB6	3.92	12.57	7.67	5.34	26.42	32.38	1.47	6.23	0	1.46
ENSG00000004777:ARHGAP33	0.76	4.52	1.41	2.57	1.25	1.4	0.21	0.67	2.81	15.58
ENSG00000004779:NDUFAB1	47.66	45.99	128.25	126.65	113.36	114.23	1.37	3.05	126.54	98.83
ENSG00000004799:PDK4	57.52	92.38	39.45	49.97	104.13	46.88	43.59	102.48	10.14	32.73
ENSG00000004809:SLC22A16	0.23	0.06	0	0	1.1	1.31	0	0	0.28	0.15
ENSG00000004838:ZMYND10	0.49	0.27	0.81	1.64	0	0.38	0.03	0.16	13.61	19.74
ENSG00000004848:ARX	0.03	0.2	0.02	0	0.03	0	0.01	0.1	0.07	0.02
ENSG00000004864:SLC25A13	13.01	13.29	11.92	7.42	19.54	20.01	8.35	13.55	10.84	25.4
ENSG00000004866:ST7	32	40.14	11.57	11.86	10.52	8.22	2.54	4.75	10.82	9.72
ENSG00000004897:CDC27	28.87	29.5	30.96	16.01	17.65	15.32	2.14	3.35	2.92	0.49
ENSG00000004939:SLC4A1	2.65	4.38	3.51	4.34	0	0	0.08	0.15	27.88	6.4
ENSG00000004961:HCCS	10.18	9.32	9.62	5.93	19.5	13.38	1.58	3.76	5.24	6.57
ENSG00000004975:DVL2	20.43	23.59	11.58	9.16	11.15	8.44	1.39	5.78	32.36	26.45
ENSG00000005001:PRSS22	3.49	4.84	0.49	0.76	6.26	3.29	1.72	2.5	6.8	13.26
ENSG00000005007:UPF1	31.41	36.56	32.25	23.84	50.42	42.01	5.31	17.05	25.72	7.25
ENSG00000005020:SKAP2	4.63	5.71	22.68	21.59	30.13	27.38	3.95	5.83	49.69	8.6
ENSG00000005059:MCUB	11.28	11.07	4.47	6.18	12.19	9.08	2.7	3.55	25.04	22.59
ENSG00000005073:HOXA11	2.42	4.02	29.04	31.35	32.93	24.68	1.74	4.83	3.19	4.71
ENSG00000005100:DHX33	7.56	8.12	15.41	9.54	8.48	6.93	1.2	3.34	11.13	43.22
ENSG00000005102:MEOX1	0.02	0.09	0.04	0.14	0	0.03	0.01	0.02	0.71	0.99
ENSG00000005108:THSD7A	25.61	45.54	8.74	9.27	0.26	0.14	0.67	1.67	0.83	0.69
ENSG00000005156:LIG3	29.57	19.51	25.91	11.74	17.75	13.75	1.93	5.27	19.04	12.76
ENSG00000005175:RPAP3	11.07	12.81	10.99	7.94	22.39	23.82	2.73	5.06	29.29	14.26
ENSG00000005187:ACSM3	2.73	2.39	0.68	0.67	0	0	0	0	0.97	1.29
ENSG00000005189:REXO5	2.14	1.28	12.85	9.59	9.72	8.85	0.63	0.99	4.65	5.13
ENSG00000005194:CIAPIN1	28.47	27.93	21.21	18.55	67.97	64.06	10.76	19.83	55.22	34.44
ENSG00000005206:SPPL2B	38.3	52.8	16.68	12.63	19.52	22.02	1.58	5.25	18.41	10.22
ENSG00000005238:ATOSB	20.62	19.6	89.16	49.66	12.28	12.69	0.84	1.51	14.45	23.21
ENSG00000005243:COPZ2	3.22	8.05	42.45	37.27	17.84	13.37	3.09	6.5	36.22	25.08
ENSG00000005249:PRKAR2B	18.94	26.17	5.36	5.62	51.8	29.84	0.96	1.87	19.39	4.13
ENSG00000005339:CREBBP	29.75	35.35	21.28	10.77	31.93	26.55	1.97	8.62	14.35	2.62
ENSG00000005379:TSPOAP1	0.56	1.83	0.16	0	2.85	1.75	0	0.06	1.79	3.22
ENSG00000005381:MPO	0.31	0.04	0	0	0.07	0	0	0	1.28	3.33
ENSG00000005421:PON1	0.05	0.14	0	0.44	8.67	1.58	0.96	3.66	1.47	5.2
ENSG00000005448:WDR54	3.18	2.75	0.68	0.67	4.31	5.59	0.44	1.59	14.4	17.59
ENSG00000005469:CROT	18.77	26.41	23.45	31.31	18.11	10.93	12.32	19.33	15.26	5.85
ENSG00000005483:KMT2E	25.34	34.73	22.01	13.84	23.39	22.08	4.11	9.04	29.02	4.33
ENSG00000005486:RHBDD2	41.05	51.84	28.69	14.08	23.24	19.85	1.23	3.26	8.26	26.53
ENSG00000005513:SOX8	0.33	0.65	0.08	0	0.03	0	0.02	0.05	0.2	0.89
ENSG00000005700:IBTK	10.27	17.15	20.26	21.04	9.36	8.49	2.75	4.21	8.9	2.76
ENSG00000005810:MYCBP2	17.29	22.5	45.99	32.52	14.07	13.87	2.65	5.57	30.66	7.88
ENSG00000005812:FBXL3	38.35	50.93	53.76	35.87	27.3	22.66	8.42	14.19	49.91	87.14
ENSG00000005844:ITGAL	2.35	5.08	1.45	1.21	1.68	0.66	0.31	0.93	1.35	1.45
ENSG00000005882:PDK2	16.43	27.49	20.78	35.3	8.2	6.61	0.94	2.67	5.7	13.57
ENSG00000005884:ITGA3	70.82	66.95	73.83	79.03	114.75	79.66	1.69	3.25	20.31	5.56
ENSG00000005893:LAMP2	113.86	101.13	262.44	344.46	710.96	724.46	53.57	79.37	2.12	2.98
ENSG00000005961:ITGA2B	0.91	1.08	2.76	6.1	4.46	4.76	0.05	0.21	5.98	5.5
ENSG00000005981:ASB4	0.43	2	2.36	2.44	0.26	0.51	2.13	3.58	1.64	0.26
ENSG00000006007:GDE1	37.82	40.2	54.35	60.76	58.36	38.36	6.8	11.67	92.62	40.74
ENSG00000006016:CRLF1	3.34	7.7	2.78	0.95	0.27	0.18	0.09	0.33	6.49	16.28
ENSG00000006025:OSBPL7	1.61	3.71	4.94	5.64	12.48	15.59	1.46	4.81	15.78	32.83
ENSG00000006042:TMEM98	3.29	9.05	7.02	24.86	13.08	8.4	0.66	3.3	2.2	1.23
ENSG00000006047:YBX2	0.29	0.21	1.18	1.55	2.05	2.95	0.06	0.13	3.56	10.76
ENSG00000006062:MAP3K14	1.49	3.37	1.63	1.35	3.63	2.72	0.47	2.38	3.25	7.89
ENSG00000006071:ABCC8	0.41	0.77	0.62	2.96	0.02	0	0	0	1.29	0.65
ENSG00000006116:CACNG3	0	0	0	0	0	0	0	0	0	0
ENSG00000006125:AP2B1	29.7	36.58	64.82	51.29	82.09	70.9	14.1	24.78	42.03	34.43
ENSG00000006128:TAC1	0	0	0.16	0.28	0.1	0.95	0.18	0.3	18.21	2.35
ENSG00000006194:ZNF263	15.55	20.77	16.31	20.25	8.5	10.46	1.09	2.81	3.57	4.26
ENSG00000006210:CX3CL1	0.72	3.41	14.02	11.28	2.69	1.62	0.18	0.55	2.93	1.58
ENSG00000006282:SPATA20	8.27	9.1	1.81	0.84	18.41	7.36	0.2	0.5	0.06	0.42
ENSG00000006283:CACNA1G	0.04	0.33	5.93	0.84	0.4	0.34	0.01	0.06	0.76	0.62
ENSG00000006327:TNFRSF12A	90.85	83.37	112.98	137.43	66.49	42.81	27.34	44.01	10.65	55.09
ENSG00000006377:DLX6	6.11	9.3	0.06	0.07	28.41	14.5	0.41	0.84	0.84	5.79
ENSG00000006432:MAP3K9	4.12	5.5	2.64	2.8	3.56	1.36	1.08	2.93	0.46	0.07
ENSG00000006451:RALA	24.32	24.99	61.34	43.69	40.8	37.35	0.77	1.37	36.61	11.38
ENSG00000006453:BAIAP2L1	10.54	10.84	17.29	16.55	101.02	114.56	7.39	14.78	15.03	5.41
ENSG00000006459:KDM7A	28.72	26.54	6.55	4.53	6.6	5.76	4.83	7.33	10.11	1.79
ENSG00000006468:ETV1	2.07	2.22	0.57	0.33	0.42	0.41	1.24	2.87	4.4	3.89
ENSG00000006530:AGK	11.59	13.26	8.33	5.81	6.75	5.93	1.18	2.21	7.15	7.2
ENSG00000006555:TTC22	0.17	0.33	0.22	12.53	1.28	0.67	0.02	0.02	64.95	85.14
ENSG00000006576:PHTF2	13.6	16.63	7.25	3.67	7.19	9.04	1.84	3.16	11.38	1.66
ENSG00000006607:FARP2	13.23	18.04	11.01	6.07	5.23	3.9	0.33	1.03	11.41	6.12
ENSG00000006611:USH1C	0	0	0.09	3.11	0.15	0.11	0	0.03	1.11	1.12
ENSG00000006625:GGCT	26.18	27.46	2.46	1.7	218.39	250.31	2.49	3.83	129.9	20.52
ENSG00000006638:TBXA2R	4.53	4.46	1.5	2.08	0.29	0.38	0.11	0.29	1.14	5.19
ENSG00000006652:IFRD1	35.95	50.33	214.47	156.42	55.64	37.45	26.28	67.98	39.32	18.45
ENSG00000006695:COX10	6.87	7.84	8.42	4.49	6.93	5.45	1.41	4.29	5.52	11.15
ENSG00000006704:GTF2IRD1	1.75	5.1	22.62	11.19	1.98	2.72	0.55	2.69	0.67	1.63
ENSG00000006715:VPS41	34.41	34.04	32.97	30.22	33.18	24.05	10.39	19.91	32.89	25.36
ENSG00000006740:ARHGAP44	8.55	10.86	14	11.69	0.92	0.63	3.76	18.46	0.16	0.21
ENSG00000006744:ELAC2	29.82	38.27	9.83	7.1	20.55	20.26	2.18	5.76	8.76	6.91
ENSG00000006747:SCIN	248.01	286.82	1	0.34	48.51	21.68	5.64	13.17	0	0
ENSG00000006831:ADIPOR2	21.36	23.28	68.85	72.36	119.92	114.33	3.24	7.74	47.5	26.91
ENSG00000006837:CDKL3	1.54	2.9	4.49	2.16	0	0	0.06	0.05	1.57	0.55
ENSG00000007001:UPP2	0.02	0.07	4.53	3.23	0	0	0	0	0	0.03
ENSG00000007062:PROM1	6.69	19.28	28.32	23.21	22.08	25.94	0.99	1.6	135.22	139.7
ENSG00000007080:CCDC124	20.23	26.66	30.19	28.06	114.14	89.25	2.72	5.5	58.54	35.05
ENSG00000007168:PAFAH1B1	77.21	96.49	114.98	70.99	66.02	70.5	9.88	21.55	197.19	71
ENSG00000007171:NOS2	0.03	0.2	52.76	15.35	128.02	103.32	7.46	29.58	6.83	1.43
ENSG00000007174:DNAH9	0.03	0.44	0.04	0	0.02	0.01	0.03	0.15	1.73	0.55
ENSG00000007202:BLTP2	50.57	78.28	49.88	58.28	18.75	16.58	3.98	7.81	11.48	7.56
ENSG00000007216:SLC13A2	0	0	0.02	0.96	21.79	3.99	0	0.01	11.65	4.61
ENSG00000007237:GAS7	5.01	13.15	11.47	19.39	11	3.77	2.99	7.32	1.39	0.06
ENSG00000007264:MATK	0.13	0.82	7.65	4.66	2.06	2.38	0.43	0.88	1.25	8.29
ENSG00000007314:SCN4A	0.37	0.57	0.22	0.31	0.1	0.04	0.01	0.01	4.88	2
ENSG00000007341:ST7L	11.99	18.14	31.17	15.92	11.1	12.54	3.42	5.28	10.65	6.68
ENSG00000007372:PAX6	0.15	0.04	0.12	0.12	0	0	0.02	0.03	0.06	0.14
ENSG00000007376:RPUSD1	4.37	5.81	7.02	8.01	2.87	1.68	1.1	4.28	1.92	0.51
ENSG00000007384:RHBDF1	55.02	91.98	20.77	19.75	21.67	20.52	2.58	9.53	10.16	16.92
ENSG00000007392:LUC7L	40.84	80.17	46.03	38.65	112.11	146.43	6.54	18.8	49.28	7.13
ENSG00000007402:CACNA2D2	0.84	2.52	0.08	0.07	0.87	0.88	0.02	0.08	0.1	0
ENSG00000007516:BAIAP3	1.49	2.25	1.13	1.09	0.77	1.36	0.07	0.32	0.25	0.09
ENSG00000007520:TSR3	16.44	23.13	19.43	18.53	31.9	26.15	3.34	9.68	95.86	51.73
ENSG00000007545:CRAMP1	9.14	16.45	32.69	17.57	14.65	13.26	1.08	4.47	3	1.19
ENSG00000007866:TEAD3	119.6	131.32	42.06	28.26	49.14	51.93	3.93	15.51	40.13	29.41
ENSG00000007923:DNAJC11	23.29	30.75	38.24	30.37	27.28	19.89	3.61	8.06	22.56	20.67
ENSG00000007933:FMO3	0.29	0.09	0.05	0.12	0.06	0	0	0	0.03	0.33
ENSG00000007944:MYLIP	108.88	128.97	26.16	38.01	58.01	52.35	13.11	31.47	32.97	33.99
ENSG00000007968:E2F2	1.24	1.21	0.74	1.03	1	1.65	0.04	0.08	2.76	2.24
ENSG00000008018:PSMB1	160.84	153.73	70.28	76.93	271.58	259.66	34.18	56.47	105.95	198.48
ENSG00000008056:SYN1	1.42	2.67	0.28	0.26	1.68	1.52	0.16	0.54	0.46	0.45
ENSG00000008083:JARID2	5.23	6.26	32.96	23.92	22.36	22.55	2.76	8.82	13.98	6.51
ENSG00000008086:CDKL5	3.89	6.24	0.56	1.23	15.07	14.01	3.54	9.75	2.84	1.5
ENSG00000008118:CAMK1G	0.1	0.16	0.23	0.45	6.79	4.04	0.14	0.38	1.04	1.1
ENSG00000008130:NADK	42.29	53.9	96.19	62.06	127.38	107.11	3.17	9.83	283.1	75.81
ENSG00000008196:TFAP2B	0.69	0.33	0	0	0.03	1.03	0.18	0.63	0.05	0.26
ENSG00000008197:TFAP2D	0	0	0	0	0	0	0	0	0	0
ENSG00000008256:CYTH3	72.91	135.39	73.39	40.75	19.67	15.37	2.02	5	20.65	3.21
ENSG00000008277:ADAM22	0.22	0.55	0.85	1.73	0.07	0.07	0.04	0.1	0.09	0
ENSG00000008282:SYPL1	72.53	70.27	75.74	57.48	127.47	105.17	4.66	7.04	13.37	42.4
ENSG00000008283:CYB561	40.64	29.27	25.13	23.54	10.35	8.65	4.24	8.87	7.33	6.29
ENSG00000008294:SPAG9	54.12	58.98	56.5	48.68	34.4	25.39	7.24	14.04	26.83	5.6
ENSG00000008300:CELSR3	0.43	0.44	0.22	0.33	0.15	0.25	0.07	0.11	0.03	0.04
ENSG00000008311:AASS	5.65	12.18	0	1.91	5.9	7.6	0.55	1.22	3.41	1.72
ENSG00000008323:PLEKHG6	36.32	53.61	3.49	10.3	2.84	3.88	0.73	2.17	41.37	37.2
ENSG00000008382:MPND	4.8	4.44	16.03	19.94	11.78	8.94	0.58	1.3	22	24.86
ENSG00000008394:MGST1	2.91	3.77	55.86	385.65	190.43	113.07	11.54	11.41	33.03	70.14
ENSG00000008405:CRY1	15.14	27.99	9.52	10.73	4.46	5.01	2.22	3.95	8.44	7.01
ENSG00000008438:PGLYRP1	0.41	0.2	3.85	7.93	0.57	0.28	0.05	0.07	0.23	4.28
ENSG00000008441:NFIX	3.99	7.65	4.27	4.35	1.4	0.64	0.24	0.82	13.88	2.14
ENSG00000008513:ST3GAL1	41.33	58.41	69.44	71.75	39.03	46.08	1.42	3.4	16.91	5.33
ENSG00000008516:MMP25	0.97	1.09	0.01	0	14.03	15.54	0.37	1.42	0.47	0.9
ENSG00000008710:PKD1	24.89	54.5	46.61	27.6	8.32	7.19	0.86	3.72	1.73	1.47
ENSG00000008735:MAPK8IP2	1.1	1.93	0.1	0.07	7.74	10.37	0.56	1.8	0.04	0.04
ENSG00000008838:MED24	37.3	49.08	21.37	21.87	21.67	22.17	1.01	3.87	7.97	3
ENSG00000008869:HEATR5B	7.94	11.4	17.4	11.05	11.27	10.78	2.8	4.53	4.5	1.27
ENSG00000008952:SEC62	95.94	104.31	97.72	83.42	130.34	144.98	10.32	18	785.83	75.76
ENSG00000009307:CSDE1	223.66	247.63	123.97	100.97	173.65	142.24	33.04	52.57	193.99	71.57
ENSG00000009335:UBE3C	26.73	32.45	22.45	15.67	29.14	26.17	3.14	8.86	15.96	3.45
ENSG00000009413:REV3L	31.66	45.57	7.6	12.6	11.51	6.99	1.46	3.13	5.05	2.86
ENSG00000009694:TENM1	0.01	0.02	0.01	0.02	0.05	0	0.01	0.02	0.05	0.23
ENSG00000009709:PAX7	0	0	0	0	0	0	0	0	0	0
ENSG00000009724:MASP2	4.24	6.11	0	0.22	4.56	4.26	0	0.07	0.15	0.11
ENSG00000009765:IYD	0.23	0.38	0.15	0.05	0.11	0.08	0.47	0.82	0.44	0
ENSG00000009780:FAM76A	5.76	8.2	49.67	34.09	18.72	8.31	7.16	10.72	71.18	21.96
ENSG00000009790:TRAF3IP3	1.03	1.8	1	1.39	1.66	1.47	0.28	0.45	0.44	0.07
ENSG00000009830:POMT2	25.37	32.18	13.76	9.82	15.53	13.28	0.52	1.49	1.36	2.29
ENSG00000009844:VTA1	40.34	43.66	53	45.57	29.24	24.29	6.51	8.32	19.18	9.42
ENSG00000009950:MLXIPL	0.74	1.05	0.41	0.56	26.24	37.43	0.01	0.01	0.3	0.38
ENSG00000009954:BAZ1B	24.44	27.58	40.69	26.17	41.25	41.69	4.76	10.94	39.21	10.26
ENSG00000010017:RANBP9	38.65	50.44	62.99	56.39	51.35	35.86	3.93	7.68	44.23	41.62
ENSG00000010072:SPRTN	8.37	10.83	22.98	14.23	32.66	30.02	0.6	1.68	35.89	3.83
ENSG00000010165:METTL13	6.29	7.16	5.79	4.06	5.72	5.5	1.11	3.06	12.56	10.72
ENSG00000010219:DYRK4	8.2	15.97	0.11	0.11	0	0	0.04	0.1	0.12	0.13
ENSG00000010244:ZNF207	129.13	138.62	73.36	67.15	87.2	85.97	27.88	49.78	77.23	74.63
ENSG00000010256:UQCRC1	90.46	93.37	98.55	78.24	131.5	127.54	25.53	33.2	159.02	179.14
ENSG00000010282:HHATL	0.2	0.75	0.44	0.19	0.52	0.33	0.01	0.01	0	0.15
ENSG00000010292:NCAPD2	19.74	20.37	7.72	5.23	14.85	13.52	0.94	2.88	4.3	3.22
ENSG00000010295:IFFO1	6.67	14.7	11.47	11.13	4.87	6.06	0.47	1.05	30.97	13.11
ENSG00000010310:GIPR	0.09	0.23	0.21	0.35	0.05	0.05	0.04	0.06	0.13	0.21
ENSG00000010318:PHF7	4.05	4.46	3.61	5.5	0.56	0.45	0.04	0.07	0.73	0.83
ENSG00000010319:SEMA3G	19.67	18.57	51.78	52.51	15.77	23.49	8.27	31.08	5.39	1.55
ENSG00000010322:NISCH	34.22	65.81	203.37	171.14	43.8	43.83	3.28	9.21	14.67	14.64
ENSG00000010327:STAB1	21.7	68.03	18.91	45.08	49.86	24.49	3.31	9.51	3.63	4.19
ENSG00000010361:FUZ	6.14	10.14	10.05	12.34	7.05	5.12	0.52	1.03	8.05	32.61
ENSG00000010379:SLC6A13	0.23	0.24	0.8	0.9	0	0	0	0	0.97	1.35
ENSG00000010404:IDS	40.78	41.76	17.01	6.74	15.06	8.35	2.09	6.1	12.36	28.78
ENSG00000010610:CD4	10.22	21.28	0.16	0.38	1.36	0.62	0.29	0.49	0.51	1.33
ENSG00000010626:LRRC23	1.67	2.86	0.76	0.06	0.47	0.66	0.06	0.14	13.87	7.91
ENSG00000010671:BTK	1.88	6.07	0.6	0.41	3.65	2.72	0.58	0.71	2.91	2.7
ENSG00000010803:SCMH1	8.44	14.49	16.22	23.11	11	8.26	0.44	1.39	3.77	3.96
ENSG00000010810:FYN	21.95	32.11	28.48	18.83	8.5	6.91	2.1	5.52	26.33	11.57
ENSG00000010818:HIVEP2	6.8	8.46	10.64	4.72	6.38	4.21	1.74	4.04	3.14	1.32
ENSG00000011021:CLCN6	9.55	18.15	17.44	9.08	2.91	2.81	0.69	3.54	2.23	0.83
ENSG00000011028:MRC2	0.93	5.59	13.32	14.39	51.27	33.21	1.03	4.63	10.23	7.49
ENSG00000011083:SLC6A7	0.02	0	0.08	0.02	0	0	0.02	0.05	0	0.04
ENSG00000011105:TSPAN9	31.46	39.56	421.39	220.79	21.76	17.43	2.1	5.35	313.69	17.43
ENSG00000011114:BTBD7	18.2	21.91	23.27	16.09	17.42	18.62	6.08	11.83	8.14	6.27
ENSG00000011132:APBA3	10.94	15.76	59.98	57.11	65.51	88.01	2.3	6.23	10.63	10.9
ENSG00000011143:MKS1	4.92	6.04	6.68	4.4	3.82	3.48	0.09	0.18	2.69	7.18
ENSG00000011198:ABHD5	53.81	42.29	111.44	88.08	80.93	67.6	3.49	5.74	22.67	15.13
ENSG00000011243:AKAP8L	54.02	84.18	22.25	20.33	63.52	62.05	5.64	12.93	57.97	45.85
ENSG00000011260:UTP18	26.72	22.69	15.25	11.66	24.12	19.28	3.3	5.05	14.14	17.26
ENSG00000011275:RNF216	8.5	11.81	45.9	30.32	6.16	5.52	2.44	8.52	17.42	1.73
ENSG00000011295:TTC19	22.64	25.21	20.68	16.25	22.28	19.92	1.45	4.11	22.39	12.39
ENSG00000011304:PTBP1	88.08	114.89	101.03	83.37	171.9	160.1	20.72	50.77	54.72	15.25
ENSG00000011376:LARS2	5.25	4.97	273.87	1363.97	5.97	6.24	2.44	3.84	4.56	5.77
ENSG00000011422:PLAUR	4.07	7.84	73.14	122.7	88.19	52.14	11.36	19.55	0.53	2.49
ENSG00000011426:ANLN	9.08	8.89	2.99	2.12	27.31	32.33	1.86	2.1	8.76	2.05
ENSG00000011451:WIZ	8.59	12.13	19.04	13.79	15.72	12.91	0.64	2.48	42.02	37.64
ENSG00000011454:RABGAP1	31.22	36.15	28.29	20.79	19.66	18.79	5.64	11	32.02	5.59
ENSG00000011465:DCN	156.64	517.21	1315.64	1303.06	1156.61	879.9	23.51	41.32	101.69	272.69
ENSG00000011478:QPCTL	2.42	3.49	17.31	13.33	12.42	13.37	0.73	1.67	7.41	21.87
ENSG00000011485:PPP5C	26.77	33.81	50.72	49.26	49.15	53.23	1.93	5.98	22.03	58.26
ENSG00000011523:CEP68	13.14	16.68	7.03	5.39	8.3	9.16	2.26	4.15	3.08	1.39
ENSG00000011566:MAP4K3	44	50.44	43.27	26.98	33.79	33.64	2.45	3.95	18.57	3.92
ENSG00000011600:TYROBP	27.27	71.61	19.68	27.38	58.15	52.58	12.05	18.24	1.75	13.26
ENSG00000011638:LDAF1	2.83	4.17	20.89	19.96	31	19.55	4.05	7.5	4.71	9.43
ENSG00000011677:GABRA3	3.12	2.93	0.06	0.04	0.03	0.09	0	0	0	0
ENSG00000012048:BRCA1	3.77	3.33	1.76	1.53	5.94	4.49	0.6	1.19	1.23	0.49
ENSG00000012061:ERCC1	23.45	32.06	57.59	39.62	42.81	37.42	2.22	5.01	11.9	27.86
ENSG00000012124:CD22	1.47	2.19	0.79	0.56	0.08	0.02	0.03	0.1	0.06	0.23
ENSG00000012171:SEMA3B	701.18	793.76	44.12	56.46	1.26	1.89	0.28	0.74	188.54	263.39
ENSG00000012223:LTF	2.6	0.82	11.55	21.29	0.39	0.48	0.13	0.09	336.49	207.56
ENSG00000012232:EXTL3	4.69	8.57	24.11	24.37	8.87	10.49	1.02	3.26	7.2	8.25
ENSG00000012504:NR1H4	0	0.04	0.21	8.5	0.03	0	0.42	0.65	3.28	4.44
ENSG00000012660:ELOVL5	25.12	30.23	51.48	34.69	185.9	225.86	15.84	21.46	18.56	7.28
ENSG00000012779:ALOX5	18.97	45.54	3.54	5.16	8.18	4.64	0.51	1.02	1.45	1.3
ENSG00000012963:UBR7	10.4	11.49	25.45	19.9	24.24	15.45	2.32	4.64	74.61	9.19
ENSG00000012983:MAP4K5	16.1	23.15	49.03	30.83	12.13	12.13	2.33	4.09	13.58	3.39
ENSG00000013016:EHD3	11.83	11.49	13.91	18.94	7.95	7.82	0.81	3.14	4.63	4.88
ENSG00000013275:PSMC4	50.35	58.45	79.43	82.66	94.8	93.51	6.24	13.19	125.68	108.43
ENSG00000013293:SLC7A14	0.13	0.11	2.5	1.82	0	0	0	0.04	0	0
ENSG00000013297:CLDN11	9.72	11.36	44.76	51.2	0.09	0	0.04	0.13	0	0.34
ENSG00000013306:SLC25A39	42.23	47.29	93.74	100.66	61.99	51.7	7.61	24.37	57.89	90.34
ENSG00000013364:MVP	36.13	55.96	100.32	97.7	106.43	93	5.49	10.84	63.06	19.49
ENSG00000013374:NUB1	44.62	55.13	87.3	60.32	25.92	25.61	4.7	8.85	71.91	29.09
ENSG00000013375:PGM3	21.15	22.77	12.27	15.92	13.81	14.04	3.54	5.5	118.34	61.34
ENSG00000013392:RWDD2A	1.59	2.41	2.12	5.09	2.4	1.79	0.33	0.36	5.05	0.68
ENSG00000013441:CLK1	133.6	192.58	140.87	122.57	99.57	151.12	24.9	35.92	182.85	170.59
ENSG00000013503:POLR3B	9.74	10.38	10.35	6.44	5.48	4.71	1.92	3.5	2.65	1.97
ENSG00000013523:ANGEL1	12.71	15.65	4.43	5.76	5.9	3.98	0.42	1.01	2.64	6.59
ENSG00000013561:RNF14	30.61	34.59	111.64	73.01	16.39	15.9	4.84	8.17	20	3.46
ENSG00000013563:DNASE1L1	12.98	14.95	50.55	57.32	40.18	30.45	4.51	9.81	9.49	27.77
ENSG00000013573:DDX11	19.05	31.5	0.99	1.2	3.25	4.47	0.78	3.35	1.07	1
ENSG00000013588:GPRC5A	0.56	4.28	68.51	49.77	1.72	1.49	3.18	5.68	28.02	27.82
ENSG00000013619:MAMLD1	0.89	1.17	1.8	1.51	0.05	0.07	0.09	0.29	11.64	4.38
ENSG00000013725:CD6	0.59	0.53	1.14	0.76	0.29	0.32	0.01	0	0.03	0.03
ENSG00000013810:TACC3	7.85	8.62	6.72	5.47	24.86	23.59	0.32	0.81	6.39	3.23
ENSG00000014123:UFL1	26.11	27.32	21.04	13.9	15.37	15.92	3.18	5.33	16.09	10.79
ENSG00000014138:POLA2	8.21	9.5	9.21	6.69	14.68	11.7	1.49	3.29	4.84	7.9
ENSG00000014164:ZC3H3	7.56	10.97	11.47	9.03	9.05	8	0.6	2.12	5.63	2.22
ENSG00000014216:CAPN1	64.02	84.76	28.72	30.16	74.42	57.28	14.11	38.3	34.43	16.36
ENSG00000014257:ACP3	14.83	13	10.76	1.14	25.67	17.14	4.44	7.89	39.79	19.6
ENSG00000014641:MDH1	45.99	49.53	85.84	102.08	217.6	227.44	36.48	65.12	443.91	801.82
ENSG00000014824:SLC30A9	31.97	38.45	58.91	48.89	46.21	44.62	7.18	11.41	9.04	2.52
ENSG00000014914:MTMR11	23.14	24.1	8.99	19.63	4.36	4.13	0.15	0.45	0.65	0.91
ENSG00000014919:COX15	12.91	16.47	14.44	9.9	12.31	11.41	1.33	2.25	5.83	5.28
ENSG00000015133:CCDC88C	2.01	2.77	1.83	2.61	2.54	1.53	0.42	1.16	8.41	8.12
ENSG00000015171:ZMYND11	32.7	40.29	44.27	33.89	47.15	38.51	6.5	12.58	84.27	10.42
ENSG00000015285:WAS	3.31	11.03	4.53	4.31	5.94	4.13	0.32	0.7	0.43	1.22
ENSG00000015413:DPEP1	0.14	0.04	2.22	12.01	0.05	0	0	0.05	30.05	44.41
ENSG00000015475:BID	2.56	4.41	13.21	28.2	27.79	30.63	4.39	8.02	35.35	16.1
ENSG00000015479:MATR3	138.56	154.35	95.84	73.01	182.86	170.62	18.3	30.43	183.47	70.22
ENSG00000015520:NPC1L1	0.07	0	0.71	1.12	0.01	0.01	0	0	3.87	3.78
ENSG00000015532:XYLT2	5.93	9.03	8.73	7.85	12.19	9.59	0.83	2.41	2.05	3.13
ENSG00000015592:STMN4	0	0	10.75	4.34	0	0	0	0.04	0.13	0.09
ENSG00000015676:NUDCD3	23.71	24.96	33.89	25.66	50.32	46.15	2.08	6.06	64.54	21.94
ENSG00000016082:ISL1	4.74	7.25	0.13	0	0	0.06	0	0	0.03	0
ENSG00000016391:CHDH	0.54	0.68	16.8	19.6	7.24	5.82	0.12	0.25	13.85	24.69
ENSG00000016402:IL20RA	1.63	0.86	0	0	6.1	4.16	1.59	3.78	2.03	0.13
ENSG00000016864:GLT8D1	52.51	61.18	62.92	52.59	24.21	24.52	2.87	6.64	10.56	9.73
ENSG00000017260:ATP2C1	37.78	54.8	94.38	74.76	56.52	48.63	14.24	24.86	42.74	22.89
ENSG00000017427:IGF1	12.63	20.84	1.96	1.03	11.58	6.53	0.53	0.71	16.09	27.55
ENSG00000017483:SLC38A5	0.77	0.34	0.84	0.4	0.28	0.18	0.2	0.33	0.35	1.25
ENSG00000017797:RALBP1	22.76	31.18	136.96	81.23	128.21	148.24	8.48	17.13	73.4	3.68
ENSG00000018189:RUFY3	18.52	27.6	34.07	30.85	137.61	96.6	5.4	10.06	47.92	4.38
ENSG00000018236:CNTN1	0.32	0.24	0.37	0.31	0	0	0	0.07	0.89	0.14
ENSG00000018280:SLC11A1	7.25	11	2.31	5.95	7.3	2.73	0.18	0.16	1.03	1.43
ENSG00000018408:WWTR1	48.14	54.22	57.29	40.3	107.46	96.79	8.08	17.74	14.98	4.23
ENSG00000018510:AGPS	12.08	10.7	36.39	15.84	38.13	35.31	4.44	8.13	16.99	6.05
ENSG00000018610:STEEP1	27.34	32.39	18.05	13.23	17.43	12.56	4.53	11.12	70	113.72
ENSG00000018625:ATP1A2	3.06	3.12	1.68	1.21	0.07	0.01	0.2	1.08	1.61	1.06
ENSG00000018699:TTC27	6.52	7.26	4.84	4.53	12.9	12.24	1.36	2.28	5.95	6.95
ENSG00000019102:VSIG2	5.98	7.38	15.67	12.44	0.57	0.42	0	0.08	1.05	4.13
ENSG00000019144:PHLDB1	28.62	50.23	64.66	51.61	30.52	30.76	3.04	8.24	29.8	18.63
ENSG00000019169:MARCO	0.8	0.87	0.15	0	0.16	0.03	5.61	0.91	3.62	8.65
ENSG00000019186:CYP24A1	0.66	3.02	0.05	12.12	7.7	2.35	0.05	0.12	5.19	0.78
ENSG00000019485:PRDM11	1.94	2.93	4.42	3.27	4.5	3.79	0.37	1.2	1.2	0.32
ENSG00000019505:SYT13	0.01	0.02	5.97	2.28	0.04	0.14	0	0	0.07	0
ENSG00000019549:SNAI2	5.71	10.39	3.11	2.12	37.96	31.13	1.66	8.38	12.34	10.61
ENSG00000019582:CD74	66.45	492.43	14.26	10.77	282.24	68.95	9.41	37.9	12.93	14.15
ENSG00000019991:HGF	88.27	111.02	1.41	0.55	2.4	1.13	2.73	6.46	0.58	0.45
ENSG00000019995:ZRANB1	15.54	15.75	28.94	22.77	26.12	15.96	3.91	6.99	12.94	5.18
ENSG00000020129:NCDN	5.09	6.21	12.76	9.16	20.8	12.12	0.7	2.66	14.69	18.68
ENSG00000020181:ADGRA2	21.5	34.17	16.63	17.68	14.19	13.77	3.28	9.25	9.86	12.74
ENSG00000020256:ZFP64	2.49	3.56	23.1	19.46	13.16	14.03	0.4	0.66	1.31	0.82
ENSG00000020426:MNAT1	19.25	20.81	12.43	10.66	39.52	31.88	1.15	2.03	32.16	15.51
ENSG00000020577:SAMD4A	4.77	10.51	9.8	6.78	9.93	5.37	1.87	2.94	2.5	0.48
ENSG00000020922:MRE11	11.28	14.74	9.97	6.98	17.13	17.56	1.99	4.78	9.03	2.33
ENSG00000021300:PLEKHB1	0.69	0.95	0.2	0.63	59	63.4	0.11	0.22	0.16	0
ENSG00000021488:SLC7A9	0.05	0.06	1.36	51.54	0	0	0.4	0.65	12.38	8.95
ENSG00000021574:SPAST	9.25	9.78	22.25	14.86	9.63	9.16	2.23	3.49	22.85	4.77
ENSG00000021645:NRXN3	2.58	3.01	0.2	0.88	0	0.03	0.03	0.05	0.07	0.13
ENSG00000021762:OSBPL5	4.68	10.11	43.77	41.3	35.45	16.03	0.59	1.97	18.71	20.2
ENSG00000021776:AQR	18.35	28.09	19.13	11.2	11.63	10.9	3.51	5.94	14.98	8.03
ENSG00000021826:CPS1	6.42	5.32	0.05	0.15	0	0	0.05	0.03	54.69	64.53
ENSG00000021852:C8B	0	0	0	1.16	0.07	0.07	0.04	0.03	0	0
ENSG00000022277:RTF2	59.24	70.11	70.78	62.11	34.32	31.67	6.5	12.73	59.41	56.11
ENSG00000022355:GABRA1	0	0	0.1	0	3.86	2.87	0.01	0	0	0
ENSG00000022567:SLC45A4	72.2	25.69	127.7	54.89	11.18	10.21	1.3	5.42	20.57	5.64
ENSG00000022840:RNF10	84.2	119.76	117.4	97.62	129.4	123.89	7.23	21.07	183.21	87.04
ENSG00000023041:ZDHHC6	24.89	37.75	29.81	22.72	37.99	33.63	6.48	10.07	22.91	19.93
ENSG00000023171:GRAMD1B	19.85	24.46	43.67	59.31	36.36	34.62	0.77	2.05	1.21	0.72
ENSG00000023191:RNH1	57.15	65.74	124.54	135.96	173.26	150.22	9.9	19.99	14.73	51.28
ENSG00000023228:NDUFS1	37.69	31.61	46.14	35.77	33.17	35.63	9.41	13.36	109.49	62.29
ENSG00000023287:RB1CC1	15.66	20.42	64.99	55.4	44.07	37.67	11.74	26.98	483.63	63.34
ENSG00000023318:ERP44	38.46	31.71	77.91	95.74	119.5	111.56	10.93	18.4	66.45	53.98
ENSG00000023516:AKAP11	7	9.09	14.2	10.22	44.65	40.52	1.71	4.29	7.18	0.48
ENSG00000023608:SNAPC1	1.87	2.49	18.6	23.24	16.6	11.88	0.95	2.03	11.69	5.09
ENSG00000023697:DERA	16.1	20.39	24.64	27.45	20.66	40.86	3.17	5.06	53.46	37.49
ENSG00000023734:STRAP	51.17	52.55	64.48	56.07	57.44	53.74	13.02	23.93	167.75	140.69
ENSG00000023839:ABCC2	2.66	2.18	0.4	8.85	9.73	19.24	5.24	10.82	31.4	37.61
ENSG00000023892:DEF6	7.05	15.51	2.45	2.58	3.96	4.12	0.5	1.31	4.65	7.33
ENSG00000023902:PLEKHO1	4.87	14.95	133.73	117.87	59.1	65.5	4.31	10.47	19.21	44.3
ENSG00000024048:UBR2	12.05	15.62	39.72	19.86	9.78	8.44	5.52	10.22	20.38	8.89
ENSG00000024526:DEPDC1	3.7	3.07	0.24	0.37	3.12	2.61	0.13	0.17	0.99	0.67
ENSG00000024862:CCDC28A	22.54	22.42	14.51	13.2	9.19	8.58	0.6	0.8	4.64	19.92
ENSG00000025039:RRAGD	4.42	4.47	9.08	12.09	10.22	11.84	0.25	0.51	5.27	11.32
ENSG00000025156:HSF2	7.16	7.96	15.83	11.33	10.06	9.43	2.02	4.77	6.7	4.78
ENSG00000025293:PHF20	9.24	14.22	15.89	12.69	22.42	16.93	2.42	3.86	11.65	1.38
ENSG00000025434:NR1H3	26.83	43.7	7.94	16.17	25.84	23.54	5.44	12.31	4.7	7.78
ENSG00000025772:TOMM34	22.26	26.49	24.21	22.3	11.94	16.17	2.06	3.05	27.53	31.07
ENSG00000025800:KPNA6	30.13	30.25	40.69	27.9	31.55	25.71	3.87	8.66	19.75	6.8
ENSG00000026025:VIM	386.38	579.09	346.73	322.13	397.04	574.55	61.13	117.68	760.06	665.17
ENSG00000026508:CD44	64.61	73.74	24.64	14.47	27.09	33.2	4.35	7.59	2.65	5.18
ENSG00000026559:KCNG1	15.93	17.69	0.7	0.41	11.47	30.57	0.2	0.45	0.18	0.36
ENSG00000026652:AGPAT4	1.46	3.83	35.52	25.24	1.79	0.85	0.95	2.23	16.06	4
ENSG00000026751:SLAMF7	0.38	0.48	1.13	0.44	4.91	3.91	0.2	0.34	0.06	0.16
ENSG00000027001:MIPEP	3.18	4.95	5.32	5.14	11.5	12.09	1.75	4.46	5.84	7.14
ENSG00000027075:PRKCH	33.46	37.16	47.42	24.96	26.98	20.74	7.17	13.22	20.45	13.76
ENSG00000027644:INSRR	0.01	0.01	0.04	0	7.11	9.81	0.18	0.53	0.4	0.19
ENSG00000027697:IFNGR1	85.55	90.51	42	58.43	85.17	89.68	1.82	3.61	18.5	19.27
ENSG00000027847:B4GALT7	13.36	15.32	29.9	20.89	15.54	12.92	1.62	4.58	3.68	7.89
ENSG00000027869:SH2D2A	0.07	0.3	0.34	0.18	0.59	0.06	0.29	0.56	20.43	1.51
ENSG00000028116:VRK2	10.57	10.34	7.81	6.96	7.3	5.34	1.92	3.02	7.03	8.33
ENSG00000028203:VEZT	71.59	81.86	30.1	14.11	20.82	25.46	3.41	4.57	37.03	19.73
ENSG00000028310:BRD9	11.38	16.45	27.17	21.24	38.2	38.92	3.51	9.34	38.17	17.53
ENSG00000028528:SNX1	45.77	48.01	108.43	126.36	156.96	174.58	21.23	41.41	85.95	78.89
ENSG00000028839:TBPL1	25.96	18.87	41.04	32.72	21.87	18.98	1.32	2.2	13.68	14.77
ENSG00000029364:SLC39A9	25.38	25.94	28.46	20.72	29.56	26.12	6.88	11.91	113.64	20.91
ENSG00000029534:ANK1	0.95	1.27	2.06	1.12	3.09	1.7	0.01	0.01	2.35	2.33
ENSG00000029559:IBSP	1.57	0.34	0	0	3.59	13.67	0.07	0.16	0.14	0
ENSG00000029639:TFB1M	2.9	5.19	5.96	6.32	7.79	9.5	1.82	3.73	4.74	4.95
ENSG00000029725:RABEP1	26.01	36.37	21.41	21.51	21.53	19.02	4.53	8.82	17.94	3.65
ENSG00000030066:NUP160	31.82	28.95	11.48	10.79	14.34	9.32	1.36	2.77	9.17	6.8
ENSG00000030110:BAK1	6.21	7.85	36.25	24.6	69.79	46.34	1.9	3.84	5.5	8.41
ENSG00000030304:MUSK	0.34	0.23	0.48	0.47	0.05	0.03	0.01	0.01	0.58	0.2
ENSG00000030419:IKZF2	6.15	6.54	1.23	0.35	0.28	0.44	1.61	2.6	1.6	0.93
ENSG00000030582:GRN	492.78	467.13	336.72	317.05	347.44	274.84	1084.31	2584.83	109.55	313.1
ENSG00000031003:FAM13B	16.21	20.8	56.64	31.53	19	9.57	3.64	6.57	10.13	1.83
ENSG00000031081:ARHGAP31	5.89	8.34	37.54	19.21	13.33	13.63	2.08	5.48	7.78	1.16
ENSG00000031691:CENPQ	2.63	2.28	1.43	1.73	6.25	5.36	0.8	0.93	9.63	2.54
ENSG00000031698:SARS1	78.13	80.39	82.78	80.23	117.63	99.98	12.09	24.19	50.27	59.76
ENSG00000031823:RANBP3	33.19	42.28	49.24	41.93	58.67	55.25	2.35	7.37	19.93	4.61
ENSG00000032219:ARID4A	12.45	17	12.02	7.27	18.33	18.06	2.63	5.07	65.19	2.7
ENSG00000032389:EIPR1	5.36	4.74	19.58	16.88	26.46	23.85	2.62	6.06	6.16	16.26
ENSG00000032444:PNPLA6	17.06	34.55	54.93	41.21	12.87	14.49	1.6	5.89	29.14	82.57
ENSG00000032742:IFT88	3.03	5.36	9.13	7.15	3.39	3.42	0.68	1.86	6.73	6.15
ENSG00000033030:ZCCHC8	17.85	25.08	25.27	21.17	21.6	21.84	2.09	4.3	13.92	24.31
ENSG00000033050:ABCF2	5.09	5.8	34.08	28.73	33.65	28.6	1.86	5.11	36.02	42.64
ENSG00000033100:CHPF2	16.73	16.43	58.41	38.75	23.13	17.05	1.88	4.56	10.51	30.9
ENSG00000033122:LRRC7	0.41	0.88	0.02	0	0	0	0	0	1.97	1.01
ENSG00000033170:FUT8	42.4	64.36	87.54	55.45	18.46	10.63	2.05	3.59	19.96	8.14
ENSG00000033178:UBA6	26.05	24.84	32.59	10.73	11.3	10.38	2.76	4.04	10.99	5.38
ENSG00000033327:GAB2	27.41	29.36	48.13	19.97	13.82	8.41	2.17	8.66	7.93	1.89
ENSG00000033627:ATP6V0A1	76.99	85.52	66.39	88.55	40.8	31.73	2.39	5.01	27.5	22.88
ENSG00000033800:PIAS1	18.23	29.1	23.6	14.4	12.38	11.65	2.67	4.1	9.2	5.85
ENSG00000033867:SLC4A7	2.91	5.22	5.55	3.66	8.82	4.33	4.35	6.17	31.06	3.15
ENSG00000034053:APBA2	0.6	0.48	0.37	0	0	0	0.02	0.02	0.14	0
ENSG00000034152:MAP2K3	16	31.27	81.81	58.53	49.44	35.89	5.22	18.63	155.96	25.76
ENSG00000034239:CLXN	0.07	0.37	0.1	0.14	0	0	0.04	0.11	2.53	0.79
ENSG00000034533:ASTE1	4.13	8.23	7.17	6.54	6.48	3.94	0.72	1.65	3.67	9.2
ENSG00000034693:PEX3	17.16	22.92	24.81	16.78	9.46	8.59	1.61	2.04	17.01	7.27
ENSG00000034713:GABARAPL2	85.73	88.01	166.65	138.7	478.1	368.59	28.35	41.43	192.13	185.49
ENSG00000034971:MYOC	0.07	0.12	0.16	0	0.04	0	0.01	0	0.03	0.05
ENSG00000035115:SH3YL1	34.34	39.98	3.83	12.08	156.46	166.66	6.06	9.17	27.85	15.22
ENSG00000035403:VCL	36.09	54.16	132.74	74.85	105.23	66.12	17.78	45.65	197.87	34.27
ENSG00000035499:DEPDC1B	123.76	76.9	0.11	0.29	7.83	5.71	0.25	0.26	0.25	0.05
ENSG00000035664:DAPK2	0.7	2.75	69.07	27.64	12.21	10.43	0.58	1.2	1.23	0.23
ENSG00000035681:NSMAF	22.06	23.63	30.3	20.71	4.88	6.04	1.3	3.23	15.73	8.15
ENSG00000035687:ADSS2	27.73	33.03	44.61	34.84	82.53	55.43	3.32	5.53	0.46	0
ENSG00000035720:STAP1	0.12	0.06	0.95	0.19	1.8	1.79	1.8	2.66	2.89	2.43
ENSG00000035928:RFC1	23.64	30.43	12.43	11.45	21.01	20.54	2.1	3.71	19.53	3.22
ENSG00000036054:TBC1D23	23.77	25.74	30.62	17.26	44.65	37.96	7.44	10.44	13.41	7.1
ENSG00000036257:CUL3	62.61	65.63	92.28	74.14	93.21	62.21	4.37	9.41	115.52	33.85
ENSG00000036448:MYOM2	1.14	0.84	0.88	0.31	0	0.03	1.05	1.3	0.07	0.03
ENSG00000036473:OTC	0.07	0	0.1	0.34	0	0	0	0.02	37.78	60.68
ENSG00000036565:SLC18A1	0	0	3.43	20.24	0.41	0.74	0.19	0.34	0.18	0.05
ENSG00000036672:USP2	0.19	0.48	18.79	18.1	176.38	54.89	1.64	2.77	3.07	2.11
ENSG00000036828:CASR	0.8	0.94	0.05	0	0.03	0.01	1.31	2.55	0.19	0.03
ENSG00000037280:FLT4	101.73	65.23	19.97	10.36	0.26	0.59	0.22	0.97	4	3.13
ENSG00000037474:NSUN2	27.07	56.18	52.64	40.99	39.35	30.03	3.04	7.16	5.91	1.74
ENSG00000037637:FBXO42	12.68	15.86	13.65	10.51	16.67	17.19	1.19	3.07	5.19	8.05
ENSG00000037749:MFAP3	18.25	21.59	45.79	33.83	17.71	18.28	4.03	7.66	12.93	1.72
ENSG00000037757:MRI1	27.97	49.39	14.7	15.1	35.23	42.61	0.81	2.51	9.48	21.64
ENSG00000037897:METTL1	9.36	7.16	11.47	7.61	6.7	6.76	1.55	2.27	4	25.23
ENSG00000038002:AGA	13.23	15.84	27.34	45.18	28.51	20.62	3.29	5.21	10.63	11.89
ENSG00000038219:BOD1L1	20.56	30.21	18.84	8.42	26.22	23.16	1.83	5.21	35.7	1.46
ENSG00000038295:TLL1	5.96	6.14	0.3	0.28	0.15	0.13	0.12	0.39	0.68	0.15
ENSG00000038358:EDC4	24.39	35.17	34.32	22.34	18.57	17.42	1.93	5.66	21.79	21.38
ENSG00000038427:VCAN	24.53	62.14	12.18	11.43	6.8	7.53	24.81	56.25	8.93	1.75
ENSG00000038532:CLEC16A	7.59	10.8	14.34	7.86	5.76	4.2	0.96	3.23	8.16	1.13
ENSG00000038945:MSR1	3.75	9.32	1.62	2.85	45.54	22.01	2.38	4.05	1.39	1.75
ENSG00000039068:CDH1	67.97	82.29	53.22	95.36	325.95	340.57	35.2	58.45	107.22	58.62
ENSG00000039123:MTREX	29.98	33.02	26.05	25.46	26.44	23.18	6.5	10.74	24.32	16.02
ENSG00000039139:DNAH5	0	0.06	0.02	0	0.05	0.06	0	0.05	1.22	0.08
ENSG00000039523:RIPOR1	17.63	33.01	67.62	39.01	32.41	37.98	1.57	4.92	35.36	29.04
ENSG00000039537:C6	0.05	0.23	0.13	15.27	0.05	0	0.01	0.01	0.65	0.27
ENSG00000039560:RAI14	110.23	83.78	46.06	27.19	26.09	16.69	3.75	10.59	33.56	2.13
ENSG00000039600:SOX30	0.14	0.11	0.46	0.1	0	0	0	0	0	0.08
ENSG00000039650:PNKP	35.19	45.32	18.86	23.17	42.67	40.59	5.56	17.46	14.85	57.92
ENSG00000039987:BEST2	0.03	0.11	0.05	0	27.54	9.74	0.04	0.17	3.38	4.81
ENSG00000040199:PHLPP2	1.89	3.2	31.27	13.76	20.6	20.19	2.34	5.75	2.09	0.52
ENSG00000040275:SPDL1	8.2	7.73	1.03	1.02	3.76	2.83	0.18	0.22	6.94	2.3
ENSG00000040341:STAU2	11.09	19.34	13.32	10.05	69.24	74.55	4.7	9.59	24.74	16.9
ENSG00000040487:SLC66A1	14.89	16.03	13.82	23.46	99.88	119.62	2.75	6.69	18.43	20.01
ENSG00000040633:PHF23	27.48	27.45	66.99	52.45	38.25	40.56	8.09	16.08	18.95	24.05
ENSG00000040731:CDH10	0.01	0	0.01	0.4	0.05	0	0	0	0.02	0
ENSG00000040933:INPP4A	5.89	8.48	12.98	7.99	17.34	19.12	1.38	3.69	12.26	1.48
ENSG00000041353:RAB27B	0.98	1.57	5.14	4.33	0.82	0.92	0.27	0.68	6.84	1.04
ENSG00000041357:PSMA4	124.32	148.67	91.97	100.73	98.14	88.27	7.92	12.45	142.53	146.32
ENSG00000041515:MYO16	0.15	0.18	0.53	1	0.18	0.1	0	0	0.05	0.06
ENSG00000041802:LSG1	31.26	30.67	19.93	18.61	27.31	24.54	2.69	3.77	12.31	18.9
ENSG00000041880:PARP3	3.67	5.47	6.59	10.78	4.77	3.54	1.54	2.38	16.4	61.38
ENSG00000041982:TNC	0.74	0.83	4.9	7.53	188.66	92.73	0.48	0.78	12.22	4.75
ENSG00000041988:THAP3	7.85	11.68	19.44	18.77	39.56	37.81	0.83	2.41	3.59	8.21
ENSG00000042062:RIPOR3	1.6	1.72	9.73	10.29	54.39	54.38	0.04	0.13	5.68	4.07
ENSG00000042088:TDP1	6.07	7.25	10.15	11.02	3.9	4.37	0.4	1.09	5.32	7.89
ENSG00000042286:AIFM2	3.47	5.26	15.15	18.72	16.22	11.51	2.15	5.62	15.26	44.26
ENSG00000042317:SPATA7	6.28	10.62	3.8	3.6	4.75	4.27	0.5	0.73	1.13	1.92
ENSG00000042429:MED17	14.53	18.61	27.55	22.69	23.56	17.42	1.73	3.32	5.15	7.37
ENSG00000042493:CAPG	6.11	11.59	117.96	110.2	60.91	50.7	7.31	7.49	22.63	17.85
ENSG00000042753:AP2S1	35	32.79	147.77	200.93	263.23	218.49	11.41	25.86	98.66	270.24
ENSG00000042781:USH2A	0.04	0.26	0.26	0.03	0	0.02	0	0	0.02	0
ENSG00000042813:ZPBP	0	0	0.19	0.08	0	0.14	0.09	0.09	0	0
ENSG00000042832:TG	0.32	0.79	0.24	0.47	0.06	0.06	0.01	0.14	0.37	0.28
ENSG00000042980:ADAM28	0.42	4.02	0.09	0.05	0.8	0.15	29.86	49.71	56.86	2.73
ENSG00000043039:BARX2	2.1	3.12	1.63	0.53	1.57	0	0.01	0.01	0.96	1.15
ENSG00000043143:JADE2	4.25	8.4	2.26	2.07	9.9	12.66	1.08	1.75	3.71	1.07
ENSG00000043355:ZIC2	0	0	0.23	0.07	0	0	0	0.02	0.03	0.06
ENSG00000043462:LCP2	8.87	24.4	1.31	0.91	6.98	5.75	0.63	1.24	0.84	1.06
ENSG00000043514:TRIT1	11.94	17.6	9.36	8.53	22.89	15.38	2.48	4.57	2.78	1.12
ENSG00000043591:ADRB1	37.98	59.5	19.73	13.87	9.09	9.26	3.2	11.86	1.15	0.88
ENSG00000044012:GUCA2B	0.3	0.24	9.48	31.83	0	0	0	0	8.6	22.97
ENSG00000044446:PHKA2	28.24	38.99	10.85	8.97	2.96	2.33	0.26	0.42	11.12	9.65
ENSG00000044459:CNTLN	1.45	3.35	2.77	2.47	1.95	1.34	0.44	0.85	0.79	0.12
ENSG00000044524:EPHA3	7.76	13.04	0.35	0.36	0.09	0	0.01	0.04	6.87	0.75
ENSG00000044574:HSPA5	253.39	203.86	1232.32	1292.82	327.22	426.45	181.43	448.48	1138.77	279.61
ENSG00000046604:DSG2	38.02	28.12	89.25	41.09	18.59	22.83	9.43	11.19	16.37	1.22
ENSG00000046647:GEMIN8	5.52	4.73	2.51	1.59	18.73	19.38	0.61	1.22	11.57	6.77
ENSG00000046653:GPM6B	1.71	2.7	6.89	6.22	4.34	2.86	0	0	2.53	0.47
ENSG00000046889:PREX2	4.25	8.68	12.57	8.19	5.39	4.9	3.91	9.47	1.86	0.06
ENSG00000047056:WDR37	9.42	12.67	15.65	11.73	24.22	21	5.26	14.34	4.15	0.59
ENSG00000047188:YTHDC2	9.33	12.88	2.87	2.35	9.03	9.39	2.59	4.68	5.22	4.18
ENSG00000047230:CTPS2	4.56	7.39	45.77	41.44	19.58	13.59	1.5	3.04	25.33	43.84
ENSG00000047249:ATP6V1H	18.99	24.27	63.64	56.17	128.71	134.91	10.39	20.28	80.27	41.94
ENSG00000047315:POLR2B	47.63	55.09	29.85	20.09	59.7	52.15	5.66	10.08	34.83	19.32
ENSG00000047346:ATOSA	35.35	32.68	50.58	25.69	9.65	11.67	2.09	4.24	87.78	8.59
ENSG00000047365:ARAP2	6.89	4.24	16.55	18.84	3.33	1.41	2.37	3.44	3.57	0.69
ENSG00000047410:TPR	41.38	53.98	98.19	81.07	43.51	39.13	8.82	16.45	92.05	22.18
ENSG00000047457:CP	5.58	1.6	16.92	16.83	9.97	10.45	0.19	0.28	0.16	0.91
ENSG00000047578:KATNIP	8.02	9.66	12.69	8.57	5.39	3.49	0.25	0.79	9.39	8.82
ENSG00000047579:DTNBP1	12.79	16.84	29.38	31.68	36.64	39.92	1.99	3.84	45.73	23.43
ENSG00000047597:XK	0.69	0.63	2.76	2.9	11.95	13.84	0.17	0.28	2.12	0.4
ENSG00000047617:ANO2	34.52	27.14	1.97	2.4	0.34	0.27	5.32	37.06	0.44	0.26
ENSG00000047621:FERRY3	11.7	14.78	10.42	11.62	13.45	9.51	1.2	2	16.79	5.12
ENSG00000047648:ARHGAP6	2.27	4.79	3.9	2.54	1.16	0.96	0.99	3.01	5.98	2.14
ENSG00000047662:FAM184B	0.01	0	0.06	0	0.45	0.38	0.01	0.02	0.05	0.12
ENSG00000047932:GOPC	16.74	22.74	14.95	12.33	17.43	14.83	3.73	7.21	36.06	2
ENSG00000048028:USP28	5.81	6.7	6.65	4.13	10.85	10.54	1.08	2.34	4.92	3.25
ENSG00000048052:HDAC9	3.22	4.81	2.45	1.02	0.11	0.1	0.66	0.98	0.31	0.16
ENSG00000048140:TSPAN17	5.78	8.8	13.07	14.41	34.39	25.79	4.11	9	9.8	22.14
ENSG00000048162:NOP16	8.94	10.5	17.39	12.38	75.62	49.63	4.45	9.3	75.85	75.85
ENSG00000048342:CC2D2A	7.78	17.99	1.7	2.13	0.88	0.54	0.36	1.44	1.34	2.76
ENSG00000048392:RRM2B	12.73	14.4	8.29	5.18	5.66	2.77	0.9	1.46	2.43	2.24
ENSG00000048405:ZNF800	16.6	22.86	10.34	5.69	14.53	13.98	2.94	4.84	9.6	3.71
ENSG00000048462:TNFRSF17	0.09	0.47	0	0	0.3	0.17	0.21	0.4	0	0
ENSG00000048471:SNX29	4.41	10.05	7.34	5.46	4.37	3.72	1.19	5.69	7.16	0.54
ENSG00000048540:LMO3	0.1	0.2	0	0	0	0	0.09	0.07	1.6	4.88
ENSG00000048544:MRPS10	20.07	24.4	19.81	22.45	131.4	110.38	7.84	12.04	56.56	27.85
ENSG00000048545:GUCA1A	0	0	0.49	0.83	0.21	0.42	0.02	0.03	0	0
ENSG00000048649:RSF1	21.08	29.95	13.9	12.46	17.02	16.04	2.32	4.09	26.42	3.66
ENSG00000048707:VPS13D	15.02	24.68	43.47	37.62	5.63	5.16	2.2	6.54	3.43	0.86
ENSG00000048828:FAM120A	60.42	66.37	132.33	75.37	35.42	35.22	5	12.82	59.3	17.1
ENSG00000048991:R3HDM1	8.08	10.07	39.78	32.12	10.62	8.9	0.91	2.13	6.44	5.67
ENSG00000049130:KITLG	4.14	6.49	37.36	10.47	2.45	2.27	2.2	3.24	6.15	7.16
ENSG00000049167:ERCC8	3.88	4.12	4.5	2.56	7.46	4.39	2.45	2.99	2.7	4.61
ENSG00000049192:ADAMTS6	20.07	45.47	2.24	0.81	2.74	2.21	1.6	2.33	2.72	0.62
ENSG00000049239:H6PD	11.51	17.9	87.69	211.15	22.3	21.23	2.17	6.33	0.46	0.34
ENSG00000049246:PER3	1.06	4.27	4.52	2.52	1.48	0.62	0.34	0.55	22.92	1.62
ENSG00000049247:UTS2	0	0	0	0	0	0	0	0	0	0
ENSG00000049249:TNFRSF9	0.07	0.13	409.52	266.52	0.8	0.18	0.02	0	0.75	2
ENSG00000049283:EPN3	6.42	9.44	65.8	53.34	9.46	6.36	4	11.72	2.24	3.38
ENSG00000049323:LTBP1	44.66	49.49	17.29	14.09	12.41	11.62	7.29	20.24	8.21	3.54
ENSG00000049449:RCN1	144.08	148.85	35.92	24.53	94.89	74.07	8.21	20.11	125.57	30.88
ENSG00000049540:ELN	8.35	35.83	43.16	39.02	12.54	13.09	9.45	34.63	11.93	13.76
ENSG00000049541:RFC2	16.71	15.08	40.97	37.74	15.22	13.58	4.63	11.1	11.37	18.16
ENSG00000049618:ARID1B	27.38	33.48	28.23	16.1	12.24	10.11	1.28	4.55	11.45	8.04
ENSG00000049656:CLPTM1L	70.37	74.22	111.76	97.18	80.47	69.76	7.27	18.8	20.87	14.11
ENSG00000049759:NEDD4L	22.78	24.24	60.09	51.17	113.44	103.96	1.36	2.61	72.07	28.43
ENSG00000049768:FOXP3	0.2	0.38	0.16	0.05	0.44	0.81	0.02	0.07	0.08	0.16
ENSG00000049769:PPP1R3F	2.05	3.53	64.52	28.62	69.71	90.54	1.76	9.97	0.53	0.7
ENSG00000049883:PTCD2	2.56	2.95	10.81	9.29	15.19	17.57	1.23	2.26	4.74	9.88
ENSG00000050030:NEXMIF	0.09	0.21	0.19	0.13	0.09	0.12	0.02	0.01	0.09	0
ENSG00000050165:DKK3	10.7	16.79	15.81	15.37	46.81	31.57	3.45	10.59	88.2	101.15
ENSG00000050327:ARHGEF5	16.22	16.46	92.28	72.42	65.29	51.71	1.34	3.99	27.64	16.63
ENSG00000050344:NFE2L3	82.47	77.01	1.65	2.87	4.3	3.54	0.8	1	0.05	0.17
ENSG00000050393:MCUR1	17.57	19.84	15.72	15.16	19.4	10.88	3.03	5.85	36.82	4.69
ENSG00000050405:LIMA1	27.85	62.56	94.78	64.16	32.31	27.58	15.71	28.39	181.21	42.66
ENSG00000050555:LAMC3	40.71	51.06	2.23	1.48	23.17	32.97	3.51	13.9	0.84	0.53
ENSG00000050628:PTGER3	0.04	0.14	12.07	11.46	17.82	22.56	2.07	4.77	0	0
ENSG00000050748:MAPK9	26.72	29.75	56.63	31.14	47.72	34.24	3.62	8.18	20.34	2.65
ENSG00000050767:COL23A1	0.1	0.32	8.46	3.35	0.72	2.16	0.03	0.07	1.96	2.37
ENSG00000051009:FHIP1B	19.8	28.52	40.24	29.74	12.05	12.91	1.64	5.85	5.82	19.48
ENSG00000051128:HOMER3	7.62	11.66	9.34	8.13	9.6	8.34	1.9	4.37	4.19	11.26
ENSG00000051180:RAD51	5.6	3.72	1.56	1.18	11.38	8.61	0.04	0.04	4.16	2.65
ENSG00000051341:POLQ	1.7	1.52	0.63	0.34	0.76	0.82	0.06	0.08	3.9	3.51
ENSG00000051382:PIK3CB	25.58	23.83	67.5	34.87	24.95	25.87	6.9	13.23	30.45	14.59
ENSG00000051523:CYBA	26.46	44.31	47.57	106.13	67.08	56.16	5.84	13.93	14.1	120.23
ENSG00000051596:THOC3	16.39	14.05	20.31	16.14	24.19	19.68	2.11	4.05	5.31	5.88
ENSG00000051620:HEBP2	23.5	23.68	4.04	3.11	25.56	17.91	1.13	1.44	30.51	20.09
ENSG00000051825:MPHOSPH9	6.15	11.41	2.98	5.17	8.8	9.41	1.5	2.67	5.31	1.96
ENSG00000052126:PLEKHA5	15.36	20.29	88.67	52.79	24.76	22.33	2.3	5.25	16.46	7.8
ENSG00000052344:PRSS8	87.72	101.38	77.02	92.56	142.02	172.76	6.74	16.96	145.74	225.68
ENSG00000052723:SIKE1	9.1	12.24	40.09	33.75	15.5	13.18	1.7	3.76	35.61	9.13
ENSG00000052749:RRP12	8.58	14.43	9.16	5.29	19.06	18.17	0.67	1.84	3.42	8.35
ENSG00000052795:FNIP2	13.26	21.89	28.8	21.35	35.66	26.9	1.74	4.47	6.51	0.56
ENSG00000052802:MSMO1	20.3	17.23	26.04	90.83	60	46.84	47.74	85.94	48.95	33.01
ENSG00000052841:TTC17	60.44	65.83	27.5	20.77	17.41	17.26	6.27	11.27	24.19	6.92
ENSG00000052850:ALX4	0.06	0.03	0.09	0	0.06	0	0.04	0.01	0.06	0.12
ENSG00000053108:FSTL4	0.27	0.5	0.21	0.16	0.19	0.21	0.03	0.02	0	0
ENSG00000053254:FOXN3	14.11	20.5	38.89	23.24	17.96	17.58	2.88	7.3	7.87	2.85
ENSG00000053328:METTL24	0.05	0.06	7.3	5.21	0.21	0.24	0.08	0.19	1.14	1.35
ENSG00000053372:MRTO4	6.99	9.05	18.66	17.58	43.57	34.84	2.08	3	8.79	14.96
ENSG00000053501:USE1	11.34	15.63	79.63	69.6	67.52	53.49	3.16	6.65	30.51	34.76
ENSG00000053702:NRIP2	1.64	3.13	0.94	1.04	2.35	4.7	0.04	0.04	0.58	2.73
ENSG00000053747:LAMA3	14.14	24.62	1.84	1.36	6.13	5.44	17.97	21.71	2.08	1.7
ENSG00000053770:AP5M1	18.35	21.45	10.35	7.99	8.26	7.41	3.53	5.73	6.89	11.62
ENSG00000053900:ANAPC4	17.71	23.94	48.39	36.85	17.42	14.95	1.22	1.96	0.94	1.3
ENSG00000054116:TRAPPC3	46.4	49.36	71.73	71.99	33.94	33.03	7.99	15.21	180.81	105.06
ENSG00000054179:ENTPD2	0.13	0.3	4.42	552.09	29.97	25.91	0.01	0.01	33.76	28.15
ENSG00000054219:LY75	0.74	0.78	1.38	1.36	1.17	0.61	0.04	0.03	1.58	0.61
ENSG00000054267:ARID4B	17.16	22.45	30.75	23.45	28.49	30.25	4.79	9.79	29.87	1.81
ENSG00000054356:PTPRN	0	0.1	0.96	2.72	0.26	0.21	0	0.04	5.37	3.06
ENSG00000054392:HHAT	3.01	2.7	1	1.47	2.48	1.44	0.48	1.06	0.43	0.33
ENSG00000054523:KIF1B	7.88	9.27	30.45	17.48	22.67	16.5	6.99	15.41	30.47	1.47
ENSG00000054598:FOXC1	3.04	4.55	1.26	0.52	2.54	1.92	0.33	1.33	2.67	0.77
ENSG00000054611:TBC1D22A	15.54	19.15	18.92	16.16	28.8	24.05	1.34	3.34	32.64	23.3
ENSG00000054654:SYNE2	64.31	82.32	46.86	31.05	23.3	28.76	5.87	12.9	103.38	28.41
ENSG00000054690:PLEKHH1	77.56	55.31	163.76	81.89	22.28	17.66	5.31	19.64	5.79	4.57
ENSG00000054793:ATP9A	1.22	3.23	67	34.76	29.17	25.84	6.49	14.66	2.37	0.5
ENSG00000054796:SPO11	0	0	0.15	0.16	0	0	0.59	1.98	0.22	0.36
ENSG00000054803:CBLN4	0	0	0	0	0	0	0	0.01	0	0.07
ENSG00000054938:CHRDL2	0.26	0.46	1.45	1.2	0.1	0.1	0.01	0.03	29.9	29.25
ENSG00000054965:FAM168A	7.76	10.38	19.42	15.81	12.07	11.05	0.97	2.89	5.66	1.16
ENSG00000054967:RELT	2.42	4.42	12.35	5.11	3.09	1.81	0.24	0.45	3.11	0.25
ENSG00000055044:NOP58	43.22	49.53	72.61	53.59	70.15	62	7.87	10.92	55.36	35.84
ENSG00000055118:KCNH2	0.46	1.9	1.04	3.45	0.21	0.06	0.02	0.2	0.27	0.93
ENSG00000055147:FAM114A2	9.15	13.2	44.55	41.21	27.99	23.19	7.89	13.62	14.21	6.47
ENSG00000055163:CYFIP2	9	12.37	6.52	3.26	4.82	6.07	0.06	0.11	0.13	0.07
ENSG00000055208:TAB2	29.39	33.89	70.36	49.73	32.41	27.67	3.33	6.39	9.99	2.1
ENSG00000055211:GINM1	55.51	45.48	93.53	99.3	110.3	100.2	7.67	11.94	36.57	20.26
ENSG00000055332:EIF2AK2	12.82	17.19	18.64	16.64	9.39	8.8	2.88	3.8	6.74	4.69
ENSG00000055483:USP36	27.66	22.71	13.95	8.61	15.31	12.11	1.26	3.84	7.83	1.16
ENSG00000055609:KMT2C	64.76	70.8	48.35	27.49	17.4	16.96	4.36	17.02	20.03	2.25
ENSG00000055732:MCOLN3	17.36	9.43	0.4	3.4	0.56	0.71	0.08	0.11	0.53	0.69
ENSG00000055813:CCDC85A	2.9	6.53	0.89	0.93	5.02	6.11	3.63	8.38	1.01	0.29
ENSG00000055917:PUM2	65.05	72.16	51.62	37.02	40.22	33.85	9.38	16	16.65	13.16
ENSG00000055950:MRPL43	27.31	35.78	42.74	36.06	50.46	41.15	7.17	15.51	9.84	22.29
ENSG00000055957:ITIH1	0	0	0.13	6.92	0	0	0	0.01	0.48	0.77
ENSG00000056050:HPF1	9.39	15.06	23.26	23.49	41.27	41.18	2.03	3.87	83.52	81.25
ENSG00000056097:ZFR	51.17	52.65	51.25	26.84	36.54	33.3	5.98	11.38	17.18	5.08
ENSG00000056291:NPFFR2	12.21	9.36	0.09	0.1	0	0	0.08	0.1	0.36	2.59
ENSG00000056487:PHF21B	0.01	0	1.71	1.24	0	0	0.01	0.03	0.05	0.05
ENSG00000056558:TRAF1	1.11	2.43	1.1	2.35	6.6	3.63	0.27	0.58	0.03	0.09
ENSG00000056586:RC3H2	16.98	17.83	19.01	9.28	13.12	11.51	6.96	14.44	10.05	0.49
ENSG00000056736:IL17RB	0.95	1.59	15.12	6.25	8.63	3.89	0.58	0.91	0.38	0.82
ENSG00000056972:TRAF3IP2	26.33	35.54	13.53	14.97	35.42	19.47	0.22	0.56	8.68	6.92
ENSG00000057019:DCBLD2	8.1	15.3	40.89	28.64	6.09	2.87	2.68	7.5	6.28	1.67
ENSG00000057294:PKP2	24.04	45.18	57.74	36.38	6.63	6.22	5.45	6.42	47.38	7.32
ENSG00000057468:MSH4	0.37	1.85	2.78	0.93	0.04	0	15.37	18.29	2.18	2.01
ENSG00000057608:GDI2	113.43	118.78	225.7	209.91	275.93	246.44	25.24	58.57	130.01	104.89
ENSG00000057657:PRDM1	1.15	1.11	17.89	10.64	19.91	10.78	0.94	2.2	9.41	4.56
ENSG00000057663:ATG5	17.8	20.23	22.55	16.9	27.52	30.14	7.47	11.56	116.21	8.87
ENSG00000057704:TMCC3	10.88	14.9	50.69	29.7	76.79	87.88	1.63	3.98	9.14	0.37
ENSG00000057757:PITHD1	36.93	42.79	51.86	33.81	45.09	36.61	4.99	8.97	35.05	21.35
ENSG00000057935:MTA3	44.53	49.91	117.21	68.46	59.81	54.83	0.5	1.08	25.73	22.54
ENSG00000058056:USP13	3.22	2.34	1.59	0.6	2.05	2.72	0.21	0.39	1.59	0.34
ENSG00000058085:LAMC2	8.3	9.72	43.98	50.74	7.2	9.55	7.45	7.05	2.55	3.92
ENSG00000058091:CDK14	1.62	4.68	10.66	4.18	15.86	14.8	2.4	4.19	19.13	3.03
ENSG00000058262:SEC61A1	107.72	110.72	150.99	118.14	130.69	134.85	26.12	48.78	98.93	66.38
ENSG00000058272:PPP1R12A	38.22	47.99	53.32	31.81	33.45	26.58	14.66	29.04	47.36	2.12
ENSG00000058335:RASGRF1	0.77	2.56	5.54	3.11	0.05	0.05	0.08	0.09	0.09	0.08
ENSG00000058404:CAMK2B	0.02	0.07	0.46	0.93	0	0	0.01	0.03	0.15	0.07
ENSG00000058600:POLR3E	26.86	27.55	32.13	19.83	19.18	13.62	2.54	6.3	16.78	12.32
ENSG00000058668:ATP2B4	29.1	43.63	17.44	9.28	13.86	12.35	4.47	7.53	0.9	0.54
ENSG00000058799:YIPF1	23.33	28.33	36.41	35.56	14.2	9.25	2.53	4.51	32.55	83.05
ENSG00000058804:NDC1	6.15	5.42	28.19	8.62	6.16	6.53	0.75	1.38	7.37	13.57
ENSG00000058866:DGKG	3.63	7.76	0.02	0.12	0.1	0.08	0.26	0.74	0.73	1.48
ENSG00000059145:UNKL	20.77	24.79	11.3	6.98	12.57	12.55	0.49	1.59	3.84	0.46
ENSG00000059377:TBXAS1	3.24	12.27	1.16	1.43	8.43	3.8	0.1	0.16	0.4	0.55
ENSG00000059378:PARP12	8.36	16.39	26.88	39.56	16.03	11.15	0.9	1.78	36.78	20.09
ENSG00000059573:ALDH18A1	36.47	31.46	22.75	27.93	10.22	8.31	2.07	4.69	44.79	60.25
ENSG00000059588:TARBP1	28.04	40.7	0.98	0.69	10.21	9.71	0.78	1.72	1.6	2.59
ENSG00000059728:MXD1	33.06	42.02	9.84	12.12	8.81	10.07	0.98	2.07	135.03	7
ENSG00000059758:CDK17	27.62	32.17	14.26	8.28	12.85	13.28	2.67	4.27	13.29	6.18
ENSG00000059769:DNAJC25	6.01	7.59	15.34	10.55	29.01	20.63	1.88	3.05	28.02	16.17
ENSG00000059915:PSD	0.71	1.1	3.2	4.17	0.35	1.08	0.09	0.23	1.14	0.77
ENSG00000060069:CTDP1	8.42	11.93	21.81	20.32	28.39	23.22	3.1	7.81	13.46	3.28
ENSG00000060138:YBX3	95.63	126.79	74.55	67.31	124.48	133.59	13.34	29.48	110.27	21.93
ENSG00000060140:STYK1	1.89	2.61	0.94	1.27	2.76	2.73	0.64	0.66	0.04	0.19
ENSG00000060237:WNK1	51.57	67.24	226.5	192.92	32.12	24.49	2.93	7.97	25.08	4.45
ENSG00000060339:CCAR1	40.73	51.62	36.24	27.39	57.86	66.54	6.53	11.25	63.22	8.84
ENSG00000060491:OGFR	14.11	15.76	48.88	37.77	35.27	27.99	2.95	5.51	17.73	3.08
ENSG00000060558:GNA15	1.71	4.72	0.29	1.09	10.75	9.28	3.36	7.93	0.43	0.61
ENSG00000060566:CREB3L3	0	0	4.09	29.48	0	0	0.18	0.15	2.43	0.98
ENSG00000060642:PIGV	8.29	9.97	13.06	9.08	14.58	9.46	1.51	2.71	2.02	7.68
ENSG00000060656:PTPRU	12.47	18.7	55.07	18.27	26.46	18.4	0.91	3.09	7.79	4.17
ENSG00000060688:SNRNP40	19.51	20.03	20.53	19.24	35.97	30.11	3.91	7.79	18.24	19.5
ENSG00000060709:RIMBP2	0	0	1.25	0.37	0.05	0.02	0	0	0.04	0
ENSG00000060718:COL11A1	0.99	10.22	0.74	1.09	0.27	0	0.21	0.35	0.25	0.05
ENSG00000060749:QSER1	6.55	5.1	10.15	5.95	10.57	10.59	1.67	3.5	5.44	0.73
ENSG00000060762:MPC1	15.83	21.67	103.15	95.09	151.68	91.78	10.27	21.39	112.55	296.65
ENSG00000061337:LZTS1	4.75	4.9	4.14	1.38	5.74	6.29	1.24	2.82	0.22	0.21
ENSG00000061455:PRDM6	1.83	7.14	10.46	4.37	0.38	1.22	0.38	0.89	0.74	0.06
ENSG00000061656:SPAG4	7.14	3.13	0.81	0.11	1.9	2.08	0.02	0.03	3.25	8.2
ENSG00000061676:NCKAP1	59	57.57	92.17	60.15	73.66	60.9	19.96	29.18	56.66	34.26
ENSG00000061918:GUCY1B1	20.71	26.87	9.19	9.51	20.25	24.13	5.45	9.34	35.13	13.16
ENSG00000061936:SFSWAP	26.55	33.15	41.23	35.39	23.36	25.44	3.5	10.34	30.8	35.64
ENSG00000061938:TNK2	15.56	30.74	51.06	37.64	25.16	20.59	1.05	2.46	27.65	18.26
ENSG00000061987:MON2	51.45	66.05	54.33	34.96	18.69	15.47	6.73	12.84	6.54	4.63
ENSG00000062038:CDH3	8.86	6.51	112.78	55.63	5.64	4.04	1.12	1.59	174.33	83.47
ENSG00000062582:MRPS24	24.31	30.69	23.44	33.24	137.14	132.57	2.1	3.79	10.94	54.76
ENSG00000062598:ELMO2	17.37	25.28	33.56	26.82	48.01	45.59	2.97	7.16	11.55	3.42
ENSG00000062650:WAPL	19.3	20.22	63.95	40.74	29.41	26.25	6.85	12.16	56.5	3.08
ENSG00000062716:VMP1	68.88	91.04	120.1	176.52	127.53	110.77	13.18	20.34	40.45	217.24
ENSG00000063180:CA11	2.42	1.71	2.43	2.63	0.71	0.93	0.31	0.61	0.84	7.16
ENSG00000063244:U2AF2	78.41	106.64	110.98	82.55	117.88	119.99	10.04	26.61	33.5	45.79
ENSG00000063245:EPN1	22.35	33.11	178.82	119.2	122.82	104.6	4.24	18.81	28.18	208.92
ENSG00000063438:AHRR	1.53	0.87	0.29	0.08	0.05	0.07	0.02	0.01	0.03	0
ENSG00000063601:MTMR1	51.22	49.57	9.07	8.09	6.91	5.28	1.94	4.88	13.9	3.64
ENSG00000063660:GPC1	28.81	57.39	42.31	24.31	58.08	46.55	1.25	2.46	4.8	0.77
ENSG00000063761:ADCK1	5.02	7.74	10.98	9.56	3.9	1.77	0.34	1.03	0.16	0.15
ENSG00000063854:HAGH	13.82	16.43	112.83	75.66	30.91	31.02	4.01	10.57	13.46	13.11
ENSG00000063978:RNF4	28.94	35.3	155.41	88.49	66.83	57.08	3.58	8.52	57.6	3.86
ENSG00000064012:CASP8	15.42	15.38	14.13	15.08	13.08	9.18	5.89	7.58	2.63	1.81
ENSG00000064042:LIMCH1	53.56	44.53	8.4	6.68	1.73	1.79	1.36	2.87	15.98	1.06
ENSG00000064102:INTS13	7.74	9.05	25.47	22.13	8.9	7.77	2.84	5.66	23.28	9.57
ENSG00000064115:TM7SF3	61.23	37.54	14.22	8.92	5.88	4.49	0.75	1.84	31.05	17.2
ENSG00000064195:DLX3	14.5	25.69	63	19.68	21.81	23.82	1.91	6.57	17.94	18.2
ENSG00000064199:SPA17	2.37	2.33	8.07	7.55	9.47	7.1	0.07	0.14	39.33	84.75
ENSG00000064205:CCN5	0.88	1.2	2.29	2.37	19.6	18.51	0.15	1	2.18	8.8
ENSG00000064218:DMRT3	0	0	0.02	0.83	0.06	0	0.08	0.25	0.08	0
ENSG00000064225:ST3GAL6	60.98	48.75	70.2	32.66	3.75	3.28	2.57	4.12	15.62	22.4
ENSG00000064270:ATP2C2	4.29	1.65	2.06	0.73	62.53	58.56	0.52	1.69	4.64	10.74
ENSG00000064300:NGFR	7.02	5.94	0.07	0.05	0.05	0.13	0.06	0.18	1.43	1.79
ENSG00000064309:CDON	4.27	5.28	4.61	3.91	12.34	12.34	0.28	0.69	6.14	1.17
ENSG00000064313:TAF2	15.95	19.35	16.81	12.3	20.28	18.32	3.37	5.89	6.71	2.85
ENSG00000064393:HIPK2	7.29	9.75	8.55	3.91	22.65	12.71	1.06	4.65	8.28	1.9
ENSG00000064419:TNPO3	14.94	15.25	38.97	36.18	22.83	20.22	5.52	9	26.33	9.46
ENSG00000064490:RFXANK	21.15	24.16	12.51	10.67	31.47	39.03	4.73	11.07	44.6	63.41
ENSG00000064545:TMEM161A	4.77	4.92	33.66	29.74	4.04	4.54	0.94	2.16	3.93	19.62
ENSG00000064547:LPAR2	1.38	5.41	7.31	6.03	21.71	23.43	0.65	1.17	0.32	2.1
ENSG00000064601:CTSA	111.75	133.29	535.63	540.91	184.03	164.2	74.44	237.74	602.21	742.44
ENSG00000064607:SUGP2	23.71	40.84	24.04	15.24	9.59	13.21	1.3	3.35	0.59	0.4
ENSG00000064651:SLC12A2	4.11	4.14	12.56	7.37	22.16	9.38	4.24	8.08	62.95	15.41
ENSG00000064652:SNX24	26.76	37.63	22.66	16.78	32.32	32.21	3.42	5.87	4.29	6
ENSG00000064655:EYA2	2.52	4.66	0.36	0.43	0.43	0.98	0	0	1.22	0.83
ENSG00000064666:CNN2	8.89	18.63	116	126.25	446.08	460.54	16.27	25.08	61.32	37.92
ENSG00000064703:DDX20	8.05	9.65	7.09	5.12	24.92	22.66	2.12	3.44	7.81	10.61
ENSG00000064726:BTBD1	17.64	24.94	37.19	32.92	23.83	16.79	5.15	9.42	31.87	12.1
ENSG00000064763:FAR2	41.29	28.92	2.06	2.65	11.18	10.98	0.35	0.5	5.43	2.44
ENSG00000064787:BCAS1	0.07	0.17	0.27	1.37	3.34	3	0	0.01	7.09	13.78
ENSG00000064835:POU1F1	0.03	0.37	0.03	0	0	0.02	0.01	0.03	0	0
ENSG00000064932:SBNO2	14.53	19.8	64.27	36.38	31.46	26.85	2.04	6.95	21.22	36.89
ENSG00000064933:PMS1	6.19	8.4	1.75	2.03	5.2	6.44	3.94	10.07	7.13	4.93
ENSG00000064961:HMG20B	96.75	81.68	59.14	62.51	76.38	58.59	13.22	32.5	23.9	53.21
ENSG00000064989:CALCRL	4.75	8.98	22.38	13.65	12.23	18.24	16.63	28.02	7.42	1.57
ENSG00000064999:ANKS1A	20.02	30.39	19.69	19.94	35.28	35.47	4.04	13.25	11.51	2.62
ENSG00000065000:AP3D1	47.85	63.05	64.16	51.83	135.38	128.66	5.54	16.88	59.13	18.64
ENSG00000065029:ZNF76	48.65	69.23	16.17	12.61	19.36	18.84	1.43	4.43	19.05	22.25
ENSG00000065054:NHERF2	30.68	37.81	36.68	32.35	40.71	59.89	5.38	15.59	87.3	28.53
ENSG00000065057:NTHL1	4.09	4.73	6.25	6.37	15.47	19.09	1.42	3.2	11.84	15.21
ENSG00000065060:BLTP3A	4.21	5.33	6.29	4.53	10.72	8.28	0.67	1.86	5.2	1.02
ENSG00000065150:IPO5	27.27	26.75	33.32	23.33	87.55	57.7	15.08	20.15	43.88	20.44
ENSG00000065154:OAT	19.15	31.49	36.62	46.11	227.62	173.96	9.85	23.07	2700.31	2591.06
ENSG00000065183:WDR3	7.26	6.31	19.48	18.01	15.36	14.05	2.24	3.78	10.4	12.13
ENSG00000065243:PKN2	22.71	30.56	62.53	30.97	11.68	12.22	3.5	6.56	41.92	7.87
ENSG00000065308:TRAM2	51.87	47.48	53.83	28.25	30.6	24.96	1.09	2.96	10.48	6.83
ENSG00000065325:GLP2R	0.59	0.83	0.06	0.19	12.41	18.62	0.71	1.31	0	0
ENSG00000065328:MCM10	2	0.62	1.2	1.83	7.16	5.64	0.15	0.37	1.07	0.32
ENSG00000065361:ERBB3	50.48	69.95	41.82	40.64	117.03	129.94	18.78	43.65	102.55	45.23
ENSG00000065413:ANKRD44	8.1	10.73	18.61	22.99	5.66	4	3.74	8.49	1.86	0.45
ENSG00000065457:ADAT1	26.67	25.38	3.25	2.6	6.32	5.86	0.28	0.55	3.54	7.11
ENSG00000065485:PDIA5	28.51	34.42	223.21	141.11	12.2	10.87	1.99	4.43	309.93	161.37
ENSG00000065491:TBC1D22B	6.53	7.07	11.19	10.85	8.87	8.04	0.75	2.54	90.76	19.79
ENSG00000065534:MYLK	67.51	61.86	38.46	23.9	23.68	13.97	23.36	45.82	18.31	2.71
ENSG00000065548:ZC3H15	53.21	63.62	67.27	60.28	69.64	68.22	3.84	5.72	0	0
ENSG00000065600:PACC1	3.5	5.4	8.98	5.53	17.2	17.14	0.47	0.96	5.67	6.92
ENSG00000065609:SNAP91	0.17	0.24	36.33	10.44	0.2	0.09	0.01	0	0	0
ENSG00000065613:SLK	22.39	27.4	62.96	36.66	13.27	13.39	9.21	16.54	65.17	2.41
ENSG00000065615:CYB5R4	7.14	7.81	35.31	35.74	13.37	11.84	2.91	5.48	10.86	2.3
ENSG00000065665:SEC61A2	5.71	7.04	29.04	20.51	26.74	26.1	1.51	2.36	5.59	4.97
ENSG00000065675:PRKCQ	0.09	0.18	1.74	1.26	2.14	1.65	0.02	0	4.04	3.66
ENSG00000065717:TLE2	22.11	37.84	5.17	8.12	15.44	14.22	0.56	2.5	0.82	2.12
ENSG00000065802:ASB1	2.13	4.3	13.72	6.09	3.17	2.84	0.46	1.82	6.84	5.85
ENSG00000065882:TBC1D1	161.9	198.83	34.02	29.96	10.65	7.61	4.92	9.36	15.26	9.2
ENSG00000065883:CDK13	33.34	43.39	48.85	26.83	13.6	12.56	4.87	12.09	11.05	6.33
ENSG00000065923:SLC9A7	1.12	1.61	0.29	0.36	1.52	0.52	0.28	0.67	2.71	0.44
ENSG00000065970:FOXJ2	8.18	11.24	30.47	19.03	26.48	21.36	0.45	1.64	11.13	3.14
ENSG00000065978:YBX1	174.58	225.08	160.77	217.18	2992.36	2093.92	33.17	66.31	1272.95	610.37
ENSG00000065989:PDE4A	1.59	3.51	7.83	5.39	6.76	5.2	0.89	3.02	1.21	0.5
ENSG00000066027:PPP2R5A	11.2	15.72	42.29	48.22	39.47	25.33	7.77	16.82	25.19	20.63
ENSG00000066044:ELAVL1	26.15	28.91	35.45	22.53	52.97	54.08	8.36	17.65	27.78	15.65
ENSG00000066056:TIE1	34.03	37.7	24.89	18.93	22.52	28.24	3.34	11.48	6.86	9.77
ENSG00000066135:KDM4A	9.71	13.99	33.55	19.97	26.63	22.21	4.09	13.05	19.04	12.95
ENSG00000066136:NFYC	49.89	49.62	31.89	27.35	93.01	102.22	2.83	8.26	44.66	46.33
ENSG00000066185:ZMYND12	0.26	0.6	1.53	1.23	0.26	0.13	0	0.05	2.28	2.97
ENSG00000066230:SLC9A3	0.73	1.04	0.41	3.58	0	0	6.93	25.18	0	0
ENSG00000066248:NGEF	0	0.37	2.27	2.85	4.7	6.71	1.27	2.73	1.58	1.72
ENSG00000066279:ASPM	2.26	1.67	0.37	0.09	2.18	1.68	0.09	0.18	0.85	0.11
ENSG00000066336:SPI1	7.35	24.41	2.25	2.66	16.48	10.95	1.03	2.1	1.7	4.73
ENSG00000066379:POLR1H	7.16	7.37	38.85	41.66	27.64	33.63	1.71	5.32	26.31	71.95
ENSG00000066382:MPPED2	0.85	2.02	5.16	3.15	5.97	6.88	0.29	0.97	2.97	1.51
ENSG00000066405:CLDN18	0	0.13	0.69	0.59	0	0	0.01	0.03	0	0
ENSG00000066422:ZBTB11	11.76	13.09	14.4	8.29	14.39	12.06	5.82	13.35	7.4	1.01
ENSG00000066455:GOLGA5	43.33	43.49	36.86	32.43	43.65	33.63	5.87	9.81	99.88	25.02
ENSG00000066468:FGFR2	8.72	20.11	77.95	47.05	116	125.7	8.02	22.49	28.94	5.53
ENSG00000066583:ISOC1	12.83	16.52	50.92	25.19	83.95	46.66	2.84	3.73	17.89	15.47
ENSG00000066629:EML1	19.7	19.05	14.77	12.05	12.89	15.22	2.65	6.3	1.71	0.53
ENSG00000066651:TRMT11	8.08	8.93	6.42	5.68	10.98	10.11	2.38	3.93	4.6	3.77
ENSG00000066697:MSANTD3	15.79	21.2	7.13	6.64	9.48	7.17	0.79	0.75	2.4	1.1
ENSG00000066735:KIF26A	1.71	2.85	25.54	6.41	24.88	34.32	0.49	1.67	2.68	0.71
ENSG00000066739:ATG2B	9.97	13.62	30.11	21.29	11.64	8.91	2.36	3.85	3.93	0.71
ENSG00000066777:ARFGEF1	20.32	22.08	80.63	69.91	36.15	34.65	6.6	12.17	14.15	2.55
ENSG00000066827:ZFAT	90.75	100.77	5.86	5.11	3.24	2.52	0.49	1.47	7.73	2.17
ENSG00000066855:MTFR1	23.44	29.38	22.93	20.52	35.2	27.87	2.55	3.54	40.32	31.84
ENSG00000066923:STAG3	7.63	9.78	12.36	11.18	0.24	0.32	0	0	0.23	0.26
ENSG00000066933:MYO9A	27.08	19.35	9.81	7.43	36.68	24.2	3.01	6.23	26.49	2.18
ENSG00000067057:PFKP	1.86	4.72	75.85	78.65	178.83	248.56	0.78	1.02	9.9	11.89
ENSG00000067082:KLF6	24.96	74.44	182.97	109.91	175.13	138.39	17.01	34.54	24.19	9.09
ENSG00000067113:PLPP1	17.63	24.04	146.86	137.84	37.75	43.11	4.11	6.76	94.2	41.91
ENSG00000067141:NEO1	2.99	3.9	20.56	11.31	10.12	5.59	1.31	2.82	8.6	8.47
ENSG00000067177:PHKA1	1.13	1.35	4.6	2.7	4.07	3.35	1.84	4.45	1.29	5.02
ENSG00000067182:TNFRSF1A	72.7	96.28	74.89	76.26	97.45	98.46	13	34.21	23.26	76.17
ENSG00000067191:CACNB1	1.31	1.84	2.28	2.44	1.71	1.39	0.05	0.33	0.04	0.81
ENSG00000067208:EVI5	15.58	16.46	23.22	20.94	13.5	9.46	5.55	7.94	79.8	17.96
ENSG00000067221:STOML1	4.95	5.71	15.92	11.83	8.13	7.11	0.76	1.81	11.61	36.16
ENSG00000067225:PKM	128.44	133.85	305.78	291.52	908.14	701.86	21.91	42.73	215.23	310.53
ENSG00000067248:DHX29	14.05	14.02	8.26	10.42	15.5	14.64	2.21	3.47	13.6	5.58
ENSG00000067334:DNTTIP2	30.65	34.53	38.77	28.26	36.97	27.31	3.13	4.93	29.9	11.07
ENSG00000067365:METTL22	11.78	22.9	5.22	5.09	20.46	13.6	0.68	1.84	9.24	8.3
ENSG00000067369:TP53BP1	19.46	20.67	20.68	9.38	20.47	24.91	2.9	6.01	12.05	10.72
ENSG00000067533:RRP15	4.24	3.07	10.82	11.27	21.08	20.11	3.04	6.39	28.22	12.56
ENSG00000067596:DHX8	13.55	16.02	24.87	15.76	25.76	26.61	2.5	5.55	15.89	8.21
ENSG00000067704:IARS2	34.66	31.32	26.64	18.16	40.76	43.8	6.57	11.49	28.78	17.47
ENSG00000067715:SYT1	2.57	2.13	0.02	0.03	0.89	0.23	0.03	0.06	0.2	0.27
ENSG00000067798:NAV3	16.49	29.96	4.96	3.03	0.65	0.44	0.06	0.19	1.01	0.6
ENSG00000067829:IDH3G	26.39	34.1	43.66	56.96	33.55	32.92	3.23	9.4	51.93	85.86
ENSG00000067836:ROGDI	15.9	25.42	53.49	45.81	38.77	40.23	3.13	5.76	54.67	64.34
ENSG00000067840:PDZD4	0.14	0.09	1.02	0.76	0.14	0.21	0.05	0.05	0.2	0.15
ENSG00000067842:ATP2B3	0.14	0.31	0.06	0	0	0	0	0.01	4.42	3.07
ENSG00000067900:ROCK1	22.92	32.33	28.69	16.13	30.84	25.87	6.42	12.82	72.02	2.63
ENSG00000067992:PDK3	3.29	3.91	12.22	10.27	31.94	21.93	0.99	2.39	23.24	40.15
ENSG00000068001:HYAL2	44.59	50.37	43.88	43.3	26.23	29.02	5.76	14.45	28.82	59.25
ENSG00000068028:RASSF1	14.66	21.55	41.37	38.17	45.08	43.77	6.58	14.07	11.84	39.9
ENSG00000068078:FGFR3	4.68	9.75	2.99	6.1	3.45	5.4	1.3	4.01	22.42	10.9
ENSG00000068079:IFI35	7.26	10.76	37.97	46.75	32.02	35.82	5.38	8.9	50.83	105.1
ENSG00000068097:HEATR6	6.5	7.41	6.55	5.52	16.3	13.84	1.4	2.33	8.64	6.02
ENSG00000068120:COASY	131	255.35	15.97	17.59	18.16	22.86	3.06	6.93	26.04	56.05
ENSG00000068137:PLEKHH3	6.12	9.55	10.5	5.79	12.52	14.22	0.63	2.49	6.63	12.78
ENSG00000068305:MEF2A	12.49	23.47	41.49	32.35	26.08	26.17	3.84	7.85	12.07	0.93
ENSG00000068323:TFE3	35.43	48.83	36.3	29.43	32.39	27.55	1.9	4.65	105.02	111.6
ENSG00000068354:TBC1D25	13	13.71	9.23	7.62	9.82	8.43	0.69	2.38	4.5	5.89
ENSG00000068366:ACSL4	71.97	65.79	19.29	21.47	13.82	7.61	0.77	1.08	112.94	40
ENSG00000068400:GRIPAP1	25.16	37.87	20.88	21.04	39.1	37.33	3.31	9.35	69.55	95.82
ENSG00000068438:FTSJ1	4.58	6.45	8.35	7.87	23.08	17.71	2.02	4.61	31.58	46.03
ENSG00000068489:PRR11	3.2	2.66	0.85	0.68	4.47	4.15	0.03	0.17	1.16	0.43
ENSG00000068615:REEP1	0.86	2.78	6.49	2.73	0.1	0.26	0.41	1.22	1.58	1.37
ENSG00000068650:ATP11A	14.18	18.03	181.14	101.44	50.1	47.87	1.78	7.16	46.48	5.76
ENSG00000068654:POLR1A	3.59	7.52	11.96	7.78	9.24	8.71	0.77	2.57	2.95	4.29
ENSG00000068724:TTC7A	11.44	18.37	11.27	13.42	59.08	37.63	0.54	1.64	2.76	1.41
ENSG00000068745:IP6K2	56.38	77.37	68.91	74.67	52.81	53.86	3.46	6.36	58.4	110.87
ENSG00000068784:SRBD1	9.27	6.99	7.19	5.66	8.86	7.69	2.95	5.55	6.07	2.23
ENSG00000068796:KIF2A	54.88	55.77	18.46	13.13	20.51	11.74	1.69	2.67	40.3	6.73
ENSG00000068878:PSME4	16.62	20.1	28.4	31.4	26.9	21.08	8.21	11.16	40.84	7.61
ENSG00000068885:IFT80	7.35	9.07	3.38	1.98	4.42	3.57	1.36	2.52	5.84	4.48
ENSG00000068903:SIRT2	24.09	33.92	53.42	52.74	81.06	72.65	3.21	9.9	8.97	12.09
ENSG00000068912:ERLEC1	60.39	60.92	62.33	39.09	57.23	54.15	12.26	16.83	177.65	57.81
ENSG00000068976:PYGM	2.12	2.45	3.01	3.62	0.24	0.26	0.09	0.56	1.77	2.97
ENSG00000069011:PITX1	0.62	1.98	7.96	7.63	0.2	0.27	1.09	4.3	31.51	24.71
ENSG00000069018:TRPC7	0	0	0.01	0	0	0	0	0	0	0
ENSG00000069020:MAST4	17.14	16.64	8.61	4.88	9.29	8.04	1.86	5.15	1.67	1.19
ENSG00000069122:ADGRF5	26.67	38.23	276.42	95.07	43.71	60.51	6.17	17.87	6.42	4.01
ENSG00000069188:SDK2	0.66	0.55	16.51	6.08	0.69	0.31	0	0	0.13	0.1
ENSG00000069206:ADAM7	0	0	0.13	0	0	0.13	0.14	0.28	0	0
ENSG00000069248:NUP133	27.36	39.48	9.25	6.12	14.53	11.06	2.79	5.18	12.78	7.31
ENSG00000069329:VPS35	31.22	39.61	75.58	64.29	85.64	78.37	16.92	24.65	61.49	19.54
ENSG00000069345:DNAJA2	38.55	40.12	84.63	70.19	119.42	95.55	10.01	17.34	177.99	30.84
ENSG00000069399:BCL3	6.37	15.81	32.9	16.66	18.61	11.1	0.98	3.25	7.33	89.8
ENSG00000069424:KCNAB2	0.96	2.64	0.96	1.67	0.7	0.31	0.04	0.04	0.16	0.81
ENSG00000069431:ABCC9	4.24	5.72	1.4	2.17	7.82	6.65	11.17	22.99	9.2	2.34
ENSG00000069482:GAL	0.08	0.09	10.62	0.94	1.93	2.58	0	0.19	0	0.72
ENSG00000069535:MAOB	2.61	1.97	1.78	62.05	35.59	25.11	0.71	0.87	8.85	6.8
ENSG00000069667:RORA	9.55	10.66	9.58	4.26	0.71	0.55	0.66	1.35	0.81	0.14
ENSG00000069696:DRD4	0.79	1.39	3.58	2.01	1.39	0.18	0.02	0.01	1.8	0.38
ENSG00000069702:TGFBR3	94.5	85.47	89.89	46.92	115.03	74.47	0.93	2.58	3.43	0.79
ENSG00000069764:PLA2G10	0	0.62	0.11	0.18	3.33	2.31	6.3	8.05	43.24	6.4
ENSG00000069812:HES2	52.65	50.89	0.04	0.19	15.78	24.26	0.12	0.41	0	0
ENSG00000069869:NEDD4	250.38	310.39	249.72	185.34	3.74	2.83	2.31	3.57	0.03	0
ENSG00000069943:PIGB	5.98	8.96	8.19	8.53	4.98	5.43	0.8	1.11	4.31	13.62
ENSG00000069966:GNB5	2.1	4.45	3.42	2.99	8.1	9.41	0.99	2.07	1.86	2
ENSG00000069998:HDHD5	6.9	4.37	9.33	7.88	20.63	25.67	0.2	0.5	4.99	2.63
ENSG00000070010:UFD1	38.79	52.44	82.31	66.21	44.48	37.55	3.94	8.86	74.19	60.63
ENSG00000070018:LRP6	13.03	19.89	26.35	17.65	6.55	4.62	3.4	8.03	8.49	2.04
ENSG00000070019:GUCY2C	0	0.05	0.1	0.4	0.69	0.64	0.13	0.27	1.25	0.68
ENSG00000070047:PHRF1	10.25	14.28	63.83	74.1	31.06	30.69	3.18	11.86	17.92	17.84
ENSG00000070061:ELP1	11.33	11.75	26.99	26.48	8.86	6.96	1.54	3.61	7.38	1.46
ENSG00000070087:PFN2	75.43	83.74	10.66	10.87	23.58	20.93	3.64	5.98	39.24	4.27
ENSG00000070159:PTPN3	17.25	21.9	37.45	17.62	20.27	17.04	2.42	6.26	7.16	2.2
ENSG00000070182:SPTB	4.53	6.07	0.88	0.7	1.99	1.34	0.6	2.43	7.03	0.59
ENSG00000070190:DAPP1	5.66	7.21	3.58	8.29	6.85	7.15	1.99	2.83	1.31	1.26
ENSG00000070193:FGF10	0.67	3.01	0.08	0	0.57	0.86	0	0.02	0.21	0
ENSG00000070214:SLC44A1	66.91	42.51	49.37	40.05	57.98	78.47	18.02	27.79	4.89	11.95
ENSG00000070269:TMEM260	11.13	14.51	10.24	7.56	12.21	16.11	3.93	7.4	2.53	1.74
ENSG00000070366:SMG6	7.16	10.43	27.48	20.68	17.92	18.36	1.06	3.01	25.17	26.16
ENSG00000070367:EXOC5	25.24	24.55	30.84	25.47	21.28	17.96	6.88	10.09	41.24	11.73
ENSG00000070388:FGF22	0.95	1.65	0.13	0	0.77	0.15	0.2	0.78	3.64	5.19
ENSG00000070404:FSTL3	35.62	119.62	76.5	47.23	14.52	13.51	3.35	9.39	1.92	7.94
ENSG00000070413:DGCR2	17.91	20.63	37.19	31.16	65.19	72.2	5.73	17.02	29.72	36.13
ENSG00000070495:JMJD6	11.62	13.11	39.42	29.85	18.69	24.89	4.32	11.66	74.31	39.87
ENSG00000070501:POLB	10.28	12.79	24.42	24.41	16.1	16.53	4.93	7.49	56.28	58.8
ENSG00000070540:WIPI1	75.17	87.73	81.98	71.33	42.17	19.81	2.82	7.29	29.06	37.44
ENSG00000070601:FRMPD1	8.98	9.85	34.96	16.41	0.63	0.65	0.02	0.03	3.65	3.08
ENSG00000070610:GBA2	51.56	63.86	36.83	14.78	28.47	29.7	4.06	12.41	45.73	37
ENSG00000070614:NDST1	10.44	15.92	54.28	52.3	19.25	12.36	2.82	11.42	5.2	2.8
ENSG00000070669:ASNS	2.68	3.95	25.18	19.24	11.86	13.95	0.92	1.12	11.55	39.38
ENSG00000070718:AP3M2	11.54	10.66	8.5	5.34	3.27	2.63	0.03	0.19	3.49	6.57
ENSG00000070731:ST6GALNAC2	11.05	20.88	34.2	18.82	75.36	63.51	1.95	5.37	0.32	0.51
ENSG00000070748:CHAT	0.38	2.24	0.04	0	0	0	0.01	0.08	0	0
ENSG00000070759:TESK2	12.92	10.99	15.15	14.29	59.68	60.63	1.26	2.05	10.89	9.39
ENSG00000070761:CFAP20	43.75	46.91	58.48	49.53	23.41	22.86	4.76	9.74	11.55	44.89
ENSG00000070770:CSNK2A2	52.75	65.57	71.37	61.1	21.65	16.06	3.2	7.5	14.22	21.33
ENSG00000070785:EIF2B3	4.46	4.36	11.08	8.37	9.05	10.89	2.19	3.29	25.48	28.49
ENSG00000070831:CDC42	171.46	186.75	313.61	280.59	572	511.36	56.95	82.61	222.39	208.88
ENSG00000070882:OSBPL3	5.94	10.85	15.42	8.47	13.47	12.71	2.45	7.62	27.85	19.66
ENSG00000070886:EPHA8	0	0	0.05	0.07	0	0	0	0	0.36	0.1
ENSG00000070915:SLC12A3	0.07	0.26	0.36	0.32	0.4	0.34	0	0.04	0.16	0.25
ENSG00000070950:RAD18	4.12	6.25	3.65	4.65	16.79	15.14	0.86	1.31	3.38	0.26
ENSG00000070961:ATP2B1	20.9	24.16	77.23	59.05	40.38	31.53	9.82	20.37	54.42	9.24
ENSG00000071051:NCK2	26.15	39.73	30.41	25.89	37.31	34.66	6.15	10.94	8.47	4.63
ENSG00000071054:MAP4K4	31	44.12	153.76	72.06	54	50.2	11.73	24.53	11.68	1.94
ENSG00000071073:MGAT4A	7.58	15.12	146.01	70.69	13.32	13.63	9.13	14.55	2.74	1.12
ENSG00000071127:WDR1	69.61	92.95	190.15	138.57	185.46	153.79	17.96	42	413.43	131.41
ENSG00000071189:SNX13	23.46	27.2	14.64	12.14	13.41	10.84	7.52	11.73	33.05	21.51
ENSG00000071205:ARHGAP10	5.35	7.81	73.28	61.8	38.84	30.05	6.47	11.69	4.22	2.65
ENSG00000071242:RPS6KA2	9.6	11.88	16.4	12.22	26.2	17.3	0.17	0.48	1.07	0.14
ENSG00000071243:ING3	16.55	16.98	9.99	9.16	8.67	8.27	2.78	4.19	15.16	5.33
ENSG00000071246:VASH1	12.62	16.6	1.57	1.59	8.32	7.26	0.73	1.52	4.35	1.24
ENSG00000071282:LMCD1	16.16	31.79	100.58	67.48	147.28	56.3	6.19	17.28	10.01	8.32
ENSG00000071462:BUD23	39.76	46.68	28.53	25.75	79.21	62.95	5.83	14.24	29.76	29.05
ENSG00000071537:SEL1L	50.87	50.37	82.1	61.95	48.79	45.33	12.11	27.86	37.01	8.52
ENSG00000071539:TRIP13	2.13	1.73	2.66	2.44	6.53	5.09	0.56	1.39	1.55	0.78
ENSG00000071564:TCF3	14.8	21.2	24.84	15.69	15.75	15.48	2.07	5.21	28.28	19.54
ENSG00000071575:TRIB2	17.89	23.19	5.24	4.31	5.31	6.22	3.87	12.89	8.46	3.26
ENSG00000071626:DAZAP1	56.03	67.35	74.84	59.69	45.28	44.61	4.24	11.5	19.25	33.17
ENSG00000071794:HLTF	3.86	5.32	11.63	11.47	6	5.9	2.38	4.8	11.37	2.11
ENSG00000071859:FAM50A	64.15	88.52	38.4	39.91	59.57	57.45	4.81	15.62	73.87	17.6
ENSG00000071889:FAM3A	31.49	33.68	42.38	34.44	35.35	30.23	4.14	12.46	27.16	69.63
ENSG00000071909:MYO3B	0.15	0.06	1.26	1.02	0.11	0.18	0	0	0.56	0.19
ENSG00000071967:CYBRD1	8.16	17.24	2.27	2.06	19.29	6.03	10.16	24.44	50.09	18.36
ENSG00000071991:CDH19	1.35	2.3	0.14	0	0	0	0	0	0.02	0
ENSG00000071994:PDCD2	29.52	34.35	16.36	22.29	10.96	11.76	0.07	0.3	7.88	4.36
ENSG00000072041:SLC6A15	7.48	5.74	0.56	2.34	0.84	0.7	0.06	0.34	0.03	0.09
ENSG00000072042:RDH11	19.07	23.73	23.92	32.79	120.99	146.92	7.65	8.57	7.77	13.34
ENSG00000072062:PRKACA	26.95	31.4	35.83	30.16	21.49	19.22	2.42	7.65	65.48	136.94
ENSG00000072071:ADGRL1	3.98	6.16	8.72	5.14	2.72	2.63	0.26	1.18	3.22	1.03
ENSG00000072080:SPP2	1.22	2.46	2.63	689.28	0	0	0	0	1.83	7.28
ENSG00000072110:ACTN1	23.41	50.62	104.99	91.67	152.03	131.5	13.71	35.5	208.26	57.83
ENSG00000072121:ZFYVE26	9.26	12.44	29.37	32.97	12.96	12.48	1.95	7.27	1.69	0.44
ENSG00000072133:RPS6KA6	3.63	4.06	90.1	25.98	11.4	12.83	0	0.01	11.87	12.17
ENSG00000072134:EPN2	26.2	30.02	46.45	35.28	18.36	13.16	2.19	8.28	21.11	5.06
ENSG00000072163:LIMS2	9.59	23.07	93.44	88.67	43.7	41.34	3.21	14.05	31.03	9.13
ENSG00000072195:SPEG	2.07	12.75	20.55	13.93	16.69	14.37	0.2	1	0.76	3.04
ENSG00000072201:LNX1	16.64	17.88	11.39	6.15	13.78	10.9	0.6	2.03	1.09	2.8
ENSG00000072210:ALDH3A2	6.3	11.35	49.14	47.05	68.54	66.73	7.75	18.19	92.26	79.86
ENSG00000072274:TFRC	211.35	200.26	518.91	151.88	194.42	119.61	16.45	24.59	9.25	3.53
ENSG00000072310:SREBF1	38.7	81.15	57.6	39.56	30.48	27.49	3.72	15.72	8.79	6.19
ENSG00000072315:TRPC5	0.05	0	0.02	0	0.42	0.67	0.01	0.03	0	0
ENSG00000072364:AFF4	27.91	30.8	67.92	31.41	35.86	32.85	6.9	14.73	14.31	0.64
ENSG00000072401:UBE2D1	8.2	10.09	22.64	17.02	11.5	9.76	3.24	4.54	20.3	24.52
ENSG00000072415:PALS1	28.51	35.65	36.7	20.97	36.2	37.12	3.72	6.47	48.79	3.8
ENSG00000072422:RHOBTB1	166.35	252.21	8.21	13.86	10.23	12.34	2.11	6.02	1.45	1.31
ENSG00000072501:SMC1A	32.19	24.43	24.21	25.89	17.69	13.78	4.19	10.4	48.61	16.15
ENSG00000072506:HSD17B10	33.43	19.09	18.05	20.56	62.86	68.21	8.15	15.26	7.9	49.97
ENSG00000072518:MARK2	26.75	32.54	49.19	38.68	43.96	39.26	3.51	9.36	31.63	8.52
ENSG00000072571:HMMR	4.97	3.9	0.52	0.6	9	9.81	0.5	0.6	3.61	0.23
ENSG00000072609:CHFR	27.27	30.77	40.77	32.38	24.54	21.51	4.15	9.12	10.05	8.42
ENSG00000072657:TRHDE	0	0.43	0.01	0	0	0	0.27	0.64	2.63	0.71
ENSG00000072682:P4HA2	10.86	13.95	91.21	68.89	87.07	53.82	4.76	12.49	35.21	23.94
ENSG00000072736:NFATC3	10.29	12.03	26.08	16.94	11.22	14.09	2.93	6.11	5.75	1.82
ENSG00000072756:TRNT1	17.12	19.75	24.23	17.12	24.66	17.37	1.68	2.03	34.31	13.12
ENSG00000072778:ACADVL	752.35	944.19	54.19	37.45	159.54	177.25	8.13	17.99	194.58	153.7
ENSG00000072786:STK10	24.69	44.1	10.39	6.27	37.07	41.39	5.26	10.22	111.13	4.08
ENSG00000072803:FBXW11	20.72	28.08	52.74	33.86	26.04	21.54	4.57	8.16	50.48	7.5
ENSG00000072818:ACAP1	3.66	4.64	1.78	1.97	28.11	34.85	5.27	11.89	0.84	1.24
ENSG00000072832:CRMP1	2.59	4.43	0.88	0.8	0.07	0.1	0.02	0.04	0.15	0.24
ENSG00000072840:EVC	1.35	4.14	3.62	3.91	4.13	2.08	0.31	0.74	2.69	1.21
ENSG00000072849:DERL2	47.44	51.95	37.18	38.52	73.79	70.23	12.32	18.33	36.77	83.23
ENSG00000072858:SIDT1	0.52	0.39	0.15	0	0.22	0.25	0.04	0.04	0.67	0.49
ENSG00000072864:NDE1	7.89	9.32	29.9	22.83	10.11	10.78	1.36	2.35	44.76	17.1
ENSG00000072952:IRAG1	5.84	9.17	4.92	6.28	4.3	2.16	1.59	4.97	7.67	1.79
ENSG00000072954:TMEM38A	0.52	0.58	7.59	7.16	2.21	1.39	1.12	1.46	1.26	1.14
ENSG00000072958:AP1M1	15.84	22.16	36.38	35.02	31.81	35.47	2.31	6.94	31.47	15.81
ENSG00000073060:SCARB1	265.79	296.51	33.49	125.44	57.61	76.06	2.13	7.33	25.14	50.78
ENSG00000073067:CYP2W1	0.04	0.99	0	0	0.83	0.81	0.03	0.08	0.77	0.38
ENSG00000073111:MCM2	13.41	13.9	5.96	3.96	35.41	27.57	0.59	1.14	11.12	10.28
ENSG00000073146:MOV10L1	0.21	0.41	0.27	0	0.08	0.11	0	0	0.09	0.04
ENSG00000073150:PANX2	0.11	0.31	0.33	0	0.37	0.24	0.05	0.19	0.14	0.19
ENSG00000073169:SELENOO	8	12.58	7.31	9.71	34.49	32.88	0.8	3.27	20.06	51.67
ENSG00000073282:TP63	9.41	11.68	1.68	1.22	5.73	6.99	3.35	5.29	9.91	5.92
ENSG00000073331:ALPK1	9.02	12.29	2.22	3.01	1.42	0.92	1.39	3.54	1.25	0.5
ENSG00000073350:LLGL2	6.91	11.31	122.41	150.44	105.91	100.24	4.8	13.3	82.08	70.61
ENSG00000073417:PDE8A	27.32	36.73	23	13.73	26.03	18.36	2.38	4.73	5.24	9.21
ENSG00000073464:CLCN4	0.42	0.6	29.53	23.76	6.09	4.97	0.07	0.16	3.42	0.8
ENSG00000073536:NLE1	2.48	1.85	4.31	7.2	5.94	5.99	1.2	3.31	5.35	25.05
ENSG00000073578:SDHA	62.11	67.95	93.44	79.23	147.76	143.3	16.02	33.44	131.44	43.45
ENSG00000073584:SMARCE1	74.57	88.07	95.63	73.02	45.27	40.35	5.98	11	123.41	51.78
ENSG00000073598:FNDC8	0.04	0	0.06	0.19	0	0	0.02	0.02	0	0
ENSG00000073614:KDM5A	14.79	16.24	45.4	26.12	21.43	17.97	3.93	7.35	14.43	1.98
ENSG00000073670:ADAM11	0.09	0.33	0.64	0.67	0.56	0.39	0.16	0.3	0.04	0.07
ENSG00000073711:PPP2R3A	8.92	11.46	41.17	24.04	9.7	5.18	2.72	4.16	23.76	2.42
ENSG00000073712:FERMT2	90.15	130.23	152.47	102.96	128.13	125.61	14.95	28.66	28.18	10.91
ENSG00000073734:ABCB11	0.38	0.44	0.3	1.18	0.87	1.79	4.42	23.72	0.04	0.02
ENSG00000073737:DHRS9	2.22	1.36	21.56	23.27	267.02	532.41	2.09	1.9	0.45	0
ENSG00000073756:PTGS2	0.94	2.95	20.41	11.04	1126.23	1697.78	91.93	176.89	191.13	77.91
ENSG00000073792:IGF2BP2	39.86	46.58	37.33	51.99	46.68	47.23	3.26	10.22	12.88	5.99
ENSG00000073803:MAP3K13	17.84	20.12	1.02	0.31	5.13	1.43	4.08	8.08	1.01	1.02
ENSG00000073849:ST6GAL1	5.21	18.61	56.26	80.77	9.55	6.49	1.05	2.45	1.27	1.75
ENSG00000073861:TBX21	0.2	0.38	0.09	0.03	0.13	0.02	0.05	0.11	0	0
ENSG00000073921:PICALM	239.63	270.03	127.91	111.8	190.45	135.03	28.88	39.68	38.72	63.77
ENSG00000073969:NSF	16.19	15.45	48.72	40.64	34.36	33.86	2.58	4.91	28.4	10.3
ENSG00000074047:GLI2	0.15	0.71	0.61	0.38	0.08	0.06	0.05	0.14	0.65	0.21
ENSG00000074054:CLASP1	11.12	17.46	22.89	13.5	21.68	14.7	3.07	8.06	12.21	0.98
ENSG00000074181:NOTCH3	38.9	53.55	5.76	5.85	8.47	10.13	2.03	10.31	5.93	3.18
ENSG00000074211:PPP2R2C	0.96	0.3	8.27	4.44	0	0	0.32	0.64	2.92	0.35
ENSG00000074266:EED	13.2	15.13	53.63	43.77	31.41	32.28	4.39	6.88	16.44	15.91
ENSG00000074276:CDHR2	0.02	0.26	0.65	72.26	0.01	0	0.01	0.01	0.16	2.13
ENSG00000074317:SNCB	0	0.09	0	0	0.41	0.9	0.01	0	0	0.42
ENSG00000074370:ATP2A3	2.01	4.21	8.12	7.58	60.99	54.95	0.53	1.04	1.35	0.99
ENSG00000074410:CA12	0.14	0.42	0.37	0.06	13.36	12.87	1.33	2.29	5.5	8.96
ENSG00000074416:MGLL	18.82	36.79	41.36	29.08	86.84	130.05	11.16	36.26	42.68	16.34
ENSG00000074527:NTN4	4.68	13.88	23.92	23.72	3.59	3.05	7.31	9.18	89.25	95.41
ENSG00000074582:BCS1L	14.61	22.8	6.14	6.73	12.82	11.96	1.13	3.19	11.96	38.73
ENSG00000074590:NUAK1	0.54	2.4	11.21	4.7	16	12.02	0.75	2.04	29.72	8.45
ENSG00000074603:DPP8	16.41	20.97	44.81	29.44	21.97	20.52	2.28	4.03	8.94	3.87
ENSG00000074621:SLC24A1	8.34	7.56	0.05	0.09	0.09	0.12	0.07	0.18	0.05	0
ENSG00000074657:ZNF532	15.83	27.08	12.51	8.05	8.71	10.28	1.49	3.49	3.85	5.69
ENSG00000074660:SCARF1	7.05	13.26	5.4	4.72	15.78	18.22	1.86	4.58	3.26	13.18
ENSG00000074695:LMAN1	74.31	71.03	64.02	52.84	43.79	35.32	7.13	12.95	144.34	49.8
ENSG00000074696:HACD3	42.22	50.67	20.62	22.69	9.84	7.63	9.26	16.14	26.02	16.17
ENSG00000074755:ZZEF1	23.9	27.58	32.71	20.94	10.89	7.57	2.78	7.84	16.11	12.64
ENSG00000074771:NOX3	0	0	0.19	0	0	0	0.1	0.27	0.03	0
ENSG00000074803:SLC12A1	0.02	0.02	0.15	0.17	0.02	0	0	0.02	4.07	0.7
ENSG00000074855:ANO8	2.37	4.6	11.77	8.32	9.89	11.58	0.95	3.83	30.45	69.99
ENSG00000074935:TUBE1	9.15	17.06	1.2	2.36	7.21	4.97	0.32	0.37	1.07	1.13
ENSG00000074964:ARHGEF10L	4.79	14.56	7.7	18.29	25.96	23.81	4.54	10.56	11.87	5.36
ENSG00000074966:TXK	38	32.24	0.21	0.91	1.32	1.62	0.03	0.04	0.03	0.42
ENSG00000075035:WSCD2	0.05	0.28	6.39	2.39	0.57	0.28	0.01	0.02	0	0
ENSG00000075043:KCNQ2	0.1	0.1	0.08	0.27	0	0	0	0	0.07	0.02
ENSG00000075073:TACR2	0.2	0.07	0	0	0.98	0.56	0.03	0.07	0	0
ENSG00000075089:ACTR6	13.93	18.44	11.19	7.11	10.19	11.49	2.25	3.79	13.62	12.69
ENSG00000075131:TIPIN	3.32	2.67	12.15	10.86	19.31	17.12	0.52	0.85	8.54	9.15
ENSG00000075142:SRI	54.63	65.91	396.08	298.87	76.29	86.31	11.4	18.13	47.45	57.17
ENSG00000075151:EIF4G3	9.41	14.03	63.29	45.12	64.44	48.14	2.68	6.7	35.6	14.31
ENSG00000075188:NUP37	12.66	12.43	8.56	5.42	6.11	5.96	0.25	0.35	11.7	27.49
ENSG00000075213:SEMA3A	4.61	4.74	4.28	2.06	0.16	0.07	0.16	0.22	1.5	0.56
ENSG00000075218:GTSE1	2.11	2.12	1.51	0.78	9.9	10.92	0.04	0.05	0.64	0.41
ENSG00000075223:SEMA3C	1.15	2.81	1.6	2.12	5.79	2.17	1.53	1.2	1.37	0.33
ENSG00000075234:TTC38	5.75	7.6	6.95	9.51	6.08	7.79	1.02	3.26	17.62	20.58
ENSG00000075239:ACAT1	18.66	24.41	21.02	24.03	43.58	48.51	12.3	18.25	28.54	24.88
ENSG00000075290:WNT8B	0.02	0.08	0.12	0	0.18	0.09	0.01	0.04	0	0
ENSG00000075292:ZNF638	63.64	89.06	27.6	31.02	46.32	47.1	7.79	14.45	82.59	20.86
ENSG00000075303:SLC25A40	4.13	4.83	25.74	13.67	11.75	9.28	1.72	2.9	3.27	2.95
ENSG00000075336:TIMM21	22.09	26.44	25.26	22.63	33	33.1	2.6	4.56	11.86	30.08
ENSG00000075340:ADD2	0.18	0.18	23.57	5.21	0.33	0.14	0.04	0.01	2.3	0.09
ENSG00000075388:FGF4	0	0	0	0	0	0	0	0	0	0.02
ENSG00000075399:VPS9D1	6.6	12.05	15.41	9.84	5.08	5.18	0.52	1.39	6.33	6.47
ENSG00000075413:MARK3	49.05	59.41	109.13	89.59	34.15	31.7	6.63	12.77	35.77	22.77
ENSG00000075415:SLC25A3	196.42	195.7	277.83	276.77	247.59	219.75	88.51	148.86	117.23	434.39
ENSG00000075420:FNDC3B	60.32	76.9	169.74	68.57	34.09	30.01	9.12	21.61	36.47	8.83
ENSG00000075426:FOSL2	8.09	27.11	77.97	49.7	134.76	60.49	8.24	30.14	30.44	46.51
ENSG00000075461:CACNG4	0.43	1.73	0.67	1.13	0	0	0	0.07	0.21	0
ENSG00000075539:FRYL	28.62	32.76	27.66	16.69	10.9	10.44	6.03	15.74	6.18	1.11
ENSG00000075568:TMEM131	27.02	39.56	27.09	20.32	45.56	26.03	2.55	5.5	10.3	6.98
ENSG00000075618:FSCN1	16.69	30.09	112.61	50.64	162.67	176.54	4.91	10.12	19.1	6.37
ENSG00000075643:MOCOS	11.05	4.32	5.32	5.78	3.96	5.14	0.15	0.5	0.46	1.61
ENSG00000075651:PLD1	4.23	8.84	12.71	13.93	30.81	29.34	2.66	6.53	3.3	2.03
ENSG00000075702:WDR62	2.06	2.55	43.6	20.18	4.75	4.01	0.39	1.4	4.72	5.72
ENSG00000075711:DLG1	44.97	50.31	43.99	31.43	30.44	27.69	6.67	12.46	34.64	11.8
ENSG00000075785:RAB7A	199.51	217.41	226.54	206.04	279.61	258.12	12.16	33.28	300.21	115.44
ENSG00000075826:SEC31B	6.73	9.65	1.14	0.61	2.4	3.62	0.12	1.08	8.98	9.82
ENSG00000075884:ARHGAP15	0.92	1.99	0.42	0.32	1	0.94	0.41	0.27	0.44	0.14
ENSG00000075891:PAX2	0.01	0	1.07	0.32	29.36	9.38	0.06	0.49	2.43	7.71
ENSG00000075914:EXOSC7	12.05	13.65	19.11	19.07	40.04	36.48	3.3	5.74	23.02	26.7
ENSG00000075945:KIFAP3	6.89	8.71	18.44	10.99	12.68	12.47	2.33	3.67	16.66	6.37
ENSG00000075975:MKRN2	11.92	14.86	10.05	11.66	18.39	19.47	2.65	5.43	17.26	9.95
ENSG00000076003:MCM6	6.67	6.5	19.26	15.69	17.39	16.81	2.25	4.08	11.95	13.43
ENSG00000076053:RBM7	29.69	36.37	37.62	31.56	35.39	38.96	5.35	7.52	23.39	4.54
ENSG00000076201:PTPN23	15.47	21.56	51.96	35.64	48.59	60.81	1.29	5.2	4.38	0.48
ENSG00000076242:MLH1	35.43	37.71	13.19	8.85	35.31	50.56	0.94	2.27	2.27	13.02
ENSG00000076248:UNG	13.04	14.61	1.36	2.31	10.68	9.18	1.52	2.57	1.2	0.67
ENSG00000076321:KLHL20	14.5	20.36	12.59	11.33	8.18	7.91	3.59	6.33	14.05	15.64
ENSG00000076344:RGS11	1.93	5.54	2.56	1.67	0.92	2.14	0.02	0.07	2.55	0.89
ENSG00000076351:SLC46A1	7.09	13.09	21.45	15.85	4.06	3.95	4.36	16.83	8.14	5.82
ENSG00000076356:PLXNA2	12.05	24.45	11.37	6.43	20.67	27.26	0.33	1.42	2.72	0.65
ENSG00000076382:SPAG5	7.66	11.69	2.14	1.28	5.19	5.15	0.13	0.15	2.03	0.68
ENSG00000076513:ANKRD13A	74.47	96.32	106.43	64.3	46.99	33.89	5.14	8.49	21.77	6.44
ENSG00000076554:TPD52	45.56	53.08	47.1	44.08	119.99	119.13	5.09	10.8	417.48	135.84
ENSG00000076604:TRAF4	29.59	46.37	18.13	19.85	33.87	20.14	3.86	9.76	57.03	110.69
ENSG00000076641:PAG1	13.42	15.28	9.04	5.25	2.47	1.33	0.64	1.57	4.21	0.18
ENSG00000076650:GPATCH1	6.3	7.88	13.63	10.76	14.26	13.34	1.66	2.75	13.48	5.37
ENSG00000076706:MCAM	39.23	64.55	49.77	44.37	29.48	43.17	14.81	41.2	25.03	26.24
ENSG00000076716:GPC4	12.51	12.09	11.75	8.55	25.01	26.38	0.75	2.61	33.21	8.41
ENSG00000076770:MBNL3	185.79	160.36	76.1	34.08	16.42	9.61	7.96	16.52	0.67	1.82
ENSG00000076826:CAMSAP3	6.33	8.12	42.88	31.04	39.5	38.1	1.2	6.05	12.3	26.73
ENSG00000076924:XAB2	16.66	20.63	35.84	28.83	30.25	29.44	3.62	9.36	41.36	36.01
ENSG00000076944:STXBP2	62.67	91.11	101.43	96.91	84.33	77.46	5.11	13.07	71.08	71.32
ENSG00000076984:MAP2K7	21.39	31.22	28.9	23.39	40.63	37.99	2.8	8.76	31.51	6.73
ENSG00000077009:NMRK2	0	0	0.08	0	0	0	0.04	0.23	0	0.08
ENSG00000077044:DGKD	16.53	23.81	50.36	34.39	53.76	74.55	2.91	10.26	6.54	2.96
ENSG00000077063:CTTNBP2	0.33	1.11	0.66	0.22	10.86	3.92	0.55	1	54.62	18.82
ENSG00000077092:RARB	5.43	8.1	1.34	0.74	4.24	4.67	0.95	1.92	1.18	0.5
ENSG00000077097:TOP2B	73.37	84.6	48.34	44.82	50.57	38.34	10.54	18.15	59.11	26.52
ENSG00000077147:TM9SF3	117.21	106.86	184.33	120.83	91.87	82.02	30.57	48.79	201.63	70.46
ENSG00000077150:NFKB2	11.87	16.47	11.28	12.27	24.39	21.4	3.93	8.76	2.99	6.4
ENSG00000077152:UBE2T	8.63	5.66	1.6	1.41	32.49	29.81	0.51	0.93	5.12	2.14
ENSG00000077157:PPP1R12B	16.99	31.49	9.56	7.13	2.27	1.75	1.16	3.9	6.39	0.69
ENSG00000077235:GTF3C1	14.64	21.08	14.66	11.1	9.96	8.17	1.81	5.96	9.9	2.34
ENSG00000077238:IL4R	28.87	36.94	31.89	77.25	7.85	6.79	0.34	1.22	1.74	1.55
ENSG00000077264:PAK3	4.57	5.03	0.09	0.06	8.61	10.37	1.22	2.31	0.6	0.38
ENSG00000077274:CAPN6	354.09	443.52	5.99	5.2	929.5	1198.06	80.56	184.92	0.01	0.04
ENSG00000077312:SNRPA	71.04	99.67	41.83	39.5	33.17	32.87	1.3	3.22	6.07	22.69
ENSG00000077380:DYNC1I2	46.99	56.33	82.27	73.77	72.44	72.26	11.5	19.22	113.59	38.49
ENSG00000077420:APBB1IP	1.54	6.3	12.87	6.89	9.4	5.65	0.27	0.78	1	0.91
ENSG00000077454:LRCH4	37.54	69.19	16.27	14.5	17.94	16.28	1.3	5.23	85.17	53.06
ENSG00000077458:FAM76B	23.22	29.67	15.18	9.84	12.51	11.07	1.16	2.46	8.86	1.66
ENSG00000077498:TYR	0	0.03	0.36	0.1	0	0.04	0.19	0.23	0.31	0.72
ENSG00000077522:ACTN2	0.07	0.39	0.72	0.34	0.07	0.06	0.02	0.18	0.8	0.08
ENSG00000077549:CAPZB	99.45	115.58	246.73	210.29	313.71	292.17	7.05	16.85	209.33	133.33
ENSG00000077585:GPR137B	10.6	17.85	98.02	42.97	32.73	21.18	1.81	4.27	4.9	12.92
ENSG00000077616:NAALAD2	5.11	16.65	2.2	2.31	0.49	0.56	0.22	1.96	0.12	0
ENSG00000077684:JADE1	5.92	7.73	114.84	47.59	23.46	28.41	1.01	2	1.4	1.08
ENSG00000077713:SLC25A43	6.86	16.44	2.36	3.23	5.39	2.98	0.52	0.87	6.33	4.76
ENSG00000077721:UBE2A	154.13	152.53	91.35	78.22	17.04	15.25	5.47	10.21	69.12	64.24
ENSG00000077782:FGFR1	30.6	54.58	749.42	330.97	3.55	4.08	6.07	23.41	4.22	5.18
ENSG00000077800:FKBP6	0.03	0.07	2.07	0.59	0.3	0.15	0	0	1.23	1.67
ENSG00000077935:SMC1B	0.07	0.09	0.74	0.13	5.24	4.1	0.06	0.05	3.49	4.09
ENSG00000077942:FBLN1	2951.73	3913.1	360.08	254.71	438.59	242.94	6.56	26.72	1237.34	1934.48
ENSG00000077943:ITGA8	0.04	0.04	2.52	1.72	29.78	7.71	0.53	1.11	7.31	1.45
ENSG00000077984:CST7	1.15	1.7	0.53	0.09	0.85	0.6	0.08	0	0	0.23
ENSG00000078018:MAP2	0.69	0.79	0.78	0.25	3.75	2.07	0.76	1.12	1.43	0.05
ENSG00000078053:AMPH	0.18	0.07	0.22	1.58	0	0	1.6	1.35	0.07	0.03
ENSG00000078061:ARAF	41.34	45	55.54	53.83	113.97	125.55	5.09	22.44	9.62	11.51
ENSG00000078070:MCCC1	8.84	9.8	5.85	7.61	12.67	14.48	5.7	8.59	17.48	1.95
ENSG00000078098:FAP	4.08	10.37	1.64	1.81	1.81	5.05	3.2	6.46	1.28	1.88
ENSG00000078114:NEBL	30.37	35.14	3.37	1.77	0.08	0.13	4.74	11.61	2.08	0.06
ENSG00000078124:ACER3	63.86	45.73	14.75	9.6	14.24	6.95	11.51	18.96	8.35	5.72
ENSG00000078140:UBE2K	49.99	47.39	55.63	62.54	241.58	203.48	4.15	6.57	55.88	23.68
ENSG00000078142:PIK3C3	19.81	23.36	17.43	17.23	18.55	16.14	4.32	6.96	13.94	5.56
ENSG00000078177:N4BP2	8.52	7.83	44.35	19.07	13.61	12.29	2.72	4.71	10.16	1.29
ENSG00000078237:TIGAR	9.82	6.55	1.88	2.07	19.14	17.74	0.7	2.11	6.33	7.17
ENSG00000078246:TULP3	13.81	17.23	9.56	8.44	14.06	12.15	0.7	1.83	3.34	1.84
ENSG00000078269:SYNJ2	7.95	7.9	4.84	3.68	7.8	9.4	1.78	4.09	71	7.33
ENSG00000078295:ADCY2	2.68	0.89	2.2	1.4	0.58	0.36	0.01	0	0.9	0.87
ENSG00000078328:RBFOX1	0.01	0.07	0.22	0	0	0	0	0	0.07	0.38
ENSG00000078369:GNB1	91.5	110.81	454.55	324.11	206.14	204.64	22.2	43.63	48.89	47.76
ENSG00000078401:EDN1	5.08	8.94	9.92	11.72	12.58	13.79	2.26	6.23	13	4.13
ENSG00000078403:MLLT10	31.01	38.76	30.4	18.92	21.53	21.99	3.35	6.6	8.4	3.6
ENSG00000078487:ZCWPW1	1.3	2.54	2.35	1.77	3.95	5.6	0.09	0.11	6.11	3.91
ENSG00000078549:ADCYAP1R1	0.04	0.11	4.56	2.17	0.56	0.44	0.07	0.36	0.08	0
ENSG00000078579:FGF20	0.05	0.98	0.56	1.4	0	0	0	0	0	0.05
ENSG00000078589:P2RY10	0.49	0.17	0.19	0.09	0.37	0.36	0.03	0.01	0.15	0.22
ENSG00000078618:NRDC	87.69	97.62	67.72	52.76	32.15	28.75	6.5	11.96	115.58	48.99
ENSG00000078674:PCM1	56.27	79.75	20.16	15.36	15.96	14.58	3.88	6.94	66.6	25.47
ENSG00000078687:TNRC6C	0.58	1.73	10.05	8.15	8.75	8.27	0.47	2.41	7.96	1.23
ENSG00000078699:CBFA2T2	10.25	14.57	14.45	10.21	4.88	3.08	0.41	1.05	6.08	1.8
ENSG00000078747:ITCH	31.25	33.3	30.2	23.75	35.87	30.11	11.42	19.08	20.31	2.23
ENSG00000078795:PKD2L2	2.07	3.16	2.59	2.42	0	0	0.03	0.06	0.11	0.04
ENSG00000078804:TP53INP2	8.01	8.67	73.64	58.28	13.28	8.53	1.59	5.24	1.34	1.42
ENSG00000078898:BPIFB2	0	0	0.03	0.09	0	0	0	0	0.05	0.09
ENSG00000078900:TP73	0.04	0.21	0.04	0.04	3.25	3.93	0.07	0.42	1.27	0.52
ENSG00000078902:TOLLIP	16.24	19.85	55.93	46.8	95.02	78.89	8.32	26.1	21.03	44.93
ENSG00000079102:RUNX1T1	2.67	5.8	1.38	0.73	2.83	2.94	0.75	2.03	3.03	0.04
ENSG00000079112:CDH17	0	0	2.06	0.97	0.54	1.06	0.01	0	4.43	3.24
ENSG00000079134:THOC1	26.15	33.93	41.66	53.86	18.65	20.03	4.69	6.75	17.95	20.92
ENSG00000079150:FKBP7	4.12	8	23.61	23.47	27.26	20.91	1.43	3.26	14.56	18.17
ENSG00000079156:OSBPL6	0.27	0.41	3.23	11.59	2.57	2.22	0.35	1.11	1.1	0.38
ENSG00000079215:SLC1A3	8.54	22.06	0.76	0.45	42.68	47.44	32.21	50.5	6.33	2.71
ENSG00000079246:XRCC5	102.37	95.33	7.82	10.22	20	20.1	3.41	5.82	30.42	32.85
ENSG00000079257:LXN	7.35	15.28	13	23.03	28.78	39.82	10.33	13.65	18.07	149.7
ENSG00000079263:SP140	1.52	1.75	10.1	8.73	14.76	9.34	4.54	7.86	9.44	4.62
ENSG00000079277:MKNK1	20.22	46.47	27	18.01	54.56	33.81	2.62	7.15	6.02	12.83
ENSG00000079308:TNS1	46.1	59.5	102.05	117.88	74.08	66.45	5.05	22.26	47.49	9.02
ENSG00000079313:REXO1	26	39.94	20.05	20.19	25.56	21.29	1.96	7.23	13.28	2.74
ENSG00000079332:SAR1A	59.21	68.87	161.29	120.48	143.84	108.29	27.27	43.3	180.64	106.32
ENSG00000079335:CDC14A	5.72	7.43	3.23	8.53	1.55	1.24	1.37	3.18	21.98	2.86
ENSG00000079393:DUSP13B	0.07	0	3.15	2.29	0.19	0.18	0.04	0.04	0	0
ENSG00000079432:CIC	15.53	27.55	38.45	32.62	20.37	16.73	1.1	6.32	20.07	27.04
ENSG00000079435:LIPE	3.14	4.5	12.54	42.3	43.07	44.55	0.45	1.3	1.27	1.74
ENSG00000079459:FDFT1	60.31	60.72	52.53	105.95	28.11	23.31	9.46	35.76	24.43	14.14
ENSG00000079462:PAFAH1B3	2.7	3.56	33.09	33.81	18.06	18.11	2.03	4.54	13.62	28.02
ENSG00000079482:OPHN1	25	26.01	1.74	4.77	1.79	1.2	0.32	0.8	14.98	3.32
ENSG00000079557:AFM	0	0	2.4	4.3	0	0	0	0	3.69	1.81
ENSG00000079616:KIF22	31.75	28.95	2.64	1.92	23.71	17.63	0.38	0.72	6.69	11.18
ENSG00000079689:SCGN	0.85	0.71	0	6.76	0	0.32	0	0	0	0
ENSG00000079691:CARMIL1	4.55	9.4	23.15	14.44	37.46	29.57	1.9	3.35	12.57	4.66
ENSG00000079785:DDX1	47.3	50.29	30.65	28.88	77.71	57.41	7.94	14	136.98	135.74
ENSG00000079805:DNM2	48.49	60.39	112.45	94.95	70.89	63.49	8.18	22.86	96.29	57.55
ENSG00000079819:EPB41L2	42.9	67.89	48.02	32.98	23.08	23.32	4.01	8.59	12.45	3.61
ENSG00000079841:RIMS1	0.01	0	0.02	0	0.04	0.12	0.03	0.1	4.19	0.49
ENSG00000079931:MOXD1	1.46	1.91	1.07	0.79	0.03	0.1	0.03	0.12	1.02	0.85
ENSG00000079950:STX7	39.11	50.67	80.12	112.32	70.03	66.26	10.31	17.45	58.02	32.86
ENSG00000079999:KEAP1	20.74	26.22	29.09	26.42	45.56	38.66	5.98	13.47	30.52	30.91
ENSG00000080031:PTPRH	0	0.14	0.47	0.59	1	1.56	0.05	0.05	0.86	4.76
ENSG00000080166:DCT	0.11	0.13	0.46	0.23	0	0	0.02	0.19	0	0
ENSG00000080189:SLC35C2	48.23	54.43	23.62	22.25	51.39	48.36	2.57	5.87	18.14	47.62
ENSG00000080224:EPHA6	0	0.04	0.03	0	0	0	0	0	0	0
ENSG00000080293:SCTR	0	0.6	6.95	2.35	0	0.05	0.02	0.08	0.21	0.16
ENSG00000080298:RFX3	1.82	2.6	1.82	0.77	0.55	0.33	0.25	0.43	3.29	0.7
ENSG00000080345:RIF1	13.62	14.73	7.87	3.89	15.53	13.11	5.03	9.32	2.93	0.74
ENSG00000080371:RAB21	46.62	50.17	40.09	34.2	44.64	33.23	9.03	14.4	25.09	14.24
ENSG00000080493:SLC4A4	2.38	2.26	8.89	4.84	6.29	2.78	0.73	1.51	0.28	0.3
ENSG00000080511:RDH8	0	0.2	0.07	0	0	0	0	0	9.08	4.02
ENSG00000080546:SESN1	35.47	55.77	40	42.38	21.83	14.15	3.12	3.87	37.99	15.98
ENSG00000080561:MID2	1.41	1.69	16.13	7.6	1.19	1.27	1.89	4.81	26.59	16.99
ENSG00000080603:SRCAP	29.94	38.9	25.66	10.2	26.2	23.98	1.34	6.03	20.64	15.32
ENSG00000080608:PUM3	11.45	15.03	31.66	35.58	37.12	24.77	3.62	5.31	13.37	25.98
ENSG00000080618:CPB2	0	0	0.13	0	0.47	0.31	0.5	0.65	0	0.06
ENSG00000080644:CHRNA3	0.05	0.02	0.06	0	2.57	1.5	0	0.02	0	0
ENSG00000080709:KCNN2	0.03	0.08	0.32	0.16	1.21	1.14	1.01	2.63	0.54	0.28
ENSG00000080802:CNOT4	17.3	19.08	13.85	10.52	7.15	8.21	1.46	3.48	10.12	3.61
ENSG00000080815:PSEN1	47.18	57.7	89.97	77.61	104.72	74.08	17.87	32.01	11.4	2.18
ENSG00000080819:CPOX	14.15	16.82	18.85	29	11.77	13.03	8.62	14.62	16.51	4.63
ENSG00000080822:CLDND1	87.49	106.89	47.77	54.76	67.62	69.69	18.6	32.25	32.33	38.53
ENSG00000080823:MOK	6.54	6.2	2.44	1.87	0.43	0.69	0.31	0.73	6.67	3.79
ENSG00000080824:HSP90AA1	237.38	266.54	387.35	345.48	519.05	574.17	107.71	337	0	0
ENSG00000080839:RBL1	5.73	5.77	7.19	3.72	10.98	10.48	2.63	3.76	8.15	1.31
ENSG00000080845:DLGAP4	29	47.92	123.24	78.77	24.16	21.65	0.8	2.57	63.7	48.8
ENSG00000080854:IGSF9B	0.3	1.34	0.33	0.38	0.59	0.42	0.09	0.14	0.04	0.03
ENSG00000080986:NDC80	5.51	6.04	1.41	2.05	5.35	5.12	0.24	0.21	1.43	0.14
ENSG00000081014:AP4E1	11.57	11.79	10.5	5.51	8.02	6.26	1.83	2.78	5.03	0.55
ENSG00000081019:RSBN1	5.66	6.73	5.71	3.71	5.92	4.43	2.15	3.76	3.26	0.24
ENSG00000081026:MAGI3	4.49	6.44	21.34	14.49	11.16	9.27	1.83	3.45	58.96	6.8
ENSG00000081051:AFP	0	0	97.37	26353.59	0	0.04	0	0	757.24	1587.25
ENSG00000081059:TCF7	3	4.13	4.2	2.38	3.45	3.96	0.42	0.97	0.28	0.19
ENSG00000081087:OSTM1	39.69	29.89	30.73	22.77	20.75	15.81	8.51	12.16	8.9	2.41
ENSG00000081138:CDH7	0.01	0.05	0	0	0	0.15	0.01	0.02	3.51	0.53
ENSG00000081148:IMPG2	0.07	0.11	0.28	0.23	0.93	1.36	0.17	0.33	0.16	0.16
ENSG00000081154:PCNP	82.46	92.27	92.87	70.45	75.6	72.37	3.46	6.92	63.57	42.37
ENSG00000081177:EXD2	4.79	7.34	14.02	12.56	3.3	3.29	0.51	1.18	3.12	2.61
ENSG00000081181:ARG2	7.13	4.51	1.86	8.84	2.2	0.66	0.17	0.36	66.66	38.88
ENSG00000081189:MEF2C	14.96	29.68	3.02	3.84	4.14	4.21	4.65	7.01	6.99	1.12
ENSG00000081237:PTPRC	4.65	12.17	3.04	2.11	8.48	4.62	1.38	2.21	0.84	0.48
ENSG00000081248:CACNA1S	0.02	0.03	0.04	0.13	4.1	6.26	0.08	0.11	0.01	0.01
ENSG00000081277:PKP1	6.5	6.79	0.23	0.17	1.28	1.64	0.18	0.59	5.52	2.35
ENSG00000081307:UBA5	19.52	24.56	35.08	30.42	33.96	23.58	3.3	4.42	64.09	18.12
ENSG00000081320:STK17B	10.23	14.23	15.03	9.5	17.57	8.38	7.61	7.02	10.51	1.23
ENSG00000081479:LRP2	21.69	27.82	1.74	31.74	29.07	35.27	28.98	102.36	5.71	1.28
ENSG00000081692:JMJD4	2.94	3.62	3.92	3.46	7.89	6.71	1.08	2.56	6.31	23.36
ENSG00000081721:DUSP12	13.79	15.1	9.71	6.45	22.36	14.54	2.18	3.22	3.91	8.1
ENSG00000081760:AACS	7.56	7.63	23.61	18.11	12.56	5.14	1.95	4.63	21.68	17.75
ENSG00000081791:DELE1	49.18	71.16	56.64	37.59	23.29	20.81	3.07	8.06	13.64	27.9
ENSG00000081800:SLC13A1	0.01	0	0.14	0.18	0	0	0.22	0.52	0.23	0.03
ENSG00000081803:CADPS2	2.94	2.14	0.09	0.47	3.13	3.14	1.74	3.38	3.66	2.57
ENSG00000081870:IFT25	27.63	36	21.54	23.67	6.59	9.79	0.86	1.16	6.47	15.67
ENSG00000081913:PHLPP1	11.89	12.37	9.76	5.99	47.23	44.81	2.45	7.12	3.67	2.36
ENSG00000081923:ATP8B1	6.1	6.49	47.13	26.33	33.49	27.45	5.94	7.87	12.19	4.88
ENSG00000081985:IL12RB2	2.3	7.88	0.05	0.22	0.13	0.05	0.22	0.26	0.02	0.04
ENSG00000082014:SMARCD3	5.16	11.76	7.93	6.73	17.75	17.19	2.17	6.97	4.04	15.2
ENSG00000082068:WDR70	10.89	12.11	33.14	33.86	17.44	16.28	0.92	2.08	18.86	13.15
ENSG00000082074:FYB1	9.14	13.91	2.67	0.92	6.72	3.56	0.12	0.16	4.27	0.95
ENSG00000082146:STRADB	20.61	18.09	30.21	29.19	6.97	7.68	6.29	9.61	15.44	15.27
ENSG00000082175:PGR	0.51	0.92	22.33	15.51	9.62	6.57	0.02	0.07	8.7	20.85
ENSG00000082196:C1QTNF3	4.02	9.91	7.27	3.93	13.97	10.4	0.04	0.03	0.52	0
ENSG00000082212:ME2	12.49	21.66	10.91	21.67	25.1	21.17	13.61	17.3	1.87	0.67
ENSG00000082213:C5orf22	15.62	20.62	13.22	9.97	5.48	5.87	0.58	0.95	5	1.94
ENSG00000082293:COL19A1	0.01	0.07	0.02	0	0	0	0.01	0.03	0	0
ENSG00000082397:EPB41L3	46.57	76.39	22.31	30.78	69.41	74.16	7.23	18.14	23.85	1.65
ENSG00000082438:COBLL1	265.48	338.53	44.41	23.36	125.19	93.86	1.19	2.38	33.95	4.95
ENSG00000082458:DLG3	16.73	13.9	65.6	46.96	20.88	23.65	1.78	3.16	19.68	15.63
ENSG00000082482:KCNK2	0.06	0.13	7.12	1.41	0	0	0.01	0.01	0.04	0
ENSG00000082497:SERTAD4	8.52	6.51	3.51	1.45	5.13	5.07	0.42	0.98	1.47	1.59
ENSG00000082512:TRAF5	3.7	7.29	6.85	5.69	2.2	3.44	0.48	1.07	0.79	0.53
ENSG00000082516:GEMIN5	3.05	3.42	6.27	3.44	4.72	3.54	1.51	3.61	5.61	5.46
ENSG00000082556:OPRK1	2.88	8.59	0.01	0	0	0	0	0	0.07	0
ENSG00000082641:NFE2L1	55.63	64.44	136.69	102.27	171.01	154.7	13.66	30.75	116.15	28.01
ENSG00000082684:SEMA5B	1.17	3.68	1.55	0.69	0.27	0.23	0.06	0.07	0.45	3.37
ENSG00000082701:GSK3B	29.09	35.09	41.28	21.96	43	31.66	8.17	18.58	17.36	14.89
ENSG00000082781:ITGB5	61.74	64.98	281.61	233.7	74.06	48.12	10.3	25.57	6.15	5.15
ENSG00000082805:ERC1	13.42	14.82	18.15	10.48	49.33	46.95	4.21	11.58	16.68	0.48
ENSG00000082898:XPO1	93.33	101.35	61.63	37.88	46.11	52.98	13.62	23.57	34.36	24.04
ENSG00000082996:RNF13	67.41	74	35.66	36.17	60.59	54.41	19.26	25.21	84.91	40.92
ENSG00000083067:TRPM3	0.28	0.58	0.13	0.29	1.09	0.19	0.1	0.2	0.02	0.01
ENSG00000083093:PALB2	3.52	2.74	1.6	1.6	5.85	6.41	0.64	1.45	4.3	3.76
ENSG00000083097:DOP1A	13.17	13.76	21.28	14.38	6.12	4.38	1.99	3.41	4.34	1.96
ENSG00000083099:LYRM2	22.12	20.1	35.4	40.9	21.44	19.9	3.04	4.02	33.16	12.2
ENSG00000083123:BCKDHB	7.92	7.74	11.87	11.77	19.71	18.8	1.54	2.86	13.05	11.43
ENSG00000083290:ULK2	8.31	10.99	32.1	21.56	19.55	13.77	1.88	5	78.33	27.37
ENSG00000083307:GRHL2	25.25	27.37	29.61	17.69	21.39	15.21	2.46	7.54	5.71	10.59
ENSG00000083312:TNPO1	50.43	44.67	46.76	24.61	51.75	30.15	9.98	16.23	30.67	6.38
ENSG00000083444:PLOD1	25.58	38.95	166.39	131.65	36.65	33.83	2.89	9.75	9.91	12.72
ENSG00000083520:DIS3	15.48	16.2	10.45	8.45	14.46	14.74	1.75	3.28	13.81	6.77
ENSG00000083535:PIBF1	7.52	9.4	6.58	6.01	4.6	4.06	1.97	3.26	4.18	2.03
ENSG00000083635:NUFIP1	1.72	2.04	5.56	5.31	13.93	10.21	1.07	1.65	3.15	3.66
ENSG00000083642:PDS5B	14.61	19.37	8.29	6.45	12.33	10.39	2.63	4.98	6.22	2.22
ENSG00000083750:RRAGB	10.03	11.27	0.87	0	3.83	3.38	0.84	1.59	49.81	126.63
ENSG00000083782:EPYC	0.03	0.04	0	0	0	0	0.02	0	0	0
ENSG00000083799:CYLD	8.45	12.99	15.26	10.95	10.88	10.15	3.52	6.92	6.57	0.6
ENSG00000083807:SLC27A5	1.72	2.34	0	0	26.2	4.71	0.03	0.02	5.04	4.05
ENSG00000083845:RPS5	207.48	218.07	483.38	550.09	976.44	911.66	104.02	199.17	58.82	776.16
ENSG00000084070:SMAP2	11.38	20.48	18.31	28.69	42.05	36.96	2.6	5.21	77.62	40.52
ENSG00000084072:PPIE	20.81	21	20.33	20.82	9.44	9.76	4.16	8.83	24.92	23.54
ENSG00000084073:ZMPSTE24	27.51	27.53	35.11	27.57	21.83	19.34	4.86	6.82	15.41	20.26
ENSG00000084090:STARD7	27.85	30.38	45.85	35.47	60.26	54.72	2.72	4.8	28.07	29.3
ENSG00000084092:NOA1	9.99	10.06	9.13	10.33	9.5	9.73	1.14	2.35	5.65	10.7
ENSG00000084110:HAL	0.11	0.2	1.65	8.18	0.85	0.3	0.65	1.93	0.88	0.3
ENSG00000084234:APLP2	227.86	290.65	386.81	259.73	484.58	340.5	31.92	62.93	401.85	274.79
ENSG00000084444:FAM234B	18.3	11.4	2.32	1.51	53.16	65.22	4.58	10.27	5.6	2.15
ENSG00000084628:NKAIN1	0.19	0.51	11.02	6.89	0.61	0.84	0.01	0.01	7.73	7.04
ENSG00000084636:COL16A1	3.14	20.19	5.81	15.01	4.35	6.46	1.22	4.75	4.52	12.55
ENSG00000084652:TXLNA	15.91	22.12	34.83	27.05	24	21.17	4.07	10.35	43.25	11.18
ENSG00000084674:APOB	0.11	0.22	14.92	1898.57	0	0	0	0	111.55	204.98
ENSG00000084676:NCOA1	8.71	16.59	4.56	4.16	8.74	9.11	2.04	4.85	28.82	10.13
ENSG00000084693:AGBL5	15.02	14.43	10.53	8.23	4.7	4.81	0.17	0.74	23.16	40.12
ENSG00000084710:EFR3B	1.25	1.7	32.39	10.09	1.94	1.1	0.26	1.15	0.81	0.18
ENSG00000084731:KIF3C	0.69	1.26	14.08	8.33	8.2	5.29	2.02	9.32	0.81	0.21
ENSG00000084733:RAB10	60.05	81.47	69.28	50.91	82.96	76.12	15.52	24.47	156.42	40.62
ENSG00000084754:HADHA	81.12	74.06	67.88	43.89	50.35	40.52	21.84	34.13	163.38	88.1
ENSG00000084764:MAPRE3	30.08	39.48	23.39	24.77	15.71	12.99	0.15	0.74	3.46	5.55
ENSG00000084774:CAD	10.84	17.18	12.36	8.17	12.4	12.31	0.24	0.88	13.96	18.27
ENSG00000085117:CD82	39.93	63.47	338.62	239.25	9.12	6.24	4.7	9.16	126.38	56.54
ENSG00000085185:BCORL1	27.9	26.38	6.07	4.32	3.13	3.17	0.24	1.01	6.59	3.95
ENSG00000085224:ATRX	18.28	30.11	29.3	21.26	9.95	9.71	4.25	8.6	99.96	1.37
ENSG00000085265:FCN1	0.72	1.11	0	0	3.83	0.77	0.95	0.4	2.2	0.08
ENSG00000085274:MYNN	9.09	9.74	22	13.26	13.26	13.13	4.07	5.82	7.44	14.01
ENSG00000085276:MECOM	5.13	13.09	1.57	1.71	17.92	6.42	1.97	5.03	172.11	22.26
ENSG00000085365:SCAMP1	15.49	16.32	29.19	20.78	16.47	19.54	3.38	6.13	14.36	3.14
ENSG00000085377:PREP	11.97	9.72	12.64	9.75	90.54	100.23	3.52	8.74	128.35	29.85
ENSG00000085382:HACE1	35.45	49.39	5.04	9.2	9.81	11.15	2.19	3.64	5.93	4.81
ENSG00000085415:SEH1L	9.45	11.17	37.93	24.31	22.86	21.6	3.89	6.24	22.72	16.64
ENSG00000085433:WDR47	4.02	5.71	14.75	10.22	13.18	10.54	1.34	3.07	6.24	3.01
ENSG00000085449:WDFY1	33.5	32.99	31.29	19.6	66.12	35.13	2.17	5.17	27.32	3.39
ENSG00000085511:MAP3K4	18.51	18.43	22.89	13.75	29.72	27.69	2.81	5.84	7.49	1.84
ENSG00000085552:IGSF9	1.04	1.17	49.03	30.55	1.59	1.93	0.11	0.32	0.21	0.43
ENSG00000085644:ZNF213	2.9	3.77	5.01	3.3	4.3	4.3	0.47	1.72	2.7	4.07
ENSG00000085662:AKR1B1	124.9	155.41	24.79	29.12	3496.04	3927.03	291.4	490.08	53.69	40.36
ENSG00000085719:CPNE3	20.46	28.6	15.64	10.13	31.15	29.5	4.28	7.66	14.7	3.52
ENSG00000085721:RRN3	13.55	16.21	22.44	16.24	17.53	16.19	3.84	7.34	5.28	4.21
ENSG00000085733:CTTN	100.16	145.62	142.75	145.41	198.49	162.57	14.55	35.15	90.19	42.58
ENSG00000085741:WNT11	0.61	3.26	1.34	0.3	0.77	1.57	0.2	0.39	54.61	85.7
ENSG00000085760:MTIF2	13.41	16.2	12.93	11.31	4.43	3.84	1.53	2.18	11.42	4.31
ENSG00000085788:DDHD2	17.44	20.85	54.68	25.82	21.93	19.69	6.28	13.5	10.5	2.73
ENSG00000085831:TTC39A	0.87	1.01	42.47	26.38	25.23	15.52	3.26	7.83	5.91	10.22
ENSG00000085840:ORC1	0.89	0.96	0.9	1.68	1.68	1.89	0.12	0.21	0.62	0.6
ENSG00000085871:MGST2	51.76	62	7.46	21.32	24.13	25.45	8.35	7.56	0.09	0.08
ENSG00000085872:CHERP	22.52	36.24	32.16	24.12	24.38	22.48	1.01	3.91	16.58	10.61
ENSG00000085978:ATG16L1	7.9	11.23	22.47	19.86	23.73	26.94	3.52	9.25	52.72	23.61
ENSG00000085982:USP40	23.88	31.57	13	13.33	12.39	9.49	1.63	4.08	1.06	0.63
ENSG00000085998:POMGNT1	28.88	34.36	72.55	43.31	35.33	38.6	7.59	18.84	63.54	82.53
ENSG00000085999:RAD54L	3.65	4.17	1.72	1.55	8.83	8.96	0.06	0.23	1.28	15.22
ENSG00000086015:MAST2	9.91	15.42	104.23	50.55	14.13	17.53	0.6	2.3	5.43	4.58
ENSG00000086062:B4GALT1	142.9	135.9	161.38	129.12	118.33	118.35	4.93	11.3	9.75	1.77
ENSG00000086102:NFX1	13.45	17.91	74.33	61.44	30.91	37.58	3.37	8.17	9.46	4.65
ENSG00000086189:DIMT1	9.01	11.84	8.34	6.16	17.74	15.07	3.05	5.25	3.44	2.99
ENSG00000086200:IPO11	15.33	20.88	10.65	12.85	14.19	19.17	2.9	5.49	8.49	9.98
ENSG00000086205:FOLH1	0.01	0.12	0	0.06	0.69	0.38	0.24	0.67	0.22	0.02
ENSG00000086232:EIF2AK1	83.54	77.16	26.32	21.8	35.29	40.74	3.71	9.64	49.65	41.96
ENSG00000086288:NME8	0.57	1.9	0	0	0.06	0.11	0	0	1.71	0.38
ENSG00000086289:EPDR1	0.39	1.12	15.93	19.38	4.15	1.78	0.42	2.46	54.67	102.99
ENSG00000086300:SNX10	37.78	33.31	15.69	59.33	57.79	69.65	0.78	2.91	2.34	5.62
ENSG00000086475:SEPHS1	24.26	21.38	12.43	18.23	19.42	16.4	0.92	2.22	23.86	11.65
ENSG00000086504:MRPL28	19.28	23.43	26.59	37.23	35.43	32	5.08	10.34	91.22	138.15
ENSG00000086544:ITPKC	16.94	16.05	16.9	15.64	13.51	10.39	1.15	3.78	16.49	6.25
ENSG00000086570:FAT2	0.07	0.5	0.05	0.05	1.61	1.62	0	0.01	0.13	0.14
ENSG00000086619:ERO1B	4.35	4.45	12.66	10.81	10.6	8.44	1.68	3.35	38.34	4.03
ENSG00000086696:HSD17B2	180.97	223.16	183.51	128.37	49.68	2.79	0.01	0.02	0.14	0.49
ENSG00000086717:PPEF1	0.77	1.09	0.1	0.22	0.61	0.29	0.57	1.33	0.04	0.03
ENSG00000086758:HUWE1	46.31	75.08	105.2	49.15	21	22.93	5.63	15.09	29.28	18.99
ENSG00000086827:ZW10	6.34	6.86	13.63	15.31	13.14	11	4.81	7.55	13.12	6.35
ENSG00000086848:ALG9	21.72	25.18	22.22	15.92	10.03	10.62	3.07	5.16	12.26	10.36
ENSG00000086991:NOX4	0.91	2.45	8.12	5.42	1.38	0.94	1.26	1.99	1.54	3.45
ENSG00000087008:ACOX3	17.62	19.79	48.05	65.71	10.78	14.78	0.82	2.68	3.45	1.15
ENSG00000087053:MTMR2	15.91	17.93	29.18	20.17	19.12	21.05	3.51	6.46	12.62	12.26
ENSG00000087077:TRIP6	11.85	21.31	17.93	16.48	21.49	19.1	2.12	4.9	4.4	1.27
ENSG00000087085:ACHE	0.82	1.21	10.44	4.82	0.72	0.69	0.08	0.18	11.95	20.57
ENSG00000087087:SRRT	67.09	136.38	83.93	69.94	61.72	61.76	4.46	10.43	45.63	38.16
ENSG00000087088:BAX	46.12	45.21	58.31	65.12	188.28	157.37	4.47	11.15	77.47	142.21
ENSG00000087095:NLK	9.87	11.24	24.15	21.82	18.94	19.73	1.73	2.68	24.93	15.65
ENSG00000087111:PIGS	19.06	21.03	45.15	39.45	25.9	24.76	1.31	2.48	38.75	67.61
ENSG00000087116:ADAMTS2	2.76	11.63	49.27	40.68	8.22	6.06	0.28	1.35	4.08	5.77
ENSG00000087128:TMPRSS11E	0.07	0	0.29	0.14	0.18	0.71	0.62	1.23	129.23	90.43
ENSG00000087152:ATXN7L3	33.36	36.91	41.68	29.66	34.08	28.84	2.85	8.34	145.78	26.98
ENSG00000087157:PGS1	25.8	34.9	53.51	40.26	47.81	66.76	3.57	10.32	27.54	49.39
ENSG00000087191:PSMC5	125.29	143.4	71.8	88.61	154.5	145.33	15.71	34.9	150.58	166.18
ENSG00000087206:UIMC1	16.29	18.98	22.12	16.75	13	14.23	3.98	7.96	12.43	3.75
ENSG00000087245:MMP2	10.28	53.21	42.15	37.07	352.08	267.99	4.4	13.69	47.47	48.22
ENSG00000087266:SH3BP2	63.25	71.51	8.69	4.32	35.96	29.52	0.44	1.45	1.38	2.18
ENSG00000087269:NOP14	10.28	12.75	21.84	14.2	23.52	24.33	1.5	4.28	4.6	5.32
ENSG00000087274:ADD1	68.97	87.41	124.66	106	67.32	64.09	5.06	14.58	35.79	13.71
ENSG00000087301:TXNDC16	1.46	2.36	10.72	6.89	10.37	3.09	7.24	11.57	6.44	5.47
ENSG00000087302:RTRAF	57.3	77.18	65.53	71.02	127.09	124.58	24.1	33.31	50.57	61.78
ENSG00000087303:NID2	32.94	34.09	45.7	53.43	40.54	34.58	4.94	19.17	13.22	6.01
ENSG00000087365:SF3B2	95.42	130.1	73.97	69.96	111.33	99.82	6.12	17.22	207.99	94.51
ENSG00000087448:KLHL42	19.02	19.47	9.5	5.76	15.04	7.75	1.42	3.81	2.2	1.16
ENSG00000087460:GNAS	466.74	540.06	1032.51	954.51	1118.55	1217.13	57.67	154.78	34.74	6.44
ENSG00000087470:DNM1L	47.45	57.76	51.26	33.59	26.54	29.58	3.75	5.61	50.56	59.9
ENSG00000087494:PTHLH	0.8	0.88	1.24	0.86	5.98	3.76	0.08	0.18	13.79	4.39
ENSG00000087495:PHACTR3	0.27	0.38	0.12	0	0.26	0.35	0.02	0.01	2.8	0.63
ENSG00000087502:ERGIC2	94.68	89.03	112.22	91.38	32.26	39.37	10.97	14.42	40.19	48.72
ENSG00000087510:TFAP2C	38.72	52.19	138.31	56.75	31.07	35.98	3.25	8.88	17.6	10.09
ENSG00000087589:CASS4	2.66	2.41	6.31	2.57	0.25	0.38	0.53	1.06	0.44	0.03
ENSG00000087884:AAMDC	5.92	10.24	33.92	27.53	30.59	36.95	5.04	8.3	114.32	83.66
ENSG00000087903:RFX2	6.51	5.63	3.68	3.67	1.68	0.98	0.2	0.33	4.02	1.33
ENSG00000088002:SULT2B1	9.56	18.78	1	0.5	0.77	0.67	0.24	0.38	0.39	3.03
ENSG00000088035:ALG6	15.79	15	5.05	3.24	17.39	18.03	2.5	3.25	8.81	6.05
ENSG00000088038:CNOT3	32.33	38.81	43.82	24.82	26.08	24.58	0.8	4.41	49.56	37.85
ENSG00000088179:PTPN4	6.01	4.05	4.72	3.51	1.66	0.97	2.04	3.11	1.7	0.96
ENSG00000088247:KHSRP	86.2	98.22	38.72	27.79	65.14	50.59	3.91	12.57	22.38	42.97
ENSG00000088256:GNA11	25.17	31.74	59.66	43.84	50.15	44.57	4.15	10.52	40.32	9.96
ENSG00000088280:ASAP3	5.57	17.99	6.56	7.39	39.99	47.65	1.85	5.58	7.78	1.97
ENSG00000088320:REM1	0.65	1.54	1.28	1.24	2.99	5.13	1.34	1.66	10.15	5.59
ENSG00000088325:TPX2	5.57	3.62	2.13	1.69	21.02	17.95	0.5	0.7	8.19	2.16
ENSG00000088356:PDRG1	3.97	3.9	56.25	57.77	18.92	15.81	4.8	7.99	18.63	46.36
ENSG00000088367:EPB41L1	19	23.69	85.01	34.5	25.32	18.66	2.1	6.09	61.62	21.14
ENSG00000088386:SLC15A1	2.26	1.73	0.47	4.65	29.34	37.51	14.1	15.56	167	93.2
ENSG00000088387:DOCK9	72.53	122.39	60.62	45.98	52.04	52.91	8.48	19.72	10.23	5.51
ENSG00000088448:ANKRD10	132.46	158.34	43.41	26.37	40.84	41.39	6.47	14.57	8.74	31.28
ENSG00000088538:DOCK3	0.12	0.41	0.27	0.8	0.28	0.22	0.03	0.03	0.12	0.06
ENSG00000088543:C3orf18	1.23	1.85	6.5	1.74	0.51	0.34	0	0.16	0	0.12
ENSG00000088682:COQ9	31.76	42.62	19.88	21.99	31.28	31.78	4.63	10.54	48.15	25.99
ENSG00000088726:TMEM40	108.46	70.81	23.5	20.35	8.81	3.63	0.31	0.55	2.34	0
ENSG00000088727:KIF9	4.04	4.11	4.61	2.18	0.62	0.48	0.21	0.48	9.43	8.73
ENSG00000088756:ARHGAP28	14.63	15.75	23.71	14.44	17.75	7.97	2.62	6.01	9.85	0.56
ENSG00000088766:CRLS1	25.23	34.81	25.13	22.44	26.1	24.94	2.36	4.09	10.49	13.1
ENSG00000088808:PPP1R13B	11.72	15.93	32.06	25.78	16.36	16.98	1.32	3.59	23.48	3.89
ENSG00000088812:ATRN	15.34	17.01	26.81	11.65	10.07	6.53	2.43	4.54	8.17	0.8
ENSG00000088826:SMOX	1.03	2.02	38.06	21.07	47.68	31.61	1.9	4.38	9.23	18.33
ENSG00000088827:SIGLEC1	4.81	14.2	2.68	1.96	10.24	2.07	0.19	0.36	2.59	3.53
ENSG00000088833:NSFL1C	63.39	75.92	86.07	85.13	203.55	195.64	5.08	10.19	71.79	73.71
ENSG00000088836:SLC4A11	0.11	0.43	4.68	2.92	2.25	3.4	0.02	0.1	5.93	1.09
ENSG00000088881:EBF4	2.87	7.04	4.78	2.3	6.09	5.38	0.24	0.9	0.83	2.58
ENSG00000088882:CPXM1	4.48	16.25	75.06	44.8	9.84	8.63	0.08	0.12	20.21	41.04
ENSG00000088899:LZTS3	18.75	14.78	3.03	3.64	12.03	9.55	0.43	0.95	4.45	7.52
ENSG00000088926:F11	0	0	138.49	75.9	0	0	0.09	0.14	0.06	0.09
ENSG00000088930:XRN2	24.96	26.58	33.6	26.21	34.47	28.61	7.59	14.52	22.68	19.31
ENSG00000088970:KIZ	4.07	6.95	11.82	12.72	6.91	2.2	0.8	1.4	5.98	6.78
ENSG00000089022:MAPKAPK5	20.23	23.26	70.49	65.55	30.19	30.42	1.93	3.26	15.95	7.17
ENSG00000089041:P2RX7	1.41	3.19	2.03	2.76	0.43	0.1	0.64	1.49	0.11	0.13
ENSG00000089048:ESF1	6.75	8.42	11.11	8.01	27.45	25.74	2.6	4.6	56.65	7.27
ENSG00000089050:RBBP9	4.66	5.86	13.72	11.32	4.17	2.55	0.51	1.04	1126.08	1696.51
ENSG00000089053:ANAPC5	60.91	79.01	106.67	112.52	14.54	15.72	1.24	2.2	14.66	25.74
ENSG00000089057:SLC23A2	41.69	59.12	37.12	25.36	5.07	2.7	7.98	7.33	13.92	0.97
ENSG00000089060:SLC8B1	19.9	22.86	49.45	41.91	41.37	43.18	2.02	4.53	10.82	12.41
ENSG00000089063:TMEM230	76.52	82.71	27.25	18.31	0	0	0	0	6.61	6.46
ENSG00000089091:DZANK1	0.64	1.22	0.82	0.55	1.26	1.62	0.86	3.92	0.91	3.53
ENSG00000089101:CFAP61	0.15	0.14	0.36	0.13	0.06	0	0	0.03	0.65	0.88
ENSG00000089123:TASP1	4.17	4.16	3.92	3.32	3.4	3.25	0.68	1.3	10.34	5.07
ENSG00000089154:GCN1	24.46	48.29	28.24	23.33	22.37	20.39	3.06	7.3	15.78	8.45
ENSG00000089159:PXN	36.79	74.03	109.16	72.58	34.41	33.18	3.92	9.93	22.36	39.7
ENSG00000089169:RPH3A	0	0.02	11.43	5.96	0.05	0.05	0	0	0.04	0.03
ENSG00000089195:TRMT6	6.68	7.51	16.36	12.95	15.83	12.21	1.14	1.76	17.34	2.95
ENSG00000089199:CHGB	0.12	0.69	0.77	0.14	0.03	0	0	0.06	31.04	22.41
ENSG00000089225:TBX5	15.53	18.72	3.55	3.73	1	1.8	0.65	1.78	0.05	0
ENSG00000089234:BRAP	14.06	15.43	46.34	33.35	20.04	14.1	4.37	8.14	48.33	14.45
ENSG00000089248:ERP29	68.91	93.82	178.72	204.66	142.65	160.11	16.36	27.72	85.31	122.28
ENSG00000089250:NOS1	0.01	0	2.68	1.41	0.01	0.04	0	0	0.41	0.08
ENSG00000089280:FUS	216.03	329.74	333.13	260.42	273.47	204.7	5.23	14.65	150.4	186.43
ENSG00000089351:GRAMD1A	28.27	51.62	68.3	53.74	9.37	11.43	1	3.11	59.13	26.43
ENSG00000089486:CDIP1	3.28	5.08	47.27	47.66	15.14	16.36	0.66	1.98	6.59	4.44
ENSG00000089558:KCNH4	0.02	0.03	0.04	0.04	0.14	0.16	0.02	0.01	0	0
ENSG00000089597:GANAB	165.17	183.28	108.16	77.26	93.19	93.16	8.46	24.61	95.86	90.91
ENSG00000089639:GMIP	1.68	3.64	22.76	24.07	13.22	11.68	0.61	1.59	7.1	13.29
ENSG00000089692:LAG3	0.15	0.49	0.4	1.92	0.17	0.34	0.1	0.34	3.09	10.27
ENSG00000089693:MLF2	111.14	115.86	123.77	108.99	109.21	91.63	10.84	27.26	263.44	352.26
ENSG00000089723:OTUB2	5.36	6.14	3.04	3.03	0.98	1.36	0.11	0.24	6.66	0.57
ENSG00000089737:DDX24	51.26	54.58	52.52	39.02	79.15	85.58	4.2	9.09	63.94	15.25
ENSG00000089775:ZBTB25	2.89	5.69	6.42	3.84	3.37	2.11	0.7	1.66	2.16	3.83
ENSG00000089818:NECAP1	25.14	28.87	52.99	43.66	34.64	31.65	4.95	10.65	18.59	15.79
ENSG00000089820:ARHGAP4	13.66	36.91	2.1	2.08	3.37	3.1	0.26	0.48	0.27	3.15
ENSG00000089876:DHX32	26.39	24.14	48.17	47.95	33.59	24.76	2.39	4.31	14.61	16.46
ENSG00000089902:RCOR1	25.22	35.41	47.33	24.97	16.15	18	2.52	5.58	10.09	0.77
ENSG00000090006:LTBP4	17.1	30.97	11.31	12.49	6.92	8.03	1.44	7.83	5.96	12.94
ENSG00000090013:BLVRB	30.87	41.3	28.91	33.31	57.42	52	3.71	6.46	57.39	76.36
ENSG00000090020:SLC9A1	132.61	234.07	29.19	21.31	24.67	17.01	0.74	2.58	51.77	8.51
ENSG00000090054:SPTLC1	84.84	81.21	62.2	50.48	79.96	75.91	18.13	26.71	44.05	38.96
ENSG00000090061:CCNK	24.78	28.34	27.37	18.19	29.27	26.69	1.23	4.55	12.09	17.56
ENSG00000090097:PCBP4	6.69	6.98	19.79	18.88	22.59	22.88	0.81	1.69	3.11	14.66
ENSG00000090104:RGS1	0.82	1.92	1.2	2.45	59.71	26.84	2.75	6.02	0.16	0.16
ENSG00000090238:YPEL3	88.49	156.58	125.39	165.52	188.43	116.43	8.86	26.03	130.95	143.94
ENSG00000090273:NUDC	36.88	42.33	94.85	89.94	144.02	134.75	12.95	27.38	174.79	123.66
ENSG00000090316:MAEA	37.54	53.27	119.38	102.49	53.31	48.58	3.34	9.52	35.54	19.97
ENSG00000090372:STRN4	49.95	70.49	40.21	31.84	34.12	27.12	6.05	21.24	89.8	56.8
ENSG00000090376:IRAK3	2.05	5.71	4.62	3.63	2.02	2.12	0.52	1.23	1.6	2.37
ENSG00000090402:SI	0	0	0	0	0	0	0.01	0.03	0	0
ENSG00000090432:MUL1	15.66	17.94	15.79	10.21	25.73	25.31	4.17	10.41	17.83	24.82
ENSG00000090447:TFAP4	3.5	4.55	1.46	1.28	5	5.16	0.19	0.41	2.1	6.89
ENSG00000090470:PDCD7	12.26	15.18	19.19	16.6	11.94	12.9	1.32	3.18	10.9	13.94
ENSG00000090487:SPG21	82.75	87.49	33.54	26.46	55.44	41.54	4.23	8.85	31.75	56.18
ENSG00000090512:FETUB	0	0	66.08	84	0	0	0.07	0.05	0	0.13
ENSG00000090520:DNAJB11	60.71	56.24	136.09	129.64	53.36	61.5	3.14	6.86	124.46	66.89
ENSG00000090530:P3H2	3.84	12.79	15.26	9.05	8.06	4.51	1.54	4.09	2.42	0.99
ENSG00000090534:THPO	0.03	0.13	1.65	6.96	0.63	0.17	0.5	2	1.43	1.23
ENSG00000090565:RAB11FIP3	9.68	18.4	23.23	28.68	43.66	35.1	0.51	2.66	90.15	6.15
ENSG00000090581:GNPTG	39.22	47.56	25.82	33.67	34.76	45.43	4.11	10.31	22.73	35.6
ENSG00000090615:GOLGA3	23.71	28.48	30.28	21.9	13.11	9.38	1.99	5.11	14.91	1.26
ENSG00000090674:MCOLN1	22.65	34.4	100.47	82.49	42.44	36.09	1.12	2.69	18.61	46.78
ENSG00000090686:USP48	28.85	45.07	97.99	69.44	45.28	54.65	2.54	4.57	19.49	5.56
ENSG00000090776:EFNB1	18.65	24.57	46.22	55.89	60.29	63.25	1.81	3.99	19.84	28.95
ENSG00000090857:PDPR	15.43	12.53	13.12	5.65	9.49	8.71	1.65	4.11	4.26	0.75
ENSG00000090861:AARS1	22.07	31.74	33.69	27.35	37.11	35.61	7.8	14.07	54.71	71.81
ENSG00000090863:GLG1	88.33	87.78	91.88	50.2	41.25	37.9	5.97	15.96	29.38	13.59
ENSG00000090889:KIF4A	1.98	1.44	0.4	0.83	4.26	4.28	0.36	0.49	6.46	2.15
ENSG00000090905:TNRC6A	24.7	30.65	48.01	37.2	22.28	18.61	1.86	4.4	8.24	2.24
ENSG00000090975:PITPNM2	7.57	8.98	28.92	13.13	12.06	11	1.2	5.29	6.43	6.63
ENSG00000090989:EXOC1	28.2	39.68	33.12	34.63	14.69	13.01	5.97	9.81	22.07	9.71
ENSG00000091009:RBM27	13.78	10.71	16.13	8.95	13.63	10.5	3.26	5.87	9.66	2.33
ENSG00000091010:POU4F3	0.09	0.11	0	0	0	0	0	0	0	0
ENSG00000091039:OSBPL8	12.71	14.81	30.56	12.58	26.51	25.57	3.71	6.35	18.62	3.13
ENSG00000091073:DTX2	9.12	11.36	15.64	11.47	12.4	9.39	1.47	5.23	26.8	28.85
ENSG00000091127:PUS7	5	4.74	10.55	7.09	3.64	1.96	2.26	5.44	8.51	8.29
ENSG00000091129:NRCAM	18.63	40.69	4.71	3.99	0	0	0.2	0.39	0.12	0.04
ENSG00000091136:LAMB1	64.51	123.68	102.79	72.08	79.59	61.17	22.84	51.44	135.94	47.08
ENSG00000091137:SLC26A4	0.18	0.44	0.63	0.38	10.73	10.45	1.6	1.78	3.13	1.02
ENSG00000091138:SLC26A3	0.21	0	0.38	0.79	0.57	0.27	0	0.01	0.08	0
ENSG00000091157:WDR7	4.48	5.5	7.9	8.13	10.13	9.53	1.24	3.49	2.84	0.75
ENSG00000091164:TXNL1	50.37	62.82	120.23	210.96	176.25	158.03	18.86	35.01	78.01	57.08
ENSG00000091181:IL5RA	0.05	0.21	1.08	0.52	0	0	0	0	0	0
ENSG00000091262:ABCC6	0.06	0.43	0.05	1.82	5.88	9.82	0.04	0.29	0.47	0.28
ENSG00000091317:CMTM6	46.56	46.35	46.59	41.85	98.79	92.58	0.05	0.1	30.21	8.56
ENSG00000091409:ITGA6	49.06	101.77	61.13	85.71	95.51	99.08	31.88	43.01	10.06	4.96
ENSG00000091428:RAPGEF4	1.19	2.97	4.6	3.28	4.64	3.63	0.37	0.65	1.58	0.87
ENSG00000091436:MAP3K20	12.15	15.35	5.24	5.98	20.62	14.43	1.48	3.17	3.1	1.69
ENSG00000091482:SMPX	0	0	3.57	2.05	0	0	0.02	0	0.2	0.2
ENSG00000091483:FH	39.26	32.41	36.66	50.86	64.55	58.7	3.28	6.93	16.3	29.05
ENSG00000091490:SEL1L3	48.05	55.39	5.4	20.5	3.58	1.67	0.01	0.03	5.94	7.7
ENSG00000091527:CDV3	64.95	87.7	89.48	72.61	47.45	38.93	17.52	28.37	60.63	10.13
ENSG00000091542:ALKBH5	35.27	41.68	36.87	28.56	54.68	45.78	6.66	19.09	26.73	6.19
ENSG00000091583:APOH	0	0	0.25	9.57	0	0	0	0	0	0
ENSG00000091622:PITPNM3	0.32	0.48	0.13	0.74	1.3	1.1	0.71	1.85	0.34	1.02
ENSG00000091640:SPAG7	47.24	61.4	46.19	49.77	102.06	126.62	7.45	14.99	131.42	43.97
ENSG00000091651:ORC6	21.47	25.47	31.08	24.37	54.2	53.41	0.8	1.24	4.04	4.02
ENSG00000091656:ZFHX4	0	0.02	0.14	0.01	0.04	0.01	0.03	0.08	0.3	0.03
ENSG00000091664:SLC17A6	0	0	0	0.04	0	0	0	0	0	0
ENSG00000091704:CPA1	2.13	2.9	0.95	1.3	0.25	0.19	1.33	7.49	0	2.43
ENSG00000091732:ZC3HC1	4.22	6.41	14.9	11.13	17.05	16.58	2.17	4.36	7.56	11.78
ENSG00000091831:ESR1	0.26	0.36	16.62	10.68	11.6	3.71	0.31	1.18	12.47	1.29
ENSG00000091844:RGS17	0.17	0.27	13.35	8.66	0	0	0.03	0.04	0	0
ENSG00000091879:ANGPT2	60.93	11.39	21.21	16.28	19.93	25.76	6.22	9.16	101.22	81.39
ENSG00000091947:TMEM101	15.59	18.46	9.17	10.19	31.04	30.69	1.74	4.44	39.94	46.34
ENSG00000091972:CD200	260.67	249.05	9.58	10.77	5.66	8.58	2.82	3.37	32.12	15.57
ENSG00000091986:CCDC80	5.52	17.89	10.64	19.34	14.4	16.44	0.96	2.2	40.5	19.74
ENSG00000092010:PSME1	81.49	80.92	57.8	69.65	144.57	125.73	9.03	15.99	61.81	78.04
ENSG00000092020:PPP2R3C	16.01	17.65	6.45	6.55	13.35	11.08	7.44	10.58	34.87	17.95
ENSG00000092036:HAUS4	11.23	13.84	19.71	19.78	36.82	34.96	0.85	2.13	0	0
ENSG00000092051:JPH4	0.27	0.31	0.37	0.29	8.24	11.24	0.02	0.05	0.9	0.34
ENSG00000092067:CEBPE	0.1	0	0.48	0.27	0.37	0.36	0.02	0.02	0	0.17
ENSG00000092068:SLC7A8	85.83	78.57	160.89	81.65	280.45	355.32	4.33	11.54	14.72	1.8
ENSG00000092094:OSGEP	28.59	40.95	30.5	27.1	32.46	36.27	1.74	3.19	17.7	43.64
ENSG00000092096:SLC22A17	9.73	23.71	19.13	16.54	3.19	2.95	0.6	2.04	4.94	11.23
ENSG00000092098:RNF31	33.49	45.55	28.05	21.68	13.79	14.07	0.8	1.88	13.69	15.12
ENSG00000092108:SCFD1	38.9	46.75	31.73	31.78	33.66	34.77	3.68	5.72	31.92	26.09
ENSG00000092140:G2E3	7.65	7.23	7.78	6.24	26.49	18.76	1.11	1.63	1.71	0.13
ENSG00000092148:HECTD1	80.95	100.82	48.9	33.94	31.43	29.87	10.51	17.73	52.73	14.74
ENSG00000092200:RPGRIP1	1.31	1.63	2.59	2.13	0.5	0.27	0.02	0.02	0.15	0.02
ENSG00000092201:SUPT16H	30.72	33.3	26.22	17.97	41.93	36.58	9.48	16	60.56	17.13
ENSG00000092208:GEMIN2	3.85	4.05	9.16	6.82	13.69	14.33	4.79	8.41	11.01	27.27
ENSG00000092295:TGM1	1.59	2.68	96.32	47.72	18.63	28.52	0.04	0.07	14.39	10.45
ENSG00000092421:SEMA6A	83.9	123.27	14.35	6.82	15.1	4.07	0.3	0.77	55.71	10.07
ENSG00000092439:TRPM7	28.69	32.43	34.31	28.8	14.56	12.72	6.68	11.4	27.9	4.72
ENSG00000092445:TYRO3	7.46	7.25	19.99	10.01	167.97	207.48	9.05	22.95	4.39	4.17
ENSG00000092470:WDR76	3.6	2.68	4.25	2.84	5.39	9.51	0.49	1.06	0.89	0.18
ENSG00000092529:CAPN3	3.53	6.88	1.61	0.83	0.12	0.53	0.39	0.6	0.15	0.31
ENSG00000092531:SNAP23	135.7	159.45	41.78	50.71	59.04	39.02	12.33	18.08	2.74	5.59
ENSG00000092607:TBX15	0.35	0.09	0.33	0.09	0.06	0.12	0.01	0.04	0.02	0.02
ENSG00000092621:PHGDH	2.68	7.79	20.21	28.05	6.59	8.7	5.68	9.12	1.88	3.71
ENSG00000092820:EZR	388.7	468.99	232.47	258.11	907.82	942.1	67.37	94.11	5850.86	538.16
ENSG00000092850:TEKT2	0.03	0.2	2.22	1.86	2.01	2.26	0.01	0	10.2	7.09
ENSG00000092853:CLSPN	1.16	0.98	0.84	0.56	2.97	3.02	0.28	0.48	1.87	0.25
ENSG00000092871:RFFL	6.29	9.15	41.33	26.48	24.58	28.5	1.72	4.16	21.45	6.98
ENSG00000092929:UNC13D	65.71	88.1	11.36	7.56	39.36	40.66	0.86	3.62	9.76	4.42
ENSG00000092931:MFSD11	29.13	34.59	94.15	67.2	25.1	16.27	4.9	8.06	10.88	5.51
ENSG00000092964:DPYSL2	27.38	36.84	24.65	21.73	24.38	26.77	6.48	16.66	7.07	5.39
ENSG00000092969:TGFB2	6.09	9.71	54.52	40.93	25.85	22.59	1.16	3.43	1.91	0.71
ENSG00000092978:GPATCH2	6.54	6.44	11.18	7.69	6.5	5.84	2.72	6.68	14.73	3.86
ENSG00000093009:CDC45	2.6	1.97	5.19	4.12	8.41	8.09	0.63	1.16	1.3	0.65
ENSG00000093010:COMT	114.91	111.16	38.68	31.57	76.57	84.91	5.92	13.36	60.95	140.25
ENSG00000093144:ECHDC1	15.21	32.62	6.29	6.48	79.27	68.82	2.08	3.26	29.45	22.36
ENSG00000093167:LRRFIP2	21.79	32.59	62.67	63.45	97.06	77.69	12.91	17.52	195.5	52.63
ENSG00000093183:SEC22C	14.8	21.39	8.66	6.45	4.09	4.76	2.65	6.15	1.35	0.71
ENSG00000093217:XYLB	0.79	0.57	21.07	19.31	2.78	3.39	0.23	0.28	1.97	3.62
ENSG00000094631:HDAC6	49.62	66.17	38.41	20.46	14.74	13.23	0.81	2.8	12.52	35.52
ENSG00000094755:GABRP	7.68	15.08	7.93	7.59	21.15	14.71	6.69	16.47	297.07	152.3
ENSG00000094804:CDC6	7.71	6.33	0.94	0.84	6.07	6.34	0.13	0.24	3.03	1.14
ENSG00000094841:UPRT	3.05	5.77	1.4	0.56	14.23	9.93	1.79	2.89	6.47	10.77
ENSG00000094880:CDC23	28.69	31.03	30.99	19.35	6.24	6.62	0.51	0.97	8.14	4.27
ENSG00000094963:FMO2	0.09	0.13	4.43	2.69	0.01	0	0.01	0	1.4	0.24
ENSG00000094975:SUCO	29.63	30.14	46.75	20.93	30.97	26.35	10.45	13.79	161.33	13.17
ENSG00000095015:MAP3K1	9.13	11.07	24.1	15.28	24.36	25.71	3.82	6.68	10.44	2.27
ENSG00000095066:HOOK2	63.12	105.47	11.7	28.24	28.96	39.25	1.86	6.33	121.14	95.59
ENSG00000095139:ARCN1	69.35	75.83	94.27	75.3	96.24	75.2	16.67	29.9	140.26	18.96
ENSG00000095203:EPB41L4B	2.84	5.19	29.8	83.71	45.7	44.35	3.85	7.34	81.55	14.76
ENSG00000095209:TMEM38B	7.45	4.68	15.87	21.17	10.1	11.71	0.33	0.75	2.62	2.21
ENSG00000095261:PSMD5	12.96	19.14	20.05	23.47	28.55	24.33	4.38	7.44	40.72	12.48
ENSG00000095319:NUP188	13.4	19.81	18.82	10.05	13.81	11.59	1.45	4.67	13.12	21.6
ENSG00000095321:CRAT	20.42	26.92	16.02	20.03	43.83	42.82	4.71	12.13	12.91	31.68
ENSG00000095370:SH2D3C	8.93	13.57	10.96	11.69	23.38	33.24	0.76	2.22	6.82	12.3
ENSG00000095380:NANS	26.07	25.39	20.32	21.81	98.39	62.03	2.41	4.48	23.03	32.38
ENSG00000095383:TBC1D2	5.37	8.24	21.83	16.61	9.64	6.25	0.5	1.02	10.85	0.67
ENSG00000095397:WHRN	1.32	0.93	2.6	1.89	4.08	4.46	0.02	0.05	2.94	1.12
ENSG00000095464:PDE6C	0.14	0.25	0.02	7.57	0.23	0.2	0.01	0	34.36	5.81
ENSG00000095485:CWF19L1	7.57	13.32	11.1	6.42	11.68	12.19	2.28	3.4	0	0
ENSG00000095539:SEMA4G	5.59	8.28	11.07	13.67	4.81	3.85	0.14	0.5	4.51	11.12
ENSG00000095564:BTAF1	22.38	28.32	15.88	12.54	16.56	14.14	4.55	7.03	5.27	2.09
ENSG00000095574:IKZF5	11.23	13.64	9.73	6.64	15.33	14.82	0.41	0.65	6.23	4.96
ENSG00000095585:BLNK	4.96	9.31	4.49	3.09	7.48	5.19	0.3	1.33	0.34	0.79
ENSG00000095587:TLL2	0.63	0.66	0.16	0	0.51	0.63	0	0	0.19	0.18
ENSG00000095596:CYP26A1	0.11	0.66	0.4	0.27	51.55	63.42	4.51	13.75	264.38	30.21
ENSG00000095627:TDRD1	0.12	0.08	1.61	0.68	2.13	3.31	0.39	0.52	0	0
ENSG00000095637:SORBS1	58.6	70.54	94.65	54.92	16.06	11.92	1.53	5.07	13.82	4.42
ENSG00000095713:CRTAC1	0	0	0.17	0.04	0.85	2.39	0.05	0.16	0.07	0.98
ENSG00000095739:BAMBI	10.19	19.92	2.51	2.55	13.89	9.98	11.19	31	210.49	174.04
ENSG00000095787:WAC	112.65	109.34	81.34	48.91	94.12	77.83	10.83	16.15	62.49	19.82
ENSG00000095906:NUBP2	14.81	19.33	44.65	29.27	26.26	26.95	4.58	13.74	23.86	15.36
ENSG00000095951:HIVEP1	6.18	8.33	26.53	10.81	5.67	5.35	0.6	2.22	4.26	6.83
ENSG00000095981:KCNK16	0	0	0.18	2.36	0	0	0	0	0	0.67
ENSG00000096060:FKBP5	7.1	10.49	19.83	59.33	78.05	37.41	1.34	3.15	13.95	5.41
ENSG00000096063:SRPK1	32.11	33.51	79.04	45.58	18.95	15.93	6.81	11.38	15.72	3.67
ENSG00000096070:BRPF3	19.72	26.36	53.22	42.87	12.92	9.93	1.25	4.84	5.85	9.2
ENSG00000096080:MRPS18A	18.27	17.77	44.74	41.82	23.72	21.76	7.36	15.11	53.74	53.62
ENSG00000096088:PGC	0.63	1.27	74.94	64.52	0	0	0.27	0.68	0	0
ENSG00000096092:TMEM14A	6.33	8.8	2.18	4.27	46.37	39.63	1.37	2.77	7.24	11.32
ENSG00000096093:EFHC1	14.58	14.9	7.73	5.67	2.18	4.66	0.33	0.48	2.4	1.42
ENSG00000096384:HSP90AB1	195.33	223.64	580.36	513.12	508.4	592.03	82.27	181.67	6.12	0
ENSG00000096433:ITPR3	3.64	5.5	7.84	8.19	8.57	2.96	1.77	5.77	5.83	1.49
ENSG00000096696:DSP	70.36	84.22	113.76	45.77	41.23	24.55	7.36	19.84	206.88	20.07
ENSG00000096746:HNRNPH3	158.34	228.58	37.03	36.97	147.47	147.47	5.61	12.35	49.69	46.87
ENSG00000096872:IFT74	5.34	6.98	13.91	9.08	4.45	4.12	0.17	0.24	20.23	8.51
ENSG00000096968:JAK2	9.39	19.37	34.64	33.65	8.17	8.34	1.81	3.6	12.33	4.61
ENSG00000097007:ABL1	13.09	19.91	31.75	20.84	18.94	13.11	1.17	3.63	10.53	3.21
ENSG00000097021:ACOT7	9.97	12.44	9.26	7.65	46.77	30.95	0.87	1.73	21.5	17.62
ENSG00000097033:SH3GLB1	44.7	57.62	142.65	115.38	48.33	43.52	7.06	14.02	77.02	57.97
ENSG00000097046:CDC7	7.97	8.42	4.03	2.93	6.06	6.79	0.54	1.23	4.2	4.73
ENSG00000097096:SYDE2	3.91	3.46	10.7	6.02	6.58	6.02	1.53	2.94	19.16	2.7
ENSG00000099139:PCSK5	4.02	7.12	1.48	1.57	38.11	17.71	0.06	0.21	27.1	29.44
ENSG00000099203:TMED1	21.65	29.21	14.16	15.7	59.77	56.61	0.39	0.98	36.04	44.21
ENSG00000099204:ABLIM1	15.77	23.05	22.22	38.12	13.83	9.29	2.59	5.58	7.8	1.67
ENSG00000099219:ERMP1	7.43	11.13	15.52	11.26	16.16	12.44	7	12.98	1.87	0.75
ENSG00000099250:NRP1	80.95	148.15	10.31	8.92	25.68	23.58	9.71	27.78	19.23	2.36
ENSG00000099260:PALMD	20.28	35.87	3.61	2.18	21.42	27.53	2.53	4.86	6.77	5.79
ENSG00000099282:TSPAN15	15.84	35.88	8.38	16.38	61.42	42.13	0.58	1.7	13.82	22.55
ENSG00000099284:MACROH2A2	0.62	1.59	2.44	2.61	4.38	2.75	0.42	1.15	8.31	15.48
ENSG00000099330:OCEL1	4.54	10.54	9.83	6.56	27.03	20.39	0.86	2.79	4.43	11.35
ENSG00000099331:MYO9B	26.75	45.74	41.01	33.35	46.5	40.35	2.99	10.46	29.18	3.17
ENSG00000099341:PSMD8	148.24	165.62	232.4	326.58	135.79	120.34	23.68	39.05	0.51	1.26
ENSG00000099364:FBXL19	9.34	15.02	88.4	50.44	27.16	23.95	2.27	6.15	11.96	45.19
ENSG00000099365:STX1B	2.84	4.72	8.26	5.39	0.55	0.08	0.03	0.07	0.52	0.15
ENSG00000099377:HSD3B7	1.58	2.53	57.15	70.61	18.94	11.36	0.92	1.94	53.46	104.97
ENSG00000099385:BCL7C	6.64	10.87	29.59	27.18	80.16	71.18	8.44	16.95	14.2	20.67
ENSG00000099617:EFNA2	0.04	0.07	2.95	1.21	15.93	13.77	0.05	0.19	0.19	0.68
ENSG00000099622:CIRBP	248.41	329.86	75.95	55.36	181.58	137.96	13.64	25.11	148.77	123.21
ENSG00000099624:ATP5F1D	33.67	40.93	157.02	179.45	283.41	266.41	14.62	33.02	139.12	251.36
ENSG00000099625:CBARP	0.24	0.35	6.28	4.63	2.02	1.81	0.05	0.3	0.11	0.73
ENSG00000099769:IGFALS	0.16	0.38	0.3	30.79	1.24	0.65	0.59	2.82	1.01	0.74
ENSG00000099785:MARCHF2	8.78	15.45	88.87	91.16	27.63	22.59	1.81	5.18	31.63	69.07
ENSG00000099795:NDUFB7	71.79	87.54	84.37	110.38	193.39	169.85	29.96	53.71	91.07	154.97
ENSG00000099797:TECR	317.71	245.17	101.16	100.01	133.12	145.2	6.51	16.22	52.2	197.18
ENSG00000099814:CEP170B	5.42	6.85	63.96	52.46	83.09	77.6	6.59	34.69	23.97	2.83
ENSG00000099817:POLR2E	64.1	70.02	62.61	67.21	113.69	103.06	19.47	38.36	62.99	53.71
ENSG00000099821:POLRMT	11.86	17.32	13.01	20.46	9.58	8.37	2.03	6.22	9.57	7.92
ENSG00000099822:HCN2	0.03	0.13	4.82	2.67	5.82	5.77	0.21	1.07	0.04	0
ENSG00000099849:RASSF7	10.22	16.07	34.95	37.86	39.39	31.82	0.74	3.08	6.43	67.98
ENSG00000099860:GADD45B	19.54	54.4	75.7	83.48	95.76	103.1	13.77	30.83	27.25	65.76
ENSG00000099864:PALM	10.1	19.95	23.24	18.28	6.79	4.68	0.77	2.46	19.04	8.38
ENSG00000099866:MADCAM1	0.4	0.45	0.61	1.13	0.33	0.27	0	0.06	0.43	0.93
ENSG00000099875:MKNK2	55.86	93.6	81.94	64.88	193.87	137.43	7.77	20.84	13.22	18.04
ENSG00000099899:TRMT2A	25.64	40.77	38.06	50.04	15.02	13.1	1.98	7.01	8.49	23.79
ENSG00000099904:ZDHHC8	8.69	18.46	25.16	16.12	10.63	13.79	0.19	1.08	11.89	3.53
ENSG00000099910:KLHL22	15.13	21.63	77.04	45.48	35.13	40.32	1.6	4.83	6.73	9.04
ENSG00000099917:MED15	46.67	73.35	56.02	45.4	41.54	40.96	2.42	8.59	58.34	20.02
ENSG00000099937:SERPIND1	0.37	0.58	1.77	45.69	0.68	0.4	0.04	0.2	34.05	31.41
ENSG00000099940:SNAP29	22.78	27.9	26.53	37.41	36.46	33	1.92	4.86	88.14	10.74
ENSG00000099949:LZTR1	25.76	39.02	60.57	84.74	17.81	15.9	2.24	6.38	25.01	4.61
ENSG00000099953:MMP11	460.26	321.51	105.71	80.55	7.74	7.84	0.56	1.46	3.15	15.19
ENSG00000099954:CECR2	11.49	5.17	6.4	3.79	19.4	20.66	0.85	3.44	0.73	0.17
ENSG00000099956:SMARCB1	65.82	76.37	62.21	58.45	56.13	55.46	4.73	10.38	53.94	59.93
ENSG00000099958:DERL3	15.89	18.42	78.34	66.83	2.77	2.22	0.39	1.16	23.02	80.08
ENSG00000099960:SLC7A4	28.3	22.25	0.74	1.85	19.74	32.79	226.22	531.27	0.62	2.99
ENSG00000099968:BCL2L13	34.06	37.2	21.64	21.51	146.92	128.64	5.56	14.15	11.08	4.85
ENSG00000099994:SUSD2	3.3	4.73	20.02	18.87	3.56	0.72	0.1	0.28	0.57	1.04
ENSG00000099995:SF3A1	58.16	63.35	24.36	15.28	73.54	81.26	2.21	5.81	39.37	47.14
ENSG00000099998:GGT5	1.99	5.49	4.1	4.96	5.46	6.03	0.25	1.05	4.03	33.69
ENSG00000099999:RNF215	7.19	9.53	47.51	34.27	47.19	56.03	1.38	2.82	10.19	32.2
ENSG00000100003:SEC14L2	1.22	1.04	8.75	4.46	0.38	0.34	0.08	0.08	15.7	18.68
ENSG00000100012:SEC14L3	0	0	0.07	6.1	0.04	0.04	0.02	0	0.29	0
ENSG00000100014:SPECC1L	15.15	20.05	27.29	20.2	21.87	22.97	2.81	6.73	49.43	48.99
ENSG00000100023:PPIL2	39.32	41.69	72.72	70.54	35.74	34.19	4.86	11.73	48.24	44.89
ENSG00000100024:UPB1	0.11	0.26	0.36	1.19	0	0	0	0	30.74	89.78
ENSG00000100027:YPEL1	0.58	1.23	30.95	12.48	3.52	3.95	0.42	1.14	12.62	3.44
ENSG00000100028:SNRPD3	52.87	66.36	31.44	39.44	188.83	197.84	8.49	16.98	251.41	410.47
ENSG00000100029:PES1	18.4	16.44	48.37	30.17	65.03	54.14	4.68	9.73	25.3	58.89
ENSG00000100034:PPM1F	20.27	29.55	22.95	13.24	43.39	30.56	5.13	13.52	5.92	21.71
ENSG00000100036:SLC35E4	0.18	0.45	17.78	15.72	6.65	6	0.74	2.07	3.11	15.04
ENSG00000100038:TOP3B	7.62	14.92	45.33	32.93	16.56	18.84	1.27	3.39	27.29	36.1
ENSG00000100053:CRYBB3	0	0.24	0.71	0.46	2.47	1.74	0	0	0.18	0.19
ENSG00000100055:CYTH4	5.65	21.68	3.72	3.52	4.94	2.38	0.49	0.96	0.61	1.03
ENSG00000100056:ESS2	5.2	6.42	12.9	10.1	12.46	11.74	2.64	6.31	15.41	25.34
ENSG00000100060:MFNG	12.5	15.34	4.65	7.47	17.66	22.77	0.88	2.39	52.08	25.74
ENSG00000100065:CARD10	3.29	4.84	16.87	16.78	10.31	8.74	1.73	3.86	9.66	12.79
ENSG00000100075:SLC25A1	23.65	24.02	35.2	35.92	125.16	109.74	3.53	10.05	53.68	52.97
ENSG00000100077:GRK3	5.33	6.16	4.23	2.76	4.5	1.87	0.44	0.6	2.47	1.56
ENSG00000100078:PLA2G3	0	0	1.06	0.52	16.31	15.59	0.02	0.03	0.61	0.17
ENSG00000100079:LGALS2	0.31	0.37	1.52	24.11	0	0	0.44	1.03	55.14	88.02
ENSG00000100083:GGA1	43.08	58.89	40.56	38.29	64.3	66.26	6.55	16.94	40.44	45.67
ENSG00000100084:HIRA	5.5	7.19	27.64	16	27.81	19.91	1.75	4.79	44.58	19.97
ENSG00000100095:SEZ6L	0	0.15	28.47	2.33	0	0	0	0.03	0	0
ENSG00000100099:HPS4	13.8	17.43	12.87	14.66	12.03	11	1.35	3.34	8.61	12.36
ENSG00000100100:PIK3IP1	10.91	14.83	35.21	45.4	15.94	14.5	8.95	17.7	8.37	29.83
ENSG00000100104:SRRD	5.87	7.54	13.18	15.38	7.14	6.33	0.45	0.86	8.73	8.01
ENSG00000100105:PATZ1	6	7.28	15.69	12.38	4.88	2.99	0.43	0.84	13.61	10.7
ENSG00000100106:TRIOBP	47.63	57.94	109.46	70.2	80.19	68.74	9.14	28.75	51.96	31.44
ENSG00000100116:GCAT	2.38	2.98	4.51	7.98	4.98	4.97	0.32	0.95	66.81	125.09
ENSG00000100122:CRYBB1	1.01	3.67	0.24	0.12	5.11	4.17	0.01	0.03	0	0
ENSG00000100138:SNU13	54.58	58.52	62.82	54.63	72.73	70.41	0	0	26.3	125.84
ENSG00000100139:MICALL1	36.47	45.38	49.62	22.94	33.41	34.26	0.98	4.09	41.97	14.17
ENSG00000100146:SOX10	0.11	0.7	0.41	0.03	0	0	0.03	0.03	0.03	0.44
ENSG00000100147:CCDC134	1.63	3.11	11.86	9.5	4.21	3.51	1.06	2.7	3.86	8.1
ENSG00000100150:DEPDC5	13.69	13.6	12.97	8.71	14.25	15.99	0.67	1.93	8.84	1.95
ENSG00000100151:PICK1	18.93	24.34	27.45	16.91	25.67	26.53	2.05	4.84	63.62	47.81
ENSG00000100154:TTC28	7.09	10.15	5.68	2.46	2.61	2.8	0.67	1.99	0.92	0.17
ENSG00000100156:SLC16A8	0.78	0.71	0.23	0.14	0.19	0.05	0.04	0.32	0.49	1.75
ENSG00000100162:CENPM	2.37	1.81	0.5	4.12	19.99	16.07	0.29	0.86	3.15	8.76
ENSG00000100170:SLC5A1	0	0.01	0.39	14.74	4.58	0.67	0.06	0.05	6	11.65
ENSG00000100196:KDELR3	4.31	3.73	53.85	49.17	61.43	48.65	2.72	8.24	27.46	37.1
ENSG00000100206:DMC1	0.76	1	0.15	0.26	0.63	1.22	0.01	0	2.07	1.54
ENSG00000100209:HSCB	4.38	6.89	13.49	14.16	23.79	19.31	4.91	8.51	9.19	16.47
ENSG00000100216:TOMM22	30.21	33.04	93.76	90.72	82.33	72.4	14.32	23.62	0	0
ENSG00000100218:RSPH14	0.13	0.85	0.11	0	0	0	0	0	0.45	0.49
ENSG00000100219:XBP1	172.12	141.93	216.73	215.72	177.18	140.41	37.52	69.8	464.21	330.7
ENSG00000100220:RTCB	30.97	34.31	68.4	56.75	33.32	31.13	1.99	3.98	82.89	89.52
ENSG00000100221:JOSD1	18.04	20.46	31.19	24.87	122.2	80.52	6.25	13.81	23.8	28.27
ENSG00000100225:FBXO7	43.06	66.17	25.03	22.4	9.55	7.35	2.74	5.68	107.82	86.64
ENSG00000100226:GTPBP1	22.76	23.07	12.46	9.32	41.62	38.35	3.35	10.08	11.95	19.92
ENSG00000100227:POLDIP3	29.06	38.02	126.47	78.88	65.21	65.18	7.64	16.94	31.27	55.71
ENSG00000100234:TIMP3	138.95	482.59	109.93	108.66	116.04	117.22	50.95	101.73	3874.16	1588.47
ENSG00000100239:PPP6R2	26.73	44.11	13.5	13.21	10.33	14.52	4.45	15	28.42	8.13
ENSG00000100241:SBF1	22.46	38.82	63.26	42.96	29.01	26.82	3.26	14.52	5.65	5.94
ENSG00000100242:SUN2	35.53	42.45	56.32	39.36	46.4	38.36	6.72	17.94	11.85	6.5
ENSG00000100243:CYB5R3	73.14	76.12	515.84	300.43	346.67	342.34	11.69	38.01	88.54	52.43
ENSG00000100253:MIOX	0.35	0.59	0.04	0	0	0	1.83	4.13	2.06	8.73
ENSG00000100263:RHBDD3	14.56	16.93	12.9	14.38	15.61	14.7	0.49	1.17	6.1	29.74
ENSG00000100271:TTLL1	1.8	1.76	6.13	7.3	15.27	15.83	0.86	1.71	42.31	46.14
ENSG00000100280:AP1B1	37.33	45.19	45.7	40.33	58.08	41.61	3.2	8.16	24.87	34.44
ENSG00000100281:HMGXB4	19.08	19.55	14.47	15.36	8.99	6.25	1.17	2.85	12.49	10.73
ENSG00000100284:TOM1	52.34	62.88	49.24	45.86	79.92	66.95	9.13	24.23	44.8	78.98
ENSG00000100288:CHKB	48.09	88.34	60.96	58.23	70.43	79.45	3.82	13.54	19.69	82.99
ENSG00000100294:MCAT	4.13	3.86	12.07	11.33	12.73	11.09	0.45	1.53	5.68	10.19
ENSG00000100297:MCM5	27.7	25.8	3.11	2.38	30.59	28.71	0.7	1.88	3.8	14.92
ENSG00000100299:ARSA	24.85	20.87	27.7	29.04	18.7	20.92	1.94	6.73	33.02	68.51
ENSG00000100300:TSPO	8.34	12.78	63.82	67.65	139.82	85.55	3.46	13.98	96.31	153.26
ENSG00000100302:RASD2	0.15	0.16	0.53	0.84	3.56	2.46	0.01	0.02	0.31	3.13
ENSG00000100304:TTLL12	4.51	4.81	21.94	15.07	44.84	35.44	2.2	6.53	23.59	56.74
ENSG00000100307:CBX7	11.02	15.94	259.62	126.09	6.82	5.18	0.47	1.47	0.4	3.18
ENSG00000100311:PDGFB	24.66	37.69	98.62	44.24	40.56	39.95	2.8	5.69	5.1	7.39
ENSG00000100314:CABP7	0.03	0.09	0.36	0.1	0.7	0.36	0.11	0.38	0	0
ENSG00000100316:RPL3	551.03	581.94	328.02	370.69	456.07	419.52	114.21	226.55	498.7	765.03
ENSG00000100319:ZMAT5	7.38	8.24	11.98	19.63	9.2	12	1.98	4.38	43.46	122.37
ENSG00000100320:RBFOX2	24.41	39.87	29.24	18.06	26.1	20.13	4.52	9.35	37.06	29.57
ENSG00000100324:TAB1	7.42	10.91	14.94	12.82	14.41	12.55	1.55	3.42	40.67	62.07
ENSG00000100325:ASCC2	29.23	39.36	23.85	21.86	26.05	20.72	0.73	2.08	8.32	8.36
ENSG00000100345:MYH9	115.29	141.53	247.09	139.04	389.24	388.1	30.93	85.09	580.35	129.45
ENSG00000100346:CACNA1I	0.04	1.88	0.32	0.26	0.01	0.03	0	0.01	0	0
ENSG00000100347:SAMM50	7.4	10.93	61.26	41.94	55.55	59.82	5.85	12.42	23.96	57.8
ENSG00000100348:TXN2	41.27	40.92	71.56	54.51	68	64.25	6.58	14.98	0	0
ENSG00000100350:FOXRED2	3.28	10.48	1.44	0.99	1.55	0.45	0.25	0.78	1.73	2.94
ENSG00000100351:GRAP2	0.38	0.64	0.25	0.32	0.53	0	0.14	0.32	1.86	0.98
ENSG00000100353:EIF3D	66.05	82.63	83.42	67.72	132.88	110.92	13.2	25.61	131.45	186.17
ENSG00000100354:TNRC6B	3.59	4.3	6.59	3.55	5.22	6.24	2.51	6.2	7.08	2.43
ENSG00000100362:PVALB	0.24	0.42	0	0	0	0	0	0	1.82	19.54
ENSG00000100364:KIAA0930	6.98	14.26	62.99	37.96	72.87	57.48	11.29	34.96	4.47	2.78
ENSG00000100365:NCF4	13.32	24.24	1.15	5.15	13.24	8.12	1.7	2.65	1.9	4.6
ENSG00000100372:SLC25A17	10.81	12.15	27.16	40.16	41.27	39.52	10.56	14.15	30.51	46.25
ENSG00000100373:UPK3A	0	0	0.56	0	0	0	0.4	1.19	22.99	210.65
ENSG00000100379:KCTD17	39.14	39.79	98.26	101.29	5.63	4.06	2.78	7.15	3.23	1.38
ENSG00000100380:ST13	105.2	113.89	119.75	116.87	202.76	216.65	27.67	60.93	231.32	72.19
ENSG00000100385:IL2RB	3.7	6.95	38.5	24.24	0.78	0.92	0.02	0.03	0.1	0.09
ENSG00000100393:EP300	38.55	43	29.76	21.51	35.59	30.79	3.43	13.23	25.99	8.4
ENSG00000100395:L3MBTL2	10.76	10.76	10.96	6.72	12.89	10.34	1.1	3.37	4.9	7.82
ENSG00000100401:RANGAP1	28.11	26.28	31.01	29.01	32.33	32.09	2.66	8.1	54.38	58.94
ENSG00000100403:ZC3H7B	15.73	20.19	27.68	22.34	12.16	12.44	2.13	6.68	25.24	17.67
ENSG00000100410:PHF5A	31.01	35.52	37.92	38.68	83.99	69.21	3.05	5.95	117.84	114.05
ENSG00000100412:ACO2	37.51	40.92	94.14	84.35	377.01	213.98	7.67	19.59	123.95	121.47
ENSG00000100413:POLR3H	8.32	8.83	18.88	11.75	15.12	6.35	0.33	1.02	11.14	35.41
ENSG00000100416:TRMU	15.64	24.43	17.63	21.9	34.65	33.56	1.17	3.79	11.25	18.19
ENSG00000100417:PMM1	9.87	9.92	125.35	63.38	21.51	28.59	1.13	2.34	95.69	61.58
ENSG00000100418:DESI1	21.58	26.52	81.52	42.4	44.61	36.22	0.93	2.57	13.22	24.65
ENSG00000100422:CERK	4.66	7.4	27.55	21.5	9.65	11.03	0.47	1.21	22.94	6.25
ENSG00000100425:BRD1	27.46	41.06	69.73	39.94	30	26.13	1.37	6.13	15.73	13.86
ENSG00000100426:ZBED4	4.06	4.93	26.5	17.05	8.24	8.99	0.75	3.24	9.74	2.49
ENSG00000100427:MLC1	0.52	1.28	0.17	0	0	0	0.03	0.06	0	0.07
ENSG00000100429:HDAC10	12.12	17.75	6.86	6.34	11.04	11.67	1.37	4.47	5.66	14.27
ENSG00000100433:KCNK10	0	0.01	0.02	0	0	0	0.21	0.04	0.04	0
ENSG00000100439:ABHD4	15.51	19.21	70.29	60.47	118.21	136.61	3.4	7.26	10.33	16.2
ENSG00000100441:KHNYN	35.37	47.15	79.9	59.67	48.04	49.34	7.57	15.94	14.12	16.17
ENSG00000100442:FKBP3	36.92	48.26	39.69	38.78	67.28	60.38	6.77	9.9	38.66	46.1
ENSG00000100445:SDR39U1	32.1	47.89	38.74	25.71	8.04	9.6	0.84	2.28	4.49	14.95
ENSG00000100462:PRMT5	28.91	31.11	20.4	13.55	29.38	27.87	3.86	8.37	21.47	27.3
ENSG00000100473:COCH	0.84	1.34	67.51	64.85	0.05	0.1	0.02	0.02	0.05	0.09
ENSG00000100478:AP4S1	7.68	8.08	13.76	13.45	6.13	6.56	2.31	4.45	32.68	35.84
ENSG00000100483:VCPKMT	7.49	7.73	6.27	5.7	12.02	9.02	1.08	1.27	6.89	9.84
ENSG00000100485:SOS2	54.79	43.13	22.39	22.33	11.47	10.73	4.6	7.15	25.56	7.51
ENSG00000100503:NIN	33.33	39.51	14.04	7.95	8.39	7.21	3.91	8.1	4.91	0.71
ENSG00000100504:PYGL	16.67	43.38	28.02	77.95	39.49	45.77	5.56	13.73	0.68	0.2
ENSG00000100505:TRIM9	0.25	0.48	0.13	0.12	0.49	0.55	0.05	0.04	0.22	0.03
ENSG00000100519:PSMC6	91.06	100.05	71.27	62.65	102.37	92.5	16.36	21.58	96.86	92.89
ENSG00000100523:DDHD1	8.42	9.09	34.31	20.4	7.99	3.9	1.78	2.98	3.9	0.86
ENSG00000100526:CDKN3	5.15	4.32	1.15	0.76	7.38	3.8	0.77	0.72	2.56	0.13
ENSG00000100528:CNIH1	52.44	51.47	80.01	80.97	81.84	80.62	6.41	8.94	25.79	29.56
ENSG00000100532:CGRRF1	5.35	4.91	33.58	32.28	18.77	13.83	3.5	4.34	17.44	10.19
ENSG00000100557:CCDC198	0.25	0.09	0.37	0	0.19	0.23	0	0.02	67.28	28.81
ENSG00000100558:PLEK2	0.17	1.22	3.88	1.98	8.69	8.14	1.13	1.82	25.97	8.94
ENSG00000100564:PIGH	33.43	32.9	21.59	33.99	5.09	2.88	1.16	2.07	2.6	1.63
ENSG00000100565:LRRC74A	0	0	0	0	0	0	0	0	0	0
ENSG00000100567:PSMA3	124.51	157.43	103.93	164.9	148.69	148.81	22.97	31.92	156.15	119.17
ENSG00000100568:VTI1B	59.18	58.27	74.85	66.6	89.63	71.4	1.23	2.46	52.13	54.34
ENSG00000100577:GSTZ1	11.7	17.96	22.05	18.45	3.37	3.76	1.04	2.43	18.6	47.41
ENSG00000100578:KIAA0586	3.62	5.42	2.94	1.96	4.29	4.35	0.53	1.11	1.65	1.67
ENSG00000100580:TMED8	3.46	4.02	5.02	3.23	4.99	2.15	1.86	3.98	2.28	0.42
ENSG00000100591:AHSA1	98.4	128.05	70.94	77.46	85.74	94.14	12.25	39.35	193.93	154.27
ENSG00000100592:DAAM1	21.04	33.39	36.83	22.89	11.42	4.8	2.82	4.33	50.92	5.97
ENSG00000100596:SPTLC2	11.68	15.4	169.34	237.25	91.35	45.26	6.78	12.52	49.6	7.11
ENSG00000100599:RIN3	11.02	18.38	33.57	28.68	19.07	21.35	0.99	4.42	29.44	4.66
ENSG00000100600:LGMN	201.38	259.81	404.09	855.25	151.75	128.59	77.06	132.01	65.59	108.65
ENSG00000100601:ALKBH1	6.33	6.42	12.78	9.78	12.04	10.65	1.07	1.96	9.21	16.4
ENSG00000100603:SNW1	35.46	46.63	37.45	54.94	55.98	53.85	9.92	16.96	87.21	31.76
ENSG00000100604:CHGA	0.12	0.15	0.28	0.13	0.37	0.12	15.6	57.47	0.92	0.16
ENSG00000100605:ITPK1	28.4	42.92	146.49	92.97	55.89	55.12	1.96	5.13	4.15	3.58
ENSG00000100614:PPM1A	47.11	38.06	122.02	107.99	64.75	65.48	9.14	14.28	103.58	16.87
ENSG00000100625:SIX4	3.54	2.66	0.15	0.12	17.61	18.41	2.7	7.12	3.38	0.43
ENSG00000100626:GALNT16	0.44	0.55	5.22	3.97	5.44	6.42	0.24	0.62	0.37	0.09
ENSG00000100628:ASB2	13.18	5.25	0.6	1.58	0.81	0.28	0.15	0.59	0.11	0.18
ENSG00000100629:CEP128	1.6	1.36	13.72	12.46	1.61	1.65	0.57	0.76	4.38	0.92
ENSG00000100644:HIF1A	48.56	78.9	55.17	29.65	75.41	60.9	15.65	27.72	239.72	32.06
ENSG00000100647:SUSD6	12.17	17.87	47.63	48.56	28.88	27.57	3.51	9.12	37.4	13.65
ENSG00000100650:SRSF5	521.25	847.39	297.86	256.02	210.88	169.03	2.65	3.95	407.18	317.38
ENSG00000100652:SLC10A1	0.17	0.26	0.22	0	77.92	46.24	0.62	0.54	0.11	0.05
ENSG00000100678:SLC8A3	0.14	0.12	0.06	0.09	0.9	0.23	0.08	0.1	0	0
ENSG00000100697:DICER1	32.18	35.86	30.03	14.82	15.38	12.12	4.11	10.74	8.53	0.25
ENSG00000100711:ZFYVE21	35.93	58.14	64.04	76.55	40.23	29.44	5.47	8.84	21.14	34.17
ENSG00000100714:MTHFD1	13.56	13.58	9.24	13.56	21.22	20.64	2.66	6.33	25.07	19.27
ENSG00000100722:ZC3H14	33.47	42.98	65.42	59.8	42.25	39.6	7.24	11.57	10.76	10.23
ENSG00000100726:TELO2	18.94	18.04	9.82	9.9	3.67	4.61	0.63	1.85	7.46	6.9
ENSG00000100731:PCNX1	10.95	11.57	70.77	62.07	17.26	13.02	2.51	5.59	2.71	0.14
ENSG00000100749:VRK1	7	7.28	10.65	9.68	19.32	16.13	0.42	0.94	3.29	3.33
ENSG00000100764:PSMC1	79.65	88.88	88.66	90.78	139.61	127.92	15.21	25.93	233.4	101.56
ENSG00000100767:PAPLN	1.58	3.79	1.33	4.61	3.29	12.53	5.47	13.11	38.15	30.19
ENSG00000100784:RPS6KA5	18.17	10.91	2.6	1.02	12.35	13.33	0.61	1.06	6.83	2.94
ENSG00000100796:PPP4R3A	55.12	66.35	33.97	25.93	51.95	46.12	7.87	14.91	30.17	26.21
ENSG00000100802:C14orf93	4.47	5.03	12.78	5.71	4.06	5.31	0.5	1.48	2.39	5.99
ENSG00000100804:PSMB5	55.32	60.06	131.26	143.9	122.47	114.6	14.32	22.75	45.77	98.88
ENSG00000100811:YY1	46.98	49.99	49.38	42.64	93.29	73.81	3.98	9.2	26.64	10.7
ENSG00000100815:TRIP11	19.94	17.37	12.05	9.34	25.63	24.69	6.08	11.72	21.66	0.65
ENSG00000100823:APEX1	29.97	33	21.35	20.16	116.12	103.86	6.35	10.26	31.04	74.88
ENSG00000100836:PABPN1	101.47	132.43	168.12	146.72	75.45	75.74	7.87	20.76	230.28	219.51
ENSG00000100842:EFS	58.45	64.31	38.93	20.49	2.82	2.57	0.25	0.46	1.82	4.57
ENSG00000100852:ARHGAP5	18.99	25.12	24.75	13.51	20.06	20.85	10.25	17.84	27.95	3.94
ENSG00000100865:CINP	12.08	14.37	36.25	24.69	46.16	51.1	9	12.87	8.58	12.03
ENSG00000100888:CHD8	22.82	33.97	51.4	53.45	17.32	17.29	3.49	7.46	15.51	10.19
ENSG00000100889:PCK2	1.82	2.5	10.26	10.51	6.62	4.48	1.59	4.08	31.68	22.6
ENSG00000100890:PRORP	9.99	7.94	6.7	9.24	5.15	4.69	2.17	4.19	19.94	11.79
ENSG00000100897:DCAF11	19.75	22.9	41.74	37.46	35.61	28.12	4.12	9.79	25.06	32.5
ENSG00000100902:PSMA6	91.92	104.98	140.23	128.07	252.29	239.94	30.87	45.16	164.12	221.19
ENSG00000100908:EMC9	14.39	19.89	16.54	19.36	3.81	3.62	2.84	5.49	6.62	10.03
ENSG00000100918:REC8	4.85	8.46	7.44	20.38	0.25	0.38	0.12	0.19	0.08	0.3
ENSG00000100926:TM9SF1	51.3	43.52	65.3	54.58	54.33	57.91	15.37	25.88	22.67	34.76
ENSG00000100938:GMPR2	52.34	68.08	15.65	14.54	56.13	55.1	8.4	18.07	41.97	34.14
ENSG00000100941:PNN	57.38	96.04	31.51	24	152.92	183.15	12.6	32.56	210.37	62.49
ENSG00000100949:RABGGTA	21.77	25.83	48.55	23.61	19.54	16.15	0.54	1.8	24.61	38.94
ENSG00000100968:NFATC4	18.8	40.57	10.15	8.45	10.36	11.76	2.84	8.04	3.95	7.06
ENSG00000100982:PCIF1	17.14	24.63	34.8	24.31	15.48	14.36	0.94	3.29	18.71	42.74
ENSG00000100983:GSS	25.42	28.71	20.45	28.61	22.28	15.26	3.82	9.14	105.26	99.29
ENSG00000100985:MMP9	0.85	0.57	1.47	0.3	2.46	6.41	0.06	0.15	0.14	0.8
ENSG00000100987:VSX1	0	0	0	0	0.12	0.16	0	0	0.07	0
ENSG00000100991:TRPC4AP	40.37	48.4	126.56	99.57	64.76	58.25	7.88	18.22	112.76	118.86
ENSG00000100994:PYGB	7.8	10.92	18.64	17.78	43.98	36.48	0.82	2.43	158.53	12.27
ENSG00000100997:ABHD12	81.03	77.76	56.12	83.16	147.92	151.78	6.14	13.66	94.7	49.45
ENSG00000101000:PROCR	51.06	41.06	244.86	190	2.66	2.63	0.75	1.8	3.82	3.06
ENSG00000101003:GINS1	2.8	2.02	1.64	1.84	8.6	7.12	0.17	0.6	6.77	9.18
ENSG00000101004:NINL	1.81	3.23	1.92	1.39	9.83	6.97	0.4	0.72	11.02	1.77
ENSG00000101017:CD40	4.94	5.65	11.7	11.58	5.51	6.72	3.57	7.31	1.42	6.77
ENSG00000101019:UQCC1	27.35	36.82	31.18	31.22	18.94	19.1	3.06	5.65	8.31	7.13
ENSG00000101040:ZMYND8	13.83	21.17	54.97	37.86	54.51	54.16	2.97	10.65	30.26	17.68
ENSG00000101052:IFT52	9.77	8.87	24.15	21.01	5.44	4.28	3.58	5.64	10.74	16.09
ENSG00000101057:MYBL2	3.62	3.03	9.29	4.88	89.2	71.79	0.81	1.97	0.53	0.07
ENSG00000101074:R3HDML	0	0	0	0	0	0	0	0	0.53	5.08
ENSG00000101076:HNF4A	0.01	0.01	1.36	26.16	0.03	0	0.02	0	6.45	4.48
ENSG00000101079:NDRG3	10.05	16.6	13.41	11.93	32.33	41.81	3.62	6.33	11.75	11.86
ENSG00000101082:SLA2	0.08	0.36	0.32	0.16	1.66	1.67	0.04	0.05	0.09	0.09
ENSG00000101084:RAB5IF	30.34	35.14	93.57	92.47	177.02	167.73	6.96	10.71	24.04	44.43
ENSG00000101096:NFATC2	4.73	9	1	1.05	6.54	6.92	0.11	0.3	0.23	0
ENSG00000101098:RIMS4	0	0	0.04	0.06	0.16	0.06	0.1	0.18	0	0
ENSG00000101104:PABPC1L	11.81	18.63	0.91	0.64	1.04	0.43	0	0.11	0.86	0.56
ENSG00000101109:STK4	10.56	13.53	30.3	20.94	18.71	15.75	3.71	7.14	57.57	5.62
ENSG00000101115:SALL4	0.04	0.11	2.2	3.14	29.3	37.22	2.05	8.1	4.15	0.82
ENSG00000101126:ADNP	35.62	38.09	6.28	4.96	39.32	37.08	2.28	5.58	32.66	9.82
ENSG00000101134:DOK5	0.54	1.14	2.3	1.66	0.46	1.03	0	0.01	1.97	4.94
ENSG00000101138:CSTF1	15.62	14.01	13.74	10.22	9.74	10.19	1.69	2.84	8.11	6.97
ENSG00000101144:BMP7	33.1	43.95	0.35	1.4	30.35	33.54	0.05	0.07	11.35	5.26
ENSG00000101146:RAE1	18.61	20.99	47.62	42.33	31.79	29.72	6.75	8.09	16.28	12.71
ENSG00000101150:TPD52L2	47.93	54.37	97.57	78.37	82.38	66.61	7.27	14	51.3	19.32
ENSG00000101152:DNAJC5	12.97	17.76	52.07	45.55	37.17	32.63	1.96	5	11.56	1.8
ENSG00000101158:NELFCD	44.7	54.1	47.11	27.51	39.7	35.44	2.93	7.77	64.72	100.81
ENSG00000101160:CTSZ	81.26	107.78	166.84	295.85	253.05	266.38	380.22	913.18	142.51	236.1
ENSG00000101161:PRPF6	24.54	27.83	41.02	52	56.45	56.67	4.45	11.08	72.62	20.72
ENSG00000101162:TUBB1	0.45	0.86	1.29	0.3	0.48	0.72	0.31	0.99	10.46	1.28
ENSG00000101180:HRH3	0	0	0.26	0	5.12	1.97	0	0.02	0.05	0.02
ENSG00000101181:MTG2	18.8	23.15	14.26	11.75	6.63	5.04	0.55	1.37	30.8	14.37
ENSG00000101187:SLCO4A1	14.74	6.02	138.03	47.78	14.98	8.84	0.08	0.2	37.33	15.39
ENSG00000101188:NTSR1	0	0.02	3.92	3.11	0	0	0	0	0.11	0.97
ENSG00000101189:MRGBP	6.99	7.44	21.97	18.56	20.84	16.54	2.05	6.78	0	0
ENSG00000101190:TCFL5	3.35	3.5	2.62	1.46	6.5	4.22	0.95	2.13	0.74	0.39
ENSG00000101191:DIDO1	38.29	48.63	19.13	13.13	20.74	22.25	2.16	7.01	20.71	5.08
ENSG00000101193:GID8	15.72	21.77	34.59	27.57	53.42	55.73	2.57	7.01	40.99	13.67
ENSG00000101194:SLC17A9	2.76	2.65	1.2	1.58	4.6	6.07	0.21	0.78	1.97	2.41
ENSG00000101197:BIRC7	0.31	5.04	5.55	2.55	0	0	0	0	0.15	0.07
ENSG00000101199:ARFGAP1	47.22	62.36	64.61	52.06	41.96	36.58	8.97	20.88	37.4	37.85
ENSG00000101204:CHRNA4	0	0.04	2.34	1.91	0	0	0.02	0.06	0.24	0.83
ENSG00000101210:EEF1A2	0.07	0.04	0.56	0.19	0.09	0.27	0.32	1.15	0.3	0.38
ENSG00000101213:PTK6	0.3	0.57	1.11	5.28	0.27	0.17	0.32	0.82	0	0.11
ENSG00000101216:GMEB2	5.69	7.07	13.29	10.64	17.19	19.72	0.85	3.1	4.15	1.72
ENSG00000101222:SPEF1	0	0.06	1.89	2.29	0.45	1	0.11	0.62	0.24	1.04
ENSG00000101230:ISM1	29	30.79	1.35	1.67	2.41	2.8	0.2	0.62	1.36	1.38
ENSG00000101236:RNF24	1.03	1.76	5.97	2.6	6.51	6.08	0.38	0.81	9.3	12.36
ENSG00000101246:ARFRP1	20.38	23.57	30.55	34.15	58.49	55.21	4.01	12.11	14.67	4.46
ENSG00000101247:NDUFAF5	10.9	11.77	2.81	3.76	2.8	2.9	0.93	1.47	7.76	22.15
ENSG00000101251:SEL1L2	0	0	0	0	0	0	0	0.01	0	0.08
ENSG00000101255:TRIB3	2.2	3.84	7.24	13.23	44.42	31.84	0.44	1.01	1.44	14.18
ENSG00000101265:RASSF2	3.68	6.6	1.63	0.93	2.27	1.94	0.5	0.67	0.55	0.06
ENSG00000101280:ANGPT4	0.01	0.03	20.79	21.34	0.14	0.11	0.07	0.14	0.93	0.62
ENSG00000101282:RSPO4	0.29	0.35	0.55	0.67	0	0	0	0	0	0
ENSG00000101290:CDS2	15.9	16.79	52.56	46.33	21.13	19.36	5.86	10.82	5.79	3.73
ENSG00000101294:HM13	117.71	124.76	133.36	110.83	110.23	106.69	13.52	24.39	32.96	97.85
ENSG00000101298:SNPH	0.64	1.04	0.22	0.12	0.32	0.03	0	0.03	0.22	0.21
ENSG00000101306:MYLK2	0.03	0.04	0.06	0	0.14	0	0	0	0.7	0.57
ENSG00000101310:SEC23B	20.71	22.48	41.31	44.7	61.23	47.87	8.5	14.45	47.4	35.1
ENSG00000101311:FERMT1	4.58	5.39	1.99	0.91	8.85	8.29	1.93	2.5	209.22	65.64
ENSG00000101323:HAO1	0	0	0.35	0.36	0.04	0	0	0.01	0.28	0.09
ENSG00000101327:PDYN	0	0	0.04	0	0.03	0.2	1.04	0.71	0.32	0.54
ENSG00000101331:CCM2L	5.8	7.64	6.56	5.68	3.81	4.52	0.67	1.79	5.75	6.13
ENSG00000101333:PLCB4	3.79	7.06	17.72	9.82	25.97	11.26	1.17	1.89	1.23	0.64
ENSG00000101336:HCK	3.98	11.71	1.35	1.35	8.54	8.12	0.58	0.72	0.8	0.44
ENSG00000101342:TLDC2	0.15	1.77	0.39	0	19.11	45.06	0.47	0.93	0.15	0.22
ENSG00000101346:POFUT1	12.59	14.47	14.87	14.14	5.69	6.89	1.29	2.85	6.98	5.43
ENSG00000101347:SAMHD1	19.67	36.91	46.25	62.88	4.86	4.42	1.12	2.24	7.71	3.05
ENSG00000101349:PAK5	0	0.02	0.24	0	0	0	0.01	0.02	0	0.04
ENSG00000101350:KIF3B	7.14	8.08	16.15	12.35	9.72	6.42	2.76	5.26	16.88	3.31
ENSG00000101353:MROH8	1.08	2.25	0.14	0.11	0.03	0	0	0	0.03	0
ENSG00000101361:NOP56	43.66	50.24	46.2	40.5	77.98	63.07	8.43	13.27	30.3	121.69
ENSG00000101365:IDH3B	51.06	59.39	56	61.15	82.57	75.39	8.52	18.45	53.4	118.7
ENSG00000101367:MAPRE1	48.32	55.35	70.53	57.29	80.86	63.22	24.39	43.92	164.87	35.92
ENSG00000101384:JAG1	38.73	70.48	7.95	4.33	64.49	60.17	6.25	17.99	68.11	50.7
ENSG00000101391:CDK5RAP1	21.38	25.35	15.71	9.83	12.63	13.44	1.48	2.66	5.39	3.58
ENSG00000101400:SNTA1	0.65	1.84	13.57	19.25	6.38	10.98	0.04	0.32	0.31	0.29
ENSG00000101407:TTI1	8.1	8.54	12.22	7.66	6.42	6.22	0.86	2.12	3.67	5.67
ENSG00000101412:E2F1	2.07	2	1.92	2.05	14.03	11.49	0.12	0.45	1.31	0.99
ENSG00000101413:RPRD1B	23.99	35.55	27.02	17.13	13.24	13.69	2.85	6.14	10.47	1.56
ENSG00000101425:BPI	0.05	0	0	0.05	1.29	0.3	475.85	843.14	0.56	5.34
ENSG00000101438:SLC32A1	0	0	0	0.03	0	0	0	0.01	0	0
ENSG00000101440:ASIP	0.21	0.38	0	0.81	1.32	1.72	0.11	0.21	0.44	0.5
ENSG00000101442:ACTR5	1.74	2.28	5.13	6.94	9.38	8.37	0.93	1.68	14.67	11.28
ENSG00000101443:WFDC2	4.05	6.11	4.38	6.04	64.58	98.22	1.9	9.25	1262.38	4182.85
ENSG00000101445:PPP1R16B	2.18	2.55	2.98	3.11	7.26	8.56	1.48	2.87	1.73	0.04
ENSG00000101447:FAM83D	2.32	1.37	22.23	6.56	6.57	5.31	0.08	0.08	1.16	0.96
ENSG00000101448:EPPIN	0.5	0.36	0.21	0	0	0	0	0	0	0
ENSG00000101452:DHX35	5.74	5.45	8.56	8.72	4.82	4.15	0.72	1.36	2.12	2.9
ENSG00000101457:DNTTIP1	13.44	17.33	21.62	20.25	33.18	34.36	2.31	7.23	56.6	42.58
ENSG00000101463:SYNDIG1	0	0.06	0.07	0	0.36	0.25	0.01	0.02	1.94	1.2
ENSG00000101464:PIGU	20.86	26.87	28.81	21.58	15.97	20.22	1.46	2.32	9.14	25.19
ENSG00000101470:TNNC2	0.09	0.52	0.39	0	0.41	0.2	0.06	0.13	0.05	0.04
ENSG00000101473:ACOT8	9.45	12.02	14.69	14.26	13.7	10.44	2.12	4.53	71.76	113.78
ENSG00000101474:APMAP	97.81	104.31	99.2	87.05	75.49	72.56	4.12	7.86	11.43	1.87
ENSG00000101489:CELF4	0.35	1.53	0.29	0.14	0.46	0.17	0.01	0	0	0
ENSG00000101493:ZNF516	0.68	1.3	7.93	11.14	2.11	1	0.38	1.01	8.03	1.22
ENSG00000101542:CDH20	0.12	0.06	0.02	0	0	0	0.01	0.01	0.1	0.07
ENSG00000101544:ADNP2	7.61	8.59	21.6	12.58	10.34	7.64	1.85	3.24	5.42	2.92
ENSG00000101557:USP14	37	32.71	55.09	38.6	28.24	25.85	3.47	6.39	41.8	12.01
ENSG00000101574:METTL4	4.46	7	6.14	3.49	1.72	1.59	0.61	1.03	4.12	4.25
ENSG00000101577:LPIN2	18.4	19.99	80.55	57.05	50.27	45.25	2.83	4.94	18.47	1.78
ENSG00000101596:SMCHD1	29.02	33.36	44.91	23.01	20.45	18.92	4.94	8.11	9.71	0.92
ENSG00000101605:MYOM1	2.2	3.52	5.41	7.13	0.57	0.42	1.1	2.62	3.09	1.34
ENSG00000101608:MYL12A	238.51	298.57	769.86	703.73	720.39	601.83	41.09	63.41	1078.18	265.43
ENSG00000101624:CEP76	3.9	5.06	3.8	3.93	8.43	7.64	0.61	1.29	2.98	3.9
ENSG00000101638:ST8SIA5	0.04	0.04	9.82	7.12	3.45	1.43	0.08	0.34	0.09	0
ENSG00000101639:CEP192	5.53	11.25	12.75	7.21	5.25	4.95	0.67	1.47	1.04	1.17
ENSG00000101654:RNMT	14.89	14.67	23.04	21.48	23.58	17.1	3.01	4.2	16.52	4.26
ENSG00000101665:SMAD7	30.86	42.35	64.84	37.97	18.13	25.36	2.81	7.46	7.37	3.8
ENSG00000101670:LIPG	99.7	102.57	117.2	32.76	4.33	2.72	2.43	3.5	3.48	8.66
ENSG00000101680:LAMA1	0.29	0.66	47.52	47.57	0.11	0.05	0.22	0.87	22.96	8.48
ENSG00000101695:RNF125	3.22	5.22	7.81	9.39	10.67	11.81	3.12	5.49	1.03	0.73
ENSG00000101745:ANKRD12	30.27	24.94	16.29	10.04	61.23	60.5	5.1	8.6	63.71	1.29
ENSG00000101746:NOL4	0.03	0.16	0	0	0.03	0.09	0.1	0.04	0.02	0.14
ENSG00000101751:POLI	43.09	64.8	5.3	6.24	12.17	10.43	0.66	1.09	2.14	2.52
ENSG00000101752:MIB1	12.01	12.83	25.3	18.57	38.87	29.89	12.31	19.36	20.32	6.47
ENSG00000101782:RIOK3	40.92	46.14	117.65	129.96	53.19	54.89	17.11	24.54	29.48	9.63
ENSG00000101811:CSTF2	4.35	5.22	8.16	5.52	12.69	9.6	1.8	3.39	24.91	22.88
ENSG00000101842:VSIG1	1.2	1.7	0.2	5.07	0.36	0.19	0.33	0.39	0.06	0.22
ENSG00000101843:PSMD10	28.88	26.63	26.28	20.79	23.93	19.27	3.78	6.63	18.79	18.12
ENSG00000101856:PGRMC1	26.18	36.05	165.54	161.91	140.34	143.13	21.16	44.99	132.31	32.64
ENSG00000101868:POLA1	3.56	4.44	1.96	1.91	12.91	10.05	1.03	2.25	9.37	2.24
ENSG00000101871:MID1	4.13	5.24	26.63	33.52	9.09	5.82	0.46	1.24	1.18	1.4
ENSG00000101882:NKAP	11.09	13.35	9.86	5.42	11.91	10.64	1.05	2.95	0.05	0
ENSG00000101890:GUCY2F	0.1	0.15	0	0	0.08	0.02	0	0	0	0
ENSG00000101892:ATP1B4	0.29	0.12	0	0	0.14	0.16	0.04	0.1	0.65	1.74
ENSG00000101916:TLR8	0.7	2.29	0.4	0.32	1.82	1.51	0.18	0.17	0.42	1.6
ENSG00000101935:AMMECR1	12.31	17.03	14.93	6.24	11.38	3.93	1.31	3.09	4.64	2.59
ENSG00000101940:WDR13	79.36	128.92	17.52	14.34	27.29	30.96	1.86	5.35	26.71	60.1
ENSG00000101945:SUV39H1	4.07	5	9.24	7.56	5.85	5.59	0.32	0.77	2.12	2.37
ENSG00000101958:GLRA2	0.06	0	0.01	0	0	0	0	0	0	0
ENSG00000101966:XIAP	18.1	18.27	34.73	27.95	31.97	19.59	5.01	7.57	7.3	0.79
ENSG00000101972:STAG2	36.97	39.53	22.96	14.87	27.87	22.89	10.57	17.89	79.47	7.47
ENSG00000101981:F9	0	0	0	0	0.87	1.09	0.01	0	4.84	4.2
ENSG00000101986:ABCD1	10.94	15.72	25.02	22.37	10.06	10.4	1.42	5.43	12.31	9.32
ENSG00000101997:CCDC22	3.93	5.59	5.36	5.1	22.84	20.77	1.52	4.81	59.96	63.25
ENSG00000102003:SYP	0.98	0.91	6.51	4.21	0.21	0.35	0.15	0.37	1.58	7.87
ENSG00000102010:BMX	1.3	2.78	0.78	0.52	0.09	0.03	0.16	0.45	0.33	0.43
ENSG00000102024:PLS3	18.18	37.44	51.72	41.51	56.28	58.11	42.41	59.97	84.23	61.82
ENSG00000102030:NAA10	58.56	61.7	17.35	14.16	40.94	43.51	8.54	19.87	10.19	30.48
ENSG00000102032:RENBP	4.1	8.34	45.24	92.8	96.64	87.54	6.06	16.41	23.78	37.56
ENSG00000102034:ELF4	15.15	22.79	9.78	8.68	19.18	19.5	0.14	0.41	12.11	10.27
ENSG00000102038:SMARCA1	19.9	32.4	1.84	3.77	337.72	348.77	3.75	8.19	9.49	2.87
ENSG00000102053:ZC3H12B	0.26	0.23	1.13	0.39	0.03	0	0	0	4.53	0.26
ENSG00000102054:RBBP7	92.41	132.64	390.81	413.33	260.23	266.45	30.96	59.98	51.58	41.08
ENSG00000102057:KCND1	0.9	1.83	0.65	0.62	1.43	0.83	0.05	0.13	2.8	3.04
ENSG00000102078:SLC25A14	8.5	13.47	7.67	5.48	4.37	3.54	0.35	0.81	1.65	2.24
ENSG00000102081:FMR1	83.88	106.13	69.77	28.47	58.65	54.18	5.9	13.45	26.61	5.61
ENSG00000102096:PIM2	2.16	3.14	13.39	8.49	8.44	8.75	0.55	1.67	12.33	52.73
ENSG00000102098:SCML2	5.9	5.1	0.18	0.22	0.25	0.24	0.05	0.13	0.92	0.32
ENSG00000102100:SLC35A2	24.24	22.26	41.61	35.86	31.04	30.5	5.3	8.6	15.8	27.58
ENSG00000102119:EMD	66.71	64.16	43.59	36.19	75.07	64.58	9.1	23.77	36.65	64.79
ENSG00000102125:TAFAZZIN	16.39	24.26	53.24	52.34	11.75	10.19	2.36	7.11	0.12	0.23
ENSG00000102145:GATA1	0.25	0.71	7.21	5.16	0	0	0.02	0.03	7.26	29.02
ENSG00000102158:MAGT1	44.5	35.81	40.45	37.17	111.25	96.85	26.21	40.35	53.9	17.95
ENSG00000102174:PHEX	0.03	0.12	0.08	0	0.06	0.04	0.04	0.13	0.05	0.15
ENSG00000102181:CD99L2	66.91	76.49	30.84	23.66	9.56	8.59	1.26	2.77	166.32	39.2
ENSG00000102189:EEA1	15.28	17.95	19.36	13.9	22.78	17.98	4.28	8.16	69.09	6.91
ENSG00000102195:GPR50	0	0	70.37	19.29	0	0	0.01	0.01	0.79	0.74
ENSG00000102218:RP2	13.9	15.42	15.84	10.65	10.09	9.66	2.12	4.33	19.84	2.23
ENSG00000102221:JADE3	13.65	14.1	72.27	46.2	14.29	16.15	8.72	19.35	3.58	0.59
ENSG00000102225:CDK16	66.8	66.52	108.24	75.02	40	39.01	3.54	9.64	34.79	34.53
ENSG00000102226:USP11	18.35	24.77	8.92	6.62	33.88	32.89	1.38	5.18	53.61	77.26
ENSG00000102230:PCYT1B	0.81	1.23	0.98	0.67	2.49	2.51	0.03	0.06	1.28	0.19
ENSG00000102265:TIMP1	102.99	143.56	15.98	21.95	718.06	619.88	9.9	28.69	9.54	136.94
ENSG00000102271:KLHL4	0.01	0.07	0.11	0.04	0.03	0.03	0.07	0.19	7.01	1.23
ENSG00000102302:FGD1	1.38	2.29	15.71	10.82	6.23	3.88	0.25	0.83	5.72	3.73
ENSG00000102309:PIN4	16.55	14.89	47.21	62.07	91.99	114.15	2.19	2.41	9.74	52.22
ENSG00000102359:SRPX2	3.68	13.15	1.93	2.03	1.05	0.8	0.13	0.27	2.66	4.01
ENSG00000102362:SYTL4	1.75	4.04	0.56	0.31	8.82	7.77	0.92	1.84	2.7	9.5
ENSG00000102384:CENPI	1.08	1.39	1.05	1.68	6.75	5.49	1.07	1.8	0.69	0.09
ENSG00000102385:DRP2	0.03	0.02	7.54	6.33	0	0	0	0	0.01	0.05
ENSG00000102390:PBDC1	10.46	15.51	16.24	13.17	52.93	50.9	1.28	2.03	95.65	75.34
ENSG00000102393:GLA	22.82	16.09	45.32	44.44	50.83	41.25	63.72	74.28	70.23	73.89
ENSG00000102445:RUBCNL	0.79	3.32	1.18	1.63	3.25	2.27	1.48	3.2	0.15	0.33
ENSG00000102452:NALCN	0.59	1.38	0	0	0	0	0.03	0.06	0.15	0.05
ENSG00000102466:FGF14	0.04	0.27	0.05	0.02	0.73	0.26	0.05	0.09	0	0.11
ENSG00000102468:HTR2A	0	0.01	1.02	0.66	0.97	1.22	0.38	0.64	9.95	1.18
ENSG00000102471:NDFIP2	45.38	47.3	41.24	54.32	103.61	69.87	22.84	31.5	28.33	8.45
ENSG00000102524:TNFSF13B	1.68	5.94	0.5	1.3	0.66	0.49	0.08	0.15	0.06	0.05
ENSG00000102531:FNDC3A	180.98	126.25	120.69	84.6	52.69	55.17	14.8	27.85	20.17	3.4
ENSG00000102543:CDADC1	1.79	1.72	25.25	22.67	11.36	11.03	3.06	4.24	7.23	9.87
ENSG00000102547:CAB39L	4.61	5.16	13.11	11.45	27.16	25.58	2.36	3.22	13.03	20.96
ENSG00000102554:KLF5	49.03	50.87	18.32	30.77	38.34	9.81	2.45	5.19	72.95	54.25
ENSG00000102572:STK24	81.99	90.53	75.69	58.72	111.98	70.07	6.61	17.36	140.69	30.61
ENSG00000102575:ACP5	6.46	7.25	24.35	59.73	334.04	133.01	3.71	2.89	13.05	24.11
ENSG00000102580:DNAJC3	45.23	34.03	76.12	73.08	83.62	75.75	7.7	15.54	14.37	2.99
ENSG00000102595:UGGT2	10.18	12.03	3.27	2.86	1.85	1.24	1.01	2.23	1.78	0.69
ENSG00000102606:ARHGEF7	36.12	55.83	31.05	23	20.94	21.41	3.62	10.34	7.59	2.94
ENSG00000102678:FGF9	0.14	0.2	0.34	0.5	0.34	0.5	0.22	1.15	131.96	15.91
ENSG00000102683:SGCG	0	0.07	0.82	0.65	0.26	0.15	0.72	1.95	0.3	0.19
ENSG00000102699:PARP4	7.21	10.34	43.44	35.56	11.65	9.12	2.41	6.88	3.98	1.2
ENSG00000102738:MRPS31	13.99	17.7	12.61	15.82	25.28	28.38	5.44	8.45	15.05	11.11
ENSG00000102743:SLC25A15	2.39	2.73	4.88	7.65	13.7	7.42	2.65	5	4.4	2.88
ENSG00000102753:KPNA3	12.47	14.82	38.36	21.1	15.74	14.71	2.27	3.78	28.06	9.21
ENSG00000102755:FLT1	421.12	334.82	719.38	264.99	29.85	31.73	8.94	27.64	29.12	18.87
ENSG00000102760:RGCC	119.99	102.78	143.41	135.03	80.58	86.83	7.22	10.3	420.75	189.13
ENSG00000102763:VWA8	2.73	3.72	9.74	11.68	5.81	4.71	4.13	8	7.41	5.53
ENSG00000102780:DGKH	4.64	6.37	4.88	2.4	9.57	10	4.12	6.68	1.09	0.26
ENSG00000102781:KATNAL1	1.35	1.78	4.98	4.28	3.72	4.25	1.49	1.94	0.88	1.13
ENSG00000102786:INTS6	15.05	18.04	49.92	27.87	26.25	23.58	9.93	16.74	22.09	13.58
ENSG00000102794:ACOD1	0.02	0.03	0.14	0.06	0.43	1.02	0.02	0	0.11	0
ENSG00000102802:MEDAG	0.21	0.25	35.54	34.92	0.29	0.43	1.83	4.1	0.54	2.52
ENSG00000102805:CLN5	26.89	24.99	61.04	46.37	41.27	35.32	5.64	9.41	7.65	16.84
ENSG00000102837:OLFM4	0.35	0.2	0.18	0.17	0.24	0.04	0	0	0.39	0.91
ENSG00000102854:MSLN	0.11	0.31	59.2	175.69	0.78	0.75	0.16	0.55	2.4	3.31
ENSG00000102858:MGRN1	25.75	33.65	50.31	51.43	84.8	92.42	2.43	10.66	33.01	4.73
ENSG00000102870:ZNF629	2.28	2.86	3.45	3.28	3.88	2.85	0.88	1.9	0.85	1.07
ENSG00000102871:TRADD	8.66	12.06	11.16	13.48	14.62	11.85	1.5	2.78	14.25	33.4
ENSG00000102878:HSF4	15.56	27.95	1.07	3.6	15.38	23.02	2.32	6.41	2.47	5.2
ENSG00000102879:CORO1A	4.64	14.69	6.95	7.46	13.23	17.46	0.85	1.16	2.15	2.66
ENSG00000102882:MAPK3	54.74	69.44	68.71	116.65	65.94	49.31	5.54	15.14	160.6	383.48
ENSG00000102886:GDPD3	6.54	19.48	144.22	2.34	25.19	11	0.36	1.32	23.91	30.01
ENSG00000102890:ELMO3	5.46	10.99	9.75	9.46	32.1	34.45	1.65	5.2	29.77	77.68
ENSG00000102893:PHKB	34.31	53.95	13.14	9.51	11.07	10.86	3.67	6.58	16.44	6
ENSG00000102900:NUP93	21.73	19.41	19.95	16.04	22.53	19.95	4.43	6.44	15.56	15.45
ENSG00000102901:CENPT	50.17	104.65	63.15	36.12	10.45	14.66	0.05	0.23	1.31	0.27
ENSG00000102904:TSNAXIP1	0.34	0.82	0.19	0.12	0.06	0.03	0.01	0.04	2.76	1.62
ENSG00000102908:NFAT5	54.17	68.8	63.39	23.34	10.73	11.08	3.85	8.89	5.33	0.52
ENSG00000102910:LONP2	22.75	26	78.44	60.88	35.02	28.16	13.32	20.17	53.87	43.82
ENSG00000102924:CBLN1	0	0	0.25	1.25	0	0	0.01	0.02	0	0.29
ENSG00000102931:ARL2BP	23.9	30.2	51.89	44.76	19.9	21.96	2.07	4.07	16.25	13.67
ENSG00000102934:PLLP	1.69	2.56	1.86	9.15	9.93	25.73	2.01	2.32	46.19	144.85
ENSG00000102935:ZNF423	1.98	3.89	3.43	1.27	1.06	2.68	0.17	0.47	3.85	2.98
ENSG00000102967:DHODH	2.09	3.97	6.18	5.91	7.56	5.79	0.42	0.51	17.36	12.13
ENSG00000102970:CCL17	0.11	0.24	0.86	2.89	4.72	5.11	0	0	0.15	0
ENSG00000102974:CTCF	30.01	36.7	40.13	22.65	41.6	37.43	3.35	7.41	20.89	5.7
ENSG00000102977:ACD	8.78	10.81	20.16	14.96	14.36	13.46	0.87	1.94	1.78	17.69
ENSG00000102978:POLR2C	29.83	33.32	38.45	39.62	72.52	62.08	5.37	11.74	11.91	27.52
ENSG00000102981:PARD6A	1.2	0.84	7.37	5.98	2.27	0.83	0.05	0.28	0.33	2.5
ENSG00000102984:ZNF821	2.63	3.08	18.44	13.96	9.8	8.9	0.79	2.65	75.83	89.69
ENSG00000102996:MMP15	34.52	34.95	47.36	38.19	12.28	16.61	3.58	10.57	18.04	4.3
ENSG00000103005:USB1	15.63	21.09	30.58	27.29	13.45	11.98	0.72	1.82	7.26	13.36
ENSG00000103021:CFAP263	6.14	4.47	0.08	0.07	0	0.08	0.01	0.06	2.44	0.77
ENSG00000103023:PRSS54	0.16	0	0	0	0	0.06	0	0	0	0
ENSG00000103024:NME3	9.37	10.73	15.45	15.66	79	90.73	5.2	15.4	60.07	84.11
ENSG00000103034:NDRG4	2.38	5.19	17.94	14.52	1.04	0.78	0.51	1.77	16.19	33.56
ENSG00000103035:PSMD7	83.31	85.55	87.15	77.76	169.48	160.08	11.41	21.42	71.97	54.42
ENSG00000103037:SETD6	11.65	12.87	18.07	18.16	14.95	17.86	1.06	1.98	23.84	30.39
ENSG00000103042:SLC38A7	9.33	10.33	33.46	28.07	20.77	20.57	2.33	5.66	10.98	20.33
ENSG00000103043:VAC14	12.56	15.8	13.83	11.14	27.56	21.01	2.44	8.1	12.56	16.85
ENSG00000103044:HAS3	0.55	3.58	0.33	0.13	1.8	1.57	0.11	0.26	0.34	0.14
ENSG00000103047:TANGO6	2.52	2.9	1.58	1.89	8.54	7.62	0.32	0.9	6.23	5.74
ENSG00000103051:COG4	21.06	26.28	32.42	27.04	28.22	28.19	3.86	8.41	12.33	18.4
ENSG00000103056:SMPD3	0.27	0.9	0.89	3.03	2.77	1.11	0.04	0.13	0.27	0.13
ENSG00000103061:SLC7A6OS	10.31	14.66	23.13	23.18	41.33	38.8	2.65	5.06	11.45	8.52
ENSG00000103064:SLC7A6	20.1	32.06	31.26	20.98	18.52	16.02	0.54	0.88	26.46	31.89
ENSG00000103066:PLA2G15	10.18	18.7	24.31	25.23	389.7	431.44	27.48	55.03	165.7	20.07
ENSG00000103067:ESRP2	37.43	41.99	32.07	16.87	56.39	55.04	5.02	17.38	36.97	62.18
ENSG00000103091:WDR59	45.11	59.15	7.98	5.32	15.57	15.87	1.31	2.87	3.19	3.83
ENSG00000103111:MON1B	11.51	19.15	9.13	4.59	4.54	3.1	1.43	3.36	10.83	20.55
ENSG00000103126:AXIN1	5.22	6.04	37.2	27.88	38.27	26.21	2.6	10.74	13.89	9.8
ENSG00000103148:NPRL3	16.79	17.5	27.42	23.11	6.72	8.31	0.54	1.93	4.89	5.84
ENSG00000103150:MLYCD	1.94	2.18	12.67	11.77	9.01	6.09	0.27	1.02	9.22	5.24
ENSG00000103152:MPG	12.5	17.92	11.36	13.04	27.54	28.4	0.87	2.11	5.74	11.74
ENSG00000103160:HSDL1	15.42	20.27	19.68	14.54	18.95	12.78	1.25	2.83	11.3	12.43
ENSG00000103168:TAF1C	25.92	32.9	9.24	6.43	10.21	10.56	0.54	2.3	1.66	2.48
ENSG00000103174:NAGPA	3.3	6.35	16.78	13.49	14.27	13.28	0.69	1.74	40.77	64.55
ENSG00000103175:WFDC1	45.06	43.98	33.18	43.74	33.37	39.46	26.47	83.05	17.59	9.13
ENSG00000103184:SEC14L5	0.25	0.33	0.15	0.07	0.21	0.06	0.13	0.22	6.83	3.15
ENSG00000103187:COTL1	104.74	83.1	46.1	56.52	478.9	517.45	2.33	3.47	76.86	37.62
ENSG00000103196:CRISPLD2	15.15	56.09	13.09	18.19	136.37	185.63	1.63	7.12	4.07	2.72
ENSG00000103197:TSC2	37.83	63.01	48.86	48.95	17.35	16.78	1.31	5.18	8.17	10.16
ENSG00000103202:NME4	15.73	25.02	2.05	2.51	46.86	35.32	0.16	0.41	4.39	6.61
ENSG00000103222:ABCC1	4.77	8.9	14.48	8.22	21.83	7.8	0.47	2.41	7.18	8.83
ENSG00000103241:FOXF1	10.49	13.95	10.36	10.1	9.49	12.64	1.71	6.7	2.13	5.91
ENSG00000103245:CIAO3	12.7	18.08	14.08	11.34	16.71	20.44	1.8	5.88	20.09	8.55
ENSG00000103248:MTHFSD	9.35	12.98	24.28	21.93	1.01	1.79	0.23	0.6	4.88	2.42
ENSG00000103249:CLCN7	25.45	40.87	40.06	38.21	65.92	76.96	3.61	12.75	8.79	2.71
ENSG00000103253:HAGHL	1.26	1.01	8.33	12.18	10.81	9.19	0.3	1.22	10.95	16.48
ENSG00000103254:ANTKMT	3.59	4.3	25.57	40.61	71.58	59.29	3.17	8.33	23.12	32.12
ENSG00000103260:METRN	1.9	2.3	3.33	4.12	1.36	0.29	0	0.01	3.53	4.07
ENSG00000103264:FBXO31	12.85	11.84	9.75	5.23	8.36	4.55	2.25	8.52	17.18	0.67
ENSG00000103266:STUB1	21.14	29.58	118.54	109.03	56.93	49.32	8.3	21.59	94.67	70.96
ENSG00000103269:RHBDL1	0.25	1.12	0.64	0	2.13	0.98	0.42	0.97	4.89	7.78
ENSG00000103274:NUBP1	20.4	28.92	12.69	12.73	12.61	8.36	1.69	3.97	15.75	48.09
ENSG00000103310:ZP2	0.49	0.54	0	0	0	0.06	0	0	0.03	0
ENSG00000103316:CRYM	0.08	0.16	1.74	1.21	0.25	0	0.64	1.12	6.18	11.09
ENSG00000103319:EEF2K	7.79	11.39	51.61	43.04	67.76	63.56	1.81	4.55	25.3	9.81
ENSG00000103335:PIEZO1	27.35	48.21	43.77	50.55	20.65	20.12	3.18	11.17	21.51	31.55
ENSG00000103342:GSPT1	52.95	57.43	74.28	76.22	339.62	243.96	10	19.38	139.39	28.48
ENSG00000103351:CLUAP1	5.92	8.03	9.55	8.67	12.1	11.88	1.24	2.86	23.34	9.9
ENSG00000103353:UBFD1	18.9	22.18	56.01	32.04	346.75	249.11	3.53	8.3	44.53	20.41
ENSG00000103355:PRSS33	0	0	0	0	0.67	0.43	0.11	0.59	0	0.09
ENSG00000103356:EARS2	11.8	11.96	8.75	5.11	1.82	1.05	0.73	1.63	9.34	5.69
ENSG00000103363:ELOB	70.78	83.78	373.89	536.75	0.14	0.55	26.79	56.43	112.78	653.63
ENSG00000103365:GGA2	36.92	45.81	71.67	70.53	107.2	93.83	4.27	9.63	19.36	12.08
ENSG00000103375:AQP8	0.08	0.05	145.19	180.64	0	0	0	0	26.35	0.33
ENSG00000103381:CPPED1	24.86	31.81	9.24	9.33	50.79	58.12	0.79	1.55	15.2	18.1
ENSG00000103404:USP31	2.72	5.39	10.63	5.27	8.56	6.59	0.82	2.59	1.26	0.28
ENSG00000103415:HMOX2	18.58	20.07	42.76	50.26	424.53	292.67	9.15	22.01	32.84	25.45
ENSG00000103423:DNAJA3	23.49	29	25.31	20.5	42.83	37.1	2.66	7.32	48.21	10.85
ENSG00000103429:BFAR	26.5	34.48	33.77	26.86	53.25	54.75	3.14	5.63	51.04	53.75
ENSG00000103449:SALL1	3.17	2.79	8.67	6.6	1.89	4.14	0	0	30.28	18.07
ENSG00000103460:TOX3	0	0.13	1.3	1.89	0	0	0.03	0.14	0.37	0.22
ENSG00000103479:RBL2	21.42	29.37	15.03	16.38	13.38	13.98	1.92	4.78	9.23	5.62
ENSG00000103485:QPRT	32.67	41.84	1.85	2.39	59.5	49.69	2.2	6.51	3.95	21.45
ENSG00000103489:XYLT1	2.56	5.28	34.59	12.17	2.06	0.85	0.28	1.17	0.64	0.02
ENSG00000103490:PYCARD	3.7	8.5	3.54	4.82	21.85	16.64	1.68	3.1	1.07	4.08
ENSG00000103494:RPGRIP1L	1.24	1.94	5.28	2.49	1.94	1.43	0.33	0.61	4.83	3.9
ENSG00000103496:STX4	41.37	55.64	92.82	90.7	33.27	29.89	3.15	7.61	225.61	185.5
ENSG00000103502:CDIPT	36.88	38.84	86.49	86.65	42.09	34.22	6.04	13.25	14.2	56.69
ENSG00000103507:BCKDK	13.35	15.61	37.94	36.01	18.67	22.22	1.95	6.98	28.36	16.41
ENSG00000103510:KAT8	47.57	52.23	25.71	20.54	81.02	93.86	3.09	8.43	63.12	69.23
ENSG00000103522:IL21R	0.19	1.78	15.64	4.28	0.93	0.52	0.34	0.66	0.1	0.14
ENSG00000103528:SYT17	3.72	5.47	0.35	0.17	1.57	2.84	0.51	2.23	0.57	0.3
ENSG00000103534:TMC5	9.98	15.91	18.49	8.13	0.16	0.11	0.03	0.07	0.82	1.68
ENSG00000103540:CCP110	6.46	7.84	5.3	3.97	6.27	4.01	0.94	1.82	6.61	1.38
ENSG00000103544:VPS35L	22.51	26.12	122.29	62.34	15.89	14.42	3.2	7.31	11.81	11.07
ENSG00000103546:SLC6A2	38.18	34.61	60.54	30.04	0.5	0.45	0	0	0.39	0.04
ENSG00000103549:RNF40	37.84	44.52	34.39	27.88	27.83	21.57	2.69	7.72	51.12	11.06
ENSG00000103550:KNOP1	14.38	18.28	28.61	15.45	13.02	10.28	1.91	4.68	50.64	29.16
ENSG00000103569:AQP9	0.95	1.54	1.45	0.66	0.72	0.26	2.3	3.55	2.4	12.18
ENSG00000103642:LACTB	6.78	10.17	20.08	12.94	12.2	10.09	1.01	1.51	17.27	18.86
ENSG00000103647:CORO2B	1.53	1.57	8.58	12.18	5.66	7.51	0.41	1.33	3.66	3.15
ENSG00000103653:CSK	14.11	20.33	54.63	47.33	51.72	37.36	1.21	3.79	40.02	54.42
ENSG00000103657:HERC1	13.58	21.06	20.72	12.19	6.34	6.39	4.2	8.12	18.77	5.29
ENSG00000103671:TRIP4	13.02	16.19	17.46	14.73	36.56	33.19	2.53	4.45	15.31	16.53
ENSG00000103707:MTFMT	5.47	7.27	8.14	9.79	11.24	10.38	2.51	4.97	3.22	10.9
ENSG00000103710:RASL12	7.85	8	3.11	16.59	14.25	16.76	7.5	17.98	4.04	2.3
ENSG00000103723:AP3B2	1.76	1.11	4.75	2	0	0	0	0	0.14	0.04
ENSG00000103740:ACSBG1	0.64	0.99	4.93	3.26	0.46	0.32	0.1	0.15	0.17	0.47
ENSG00000103742:IGDCC4	20.96	27.5	2.71	0.92	6.78	6.13	0.1	0.3	0.22	0.03
ENSG00000103811:CTSH	17.81	76.24	27.17	404.92	172.44	112.03	73.28	108.54	315.59	103.38
ENSG00000103852:TTC23	6.2	8.58	7.93	9.57	1.62	1.61	0.76	1.76	31.62	24.56
ENSG00000103855:CD276	49.11	90.21	11.94	3.86	10.53	11.3	0.63	2.09	25.6	12.98
ENSG00000103876:FAH	4.14	3.92	19.96	21.49	9.42	7.89	1.19	3.13	2.25	2.29
ENSG00000103888:CEMIP	4.99	4.57	8	4.78	13.03	8.03	4.22	3.05	12.99	2.36
ENSG00000103932:RPAP1	8.55	11.74	11.23	7.44	14.44	15.45	1.54	4.96	6.9	11.19
ENSG00000103942:HOMER2	1	1.07	30.54	9.85	0.05	0	0.24	0.37	26.67	0.87
ENSG00000103966:EHD4	3.33	5.65	83.24	64.54	18.94	20.47	6.44	11.86	37.85	11.62
ENSG00000103978:TMEM87A	45.44	47.27	31.85	39.86	56.5	55.13	16.11	27.8	57.68	60.22
ENSG00000103994:ZNF106	10.24	16.08	38.61	24.74	7.91	6.57	2.27	4.86	11.3	2.13
ENSG00000103995:CEP152	6.09	5.03	2.48	1.77	1.17	1.13	0.24	0.51	4.24	1.43
ENSG00000104043:ATP8B4	2.43	8.07	0.36	0.23	1.52	1.75	0.03	0.02	1.21	0.21
ENSG00000104044:OCA2	0.17	1.2	0.03	0	0.32	0.46	0.01	0	0.1	0.22
ENSG00000104047:DTWD1	6.67	10.3	4.48	4.33	3.98	3.85	0.27	0.71	9.81	5.58
ENSG00000104055:TGM5	0	0.02	0.18	0	0.47	0.13	0.08	0.06	3.62	2.02
ENSG00000104059:ENTREP2	0.02	0.01	0.39	0.27	0.13	0.03	0.09	0.24	0.12	0
ENSG00000104064:GABPB1	17.09	18.12	16.71	9.56	9.63	9.25	1.18	1.9	6.24	7.17
ENSG00000104067:TJP1	59.46	84.37	82.45	64.05	90.98	74.7	8.5	22.78	38.64	5.1
ENSG00000104081:BMF	3.32	8.33	14.27	20.3	13.56	12.67	1.97	5.04	1.3	6.76
ENSG00000104093:DMXL2	25.25	36.65	28.9	23.55	8.21	9.07	1.09	1.9	4.84	0.71
ENSG00000104112:SCG3	0.04	0.02	0.09	0	0	0	0.07	0.07	0.74	0.66
ENSG00000104129:DNAJC17	23.19	31.62	16.2	10.03	19.94	22.89	3.09	6.43	35.7	55.14
ENSG00000104133:SPG11	17.55	31.05	11.09	6.56	6.74	6.2	2.02	4	6.76	5.07
ENSG00000104140:RHOV	9.04	15.45	7.27	7.94	4	3.47	2.47	3.27	5.94	21.4
ENSG00000104142:VPS18	6.23	8.34	15.02	13.24	12.04	11.03	2.38	4.84	17.47	13.51
ENSG00000104147:OIP5	1.2	0.92	0.63	1.2	6.43	3.02	1.3	1.92	4.22	2.72
ENSG00000104154:SLC30A4	3.17	3.49	56.85	27.72	51.11	31.41	1.75	3.46	22.45	10.28
ENSG00000104164:BLOC1S6	101.25	109.39	33.15	23.5	20.82	16.25	4.63	7.89	11.7	0.96
ENSG00000104205:SGK3	5.23	5.17	40.17	66	16.34	16.04	2.15	3.11	5.87	2.87
ENSG00000104213:PDGFRL	7.75	11.06	3.53	1.82	1.53	0.37	1.29	3.28	3.27	4.22
ENSG00000104218:CSPP1	13.02	16.97	28.06	27.8	4.53	3.99	3.03	5.58	14.37	2.91
ENSG00000104219:ZDHHC2	7.05	5.49	7.39	3.99	3.33	2.67	0.49	0.87	6.44	14.12
ENSG00000104221:BRF2	3.52	5.56	11.35	7.23	38.38	49.68	3.84	8.68	1.84	3.52
ENSG00000104228:TRIM35	5.25	7.44	39.37	30.56	9.07	6.12	0.66	1.13	1.63	4.52
ENSG00000104231:ZFAND1	22.25	25.38	9.11	10.69	29.27	14.07	1.26	1.74	2.44	1.06
ENSG00000104237:RP1	1.93	0.63	0.03	0.02	0	0	0.02	0.01	0.38	0.02
ENSG00000104290:FZD3	1.4	1.29	0.84	0.46	5.08	3.64	0.14	0.33	0.27	0.48
ENSG00000104299:INTS9	8.13	9.77	15.28	11.92	12.44	9.66	0.99	1.86	10.58	9.39
ENSG00000104312:RIPK2	16.69	20.91	9.83	6.61	31.24	23.53	3.22	4.96	19.67	15.6
ENSG00000104313:EYA1	0.13	0.29	1.47	1.06	0	0.03	0	0	0.13	0.08
ENSG00000104321:TRPA1	0.23	0.5	0.01	0	3.33	6.25	0.01	0.01	1.55	0.08
ENSG00000104324:CPQ	14.17	17.81	7.99	10.16	80.2	124.35	1.95	4.52	5.29	6.04
ENSG00000104325:DECR1	22.08	35.09	26.29	20.65	5.82	4.61	6.03	8.61	27.68	28.56
ENSG00000104327:CALB1	0.81	1.36	0	0	0	0	0	0	0	0
ENSG00000104331:BPNT2	33.63	32.8	24.99	15.25	40.31	31.44	11.27	18.05	7.42	1.79
ENSG00000104332:SFRP1	4.35	11.64	4.94	3.43	33.94	7.26	3.13	6.75	0.75	1.73
ENSG00000104356:POP1	0.63	0.65	3.18	3.27	4.32	2.96	0.33	0.59	2.24	0.49
ENSG00000104361:NIPAL2	4.21	7.79	2.66	4.45	10.54	11.22	5.68	5.87	3.13	0.8
ENSG00000104365:IKBKB	23.34	30.8	30.63	25.06	36.49	29.57	3.86	8.94	142.81	31.51
ENSG00000104368:PLAT	13.39	7.89	31.33	14.54	217.22	163.03	12.22	30.52	3824.29	3850.88
ENSG00000104369:JPH1	0.27	0.28	0.38	0.83	7.23	4.33	0.08	0.3	5.97	1.44
ENSG00000104371:DKK4	0	0	0	0	13.09	29.64	0	0	0	0
ENSG00000104375:STK3	68.91	62.57	14.89	13.08	45.47	42.81	7.28	9.64	130.47	19.98
ENSG00000104381:GDAP1	0.64	1.54	0.06	0	0.37	0.33	0.06	0.09	0	0
ENSG00000104388:RAB2A	179.49	213.04	121.17	115.23	125.59	107.64	25.92	39.16	120.19	84.31
ENSG00000104408:EIF3E	258.25	334.41	81.97	93.89	234.85	217.1	48.95	57.34	0	0
ENSG00000104412:EMC2	54.59	63.68	29.24	23.77	48.64	46.72	8.75	11.93	91.08	35.86
ENSG00000104415:CCN4	0.19	0.67	9.26	4.2	1.61	2.6	1	5.45	9.45	16.52
ENSG00000104419:NDRG1	46.51	70.84	397.29	259.56	221.39	220.63	23.3	40.05	58.66	129.83
ENSG00000104432:IL7	0.97	0.56	0.07	0.06	1.54	0.95	0	0	0.39	0.47
ENSG00000104435:STMN2	0	0	3.31	4.72	4.05	2.37	0	0	34.83	7.9
ENSG00000104442:ARMC1	16.57	16.91	13.57	12.09	25.49	22.51	3.7	5.37	23.29	4.53
ENSG00000104447:TRPS1	0.8	1.7	1.36	0.72	2.33	1.5	0.91	1.74	7.68	1.69
ENSG00000104450:SPAG1	1.05	1.89	8.53	4.22	18.16	15.98	6.35	8.85	9.94	4.31
ENSG00000104472:CHRAC1	25.16	28.6	26.38	30.8	28.85	21.3	1.32	2.25	10.92	11.23
ENSG00000104490:NCALD	4.14	4.78	2.08	3.92	6.81	5.83	0.42	0.89	3.63	6.29
ENSG00000104517:UBR5	65.43	90.09	115.82	78.3	28.29	23.24	7.7	14.9	43.17	12.62
ENSG00000104518:GSDMD	24.14	27.87	30.31	41.29	7.98	6.65	3.17	5.76	7.44	6.58
ENSG00000104522:GFUS	38.22	38.06	43.54	45.17	30.83	23.74	2.18	4.89	75.56	125.83
ENSG00000104529:EEF1D	188.94	289.1	151.74	138.78	169.15	165.14	23.75	47.27	66.85	102.45
ENSG00000104537:ANXA13	0.02	0	0.04	0	0	0.11	0.17	0.35	0	0.14
ENSG00000104549:SQLE	42.1	29.26	30.62	63.69	14.14	11.38	14.22	24.9	23.23	23.36
ENSG00000104635:SLC39A14	1.34	3.34	86.12	30.05	34.33	25.83	2.21	4.57	1.86	0.26
ENSG00000104643:MTMR9	5.84	6.35	35.96	22.88	5.84	5.54	1.38	2.51	4.79	0.85
ENSG00000104671:DCTN6	71.23	78.96	51.47	57.93	50.63	43.86	7.1	10.79	46.93	67.24
ENSG00000104679:R3HCC1	13.99	18.63	8.76	7.26	8.55	7.57	0.04	0.09	7.83	24.1
ENSG00000104687:GSR	18.84	24	19.99	23.89	217.07	131.34	2.85	5.07	238.02	365.06
ENSG00000104691:UBXN8	10.93	11.89	30.84	23.62	20.82	18.9	1.17	1.83	28.86	39.08
ENSG00000104714:ERICH1	23.46	46.78	6.38	4.36	14.39	14.33	1	2.04	6.1	2.58
ENSG00000104728:ARHGEF10	4.46	9.75	21.88	21.87	5.6	5.49	1.13	3.14	10.85	2.37
ENSG00000104731:KLHDC4	12.27	19.12	19.26	17.59	26.02	31.63	1.15	3.23	19.82	32.46
ENSG00000104755:ADAM2	0.34	0.31	0	0	0	0	0	0.01	0	0.03
ENSG00000104756:KCTD9	7.31	12.53	45.98	29.12	29.69	23.98	5.86	7.13	31.14	22.92
ENSG00000104760:FGL1	0.7	5.22	0.45	4.63	0.4	0.16	0.21	0.26	5.42	46.57
ENSG00000104763:ASAH1	156.35	214.09	88.29	93.14	103.02	110.82	41.7	55.26	284.68	487.72
ENSG00000104774:MAN2B1	18.29	29.18	45.33	68.61	224.08	300.61	10.45	26.03	0	42.66
ENSG00000104804:TULP2	0	0	0.38	0.3	0.87	1.7	0.6	1.59	2.96	14.07
ENSG00000104805:NUCB1	97.85	92.64	379.8	365.11	171.05	158.46	18.92	43.22	106.98	90.11
ENSG00000104808:DHDH	0.16	0.06	1.86	1.86	18.93	14.63	3.53	7.52	10.68	64.87
ENSG00000104812:GYS1	5.07	8.67	29.55	30.75	27.55	23.41	0.92	2.29	35.17	46.99
ENSG00000104814:MAP4K1	5.95	6.35	1.2	0.96	1.48	0.82	0.05	0.13	0.65	4.02
ENSG00000104823:ECH1	139.55	159.47	89.31	99.67	22.4	15.81	3.52	7.48	181.39	261.27
ENSG00000104824:HNRNPL	132.18	138.82	157.78	125.31	155.36	133.84	18.19	44.87	73.62	114.87
ENSG00000104825:NFKBIB	10.66	12.11	34.11	28.47	34.29	28.57	4.6	14.07	39.35	60.23
ENSG00000104835:SARS2	11.41	19.71	8.02	3.92	16.35	14.34	0.35	1.38	12.58	32.59
ENSG00000104848:KCNA7	2.9	1.01	0.3	0.81	0.24	0.23	0.09	0.29	0.11	0.05
ENSG00000104853:CLPTM1	59.61	68.97	128.35	96.35	102.76	99.86	4.23	14.07	108.08	110.03
ENSG00000104856:RELB	2.7	3.23	9.26	6.75	10.99	6.11	1.76	3.95	1.91	9.68
ENSG00000104859:CLASRP	50.15	88.67	31.24	33.14	36.48	44.03	0.81	3.45	27.73	31.32
ENSG00000104866:PPP1R37	8.42	10.81	46.22	45.18	42.36	35.41	2.69	8.93	14.61	21.7
ENSG00000104870:FCGRT	44.18	75.74	29.07	305.13	502.03	313.1	28.82	66.73	20.38	44.32
ENSG00000104872:PIH1D1	36.76	40.58	20.73	19.69	38.96	32.52	2.4	4.72	18.66	81.99
ENSG00000104879:CKM	0	0.04	0.21	0.58	0.11	0.05	0.03	0.04	0.85	0.43
ENSG00000104880:ARHGEF18	6.21	7.74	77.65	43.93	32.1	21.55	2.93	10.92	35.54	2.5
ENSG00000104881:PPP1R13L	81.46	113.56	57.07	33.71	21.17	26.54	1.71	6.93	13.66	39.28
ENSG00000104883:PEX11G	0.82	0.94	5.64	5.04	22.17	27.24	0.17	0.39	7.58	21.87
ENSG00000104884:ERCC2	4.71	6.2	19.44	14.64	20.61	20	0.72	2.85	14.98	16.9
ENSG00000104885:DOT1L	15.52	22.51	33.98	24.89	32.75	21.51	0.84	3.59	8.19	0.77
ENSG00000104886:PLEKHJ1	15.42	24.36	50.38	38.8	34.77	37.68	4.01	7.4	148.36	96.83
ENSG00000104888:SLC17A7	0.08	0.16	0	0.09	2.93	3.7	0.02	0.09	0	0
ENSG00000104889:RNASEH2A	6	5.61	28.64	32.03	49.06	41.8	1.31	3.84	38.27	100.28
ENSG00000104894:CD37	6.69	11.35	1.75	1.39	5.65	6.19	0.29	1.06	1.7	1.31
ENSG00000104897:SF3A2	28.76	36.42	27.92	27.98	21.43	23.62	1.37	4.23	15.49	8.4
ENSG00000104903:LYL1	3.73	7.45	1.53	2.66	4.09	4.07	0.51	1.18	0.37	1.57
ENSG00000104904:OAZ1	384.51	485.09	246.55	255.65	735.29	638.67	70.27	127.36	652.97	1165.73
ENSG00000104907:TRMT1	10.22	16.84	44.51	38.87	12.8	10.95	1.76	4.15	9.72	59.97
ENSG00000104918:RETN	0.48	0.76	0.06	0	1.95	0.96	0.03	0	0.18	8.98
ENSG00000104921:FCER2	0.13	0.49	0.4	0.2	0.23	0	0	0	6.43	11.66
ENSG00000104936:DMPK	22.73	43.55	16.84	12.83	1.89	2.15	1.65	6.19	7.67	20.61
ENSG00000104946:TBC1D17	33.77	46.66	64.38	51.62	40	37.34	1.87	6.37	15.77	61.46
ENSG00000104951:IL4I1	0.88	1.28	1.78	2.19	1.55	1.19	0.03	0.06	1.29	16.5
ENSG00000104957:YJU2B	42.4	55.21	21.04	10.83	19.28	21.73	1.92	5.15	33	71.08
ENSG00000104964:TLE5	498.82	493.77	77.94	102.53	259.5	241.32	16.71	43.53	133.27	235.62
ENSG00000104967:NOVA2	4.39	6.37	1.81	1.53	3.45	4.89	0.24	0.9	0	0.18
ENSG00000104973:MED25	22.02	22.91	58.81	50.1	72.9	63.59	0.89	3.7	2.14	40.27
ENSG00000104976:SNAPC2	4.78	4.94	20.56	16.99	16.41	11.92	1.93	3.85	18.78	18.17
ENSG00000104979:C19orf53	30.8	45.31	188.72	193.02	19.1	21.43	9.26	19.3	118.52	261.54
ENSG00000104980:TIMM44	14.13	16.54	30.44	30.32	18.96	15.7	3.05	5.37	29.46	31.4
ENSG00000104983:CCDC61	4.26	4.41	8.98	17.85	17.4	24.36	1.2	4.17	6.9	30.3
ENSG00000105011:ASF1B	5.4	3.07	2.14	1.46	9.57	8.09	0.06	0.12	3.17	7.15
ENSG00000105048:TNNT1	0.48	2.62	2.62	0.87	2.22	0	0.32	0.49	0.72	0.41
ENSG00000105053:VRK3	21.01	25.93	24.99	33.5	6.17	7.19	1.15	3.08	20.25	29.01
ENSG00000105072:C19orf44	2.15	3.94	3.61	4.18	1.21	1.86	0.27	0.76	8.81	4.06
ENSG00000105085:MED26	7.6	9.61	12.32	9.02	8.41	7.64	0.6	1.73	13.54	4.38
ENSG00000105088:OLFM2	8.42	6.52	3.04	0.93	5.81	4.42	0.14	0.33	1.27	3.32
ENSG00000105131:EPHX3	0.19	0.3	0.15	0	11.36	8.97	0.09	0.51	1.46	3.5
ENSG00000105135:ILVBL	65.78	62.21	48.06	47.55	16.82	17.01	18.39	39.57	113.81	106.41
ENSG00000105137:SYDE1	57.37	60.36	24.24	17.62	20.25	16.91	1.32	4.14	3.04	6.17
ENSG00000105141:CASP14	0.03	0.04	1.9	1.2	0	0	0	0	0	0
ENSG00000105143:SLC1A6	0.06	0.39	0.53	0.32	0	0	0	0.01	0.05	0.13
ENSG00000105171:POP4	37.28	36.25	11.8	13.66	17	13.58	2	3.47	3.07	2.34
ENSG00000105176:URI1	19.82	23.67	20.4	14.11	11.56	9.22	3.27	5.8	26.13	17.53
ENSG00000105185:PDCD5	55.33	62.64	52.9	60.99	110.25	97.34	8.04	10.49	0	0
ENSG00000105186:ANKRD27	15.55	28.24	22.12	21.75	73.72	99.1	3.28	8.2	15.46	4.68
ENSG00000105197:TIMM50	33.58	30.05	32.96	24.96	46.89	39.78	0.76	1.38	72.76	84.38
ENSG00000105202:FBL	60.87	64.82	35.41	31.17	110.14	94.27	5.26	13.02	45.33	54.39
ENSG00000105204:DYRK1B	6.84	6.39	16.87	13.68	14.85	15.95	1.97	7.65	0.5	8.64
ENSG00000105220:GPI	25.15	32.89	112.14	155.77	115.76	109.97	12.01	32.16	74.73	115.95
ENSG00000105221:AKT2	61.24	96.09	64.1	49.56	74.31	65.33	4.94	15.33	45.15	21.93
ENSG00000105223:PLD3	120.93	134.47	109.83	111.07	532.75	641.7	9.14	21.09	62.91	141.73
ENSG00000105227:PRX	3.44	4.56	8.84	6.85	2.04	1.97	1.21	2.66	0	0
ENSG00000105229:PIAS4	12.51	22.68	21	26	20.58	18.97	2.66	7.71	22.16	7.81
ENSG00000105245:NUMBL	3.03	5.68	18.76	18.31	4.01	3.92	0.22	0.75	1.48	2.19
ENSG00000105246:EBI3	1647.56	1459.48	0.7	0.52	3.28	3.52	0.44	1.09	0.18	0.04
ENSG00000105248:YJU2	19.15	23	6.72	7.28	15.18	15.05	1.28	4.57	11.46	18.33
ENSG00000105251:SHD	0	0.29	0.48	0	3.8	4.02	0.01	0.27	0	0.09
ENSG00000105254:TBCB	29.29	37.42	55.42	91.66	82.87	82.94	8.59	16.97	104.34	88.04
ENSG00000105255:FSD1	0.73	0.63	0.3	0.27	0.43	0.39	0.03	0.1	0.3	0.58
ENSG00000105258:POLR2I	15.65	18.11	25.6	27.19	116.26	99.53	2.14	5.18	33.4	77.29
ENSG00000105270:CLIP3	2.45	5.7	13.34	4.01	7.05	6.5	0.24	0.75	3.54	10.81
ENSG00000105278:ZFR2	0.07	0	4.86	4	0	0	0.02	0.02	0.47	0.32
ENSG00000105281:SLC1A5	16.99	28.84	40	39.58	10.63	7.9	16.89	35.5	6.13	27.79
ENSG00000105289:TJP3	5.83	8.85	4.32	10.93	87.07	91.72	5.05	11.98	42.39	37.5
ENSG00000105290:APLP1	0.85	0.91	27.39	22.02	10.37	3.88	0.83	1.97	8.75	9.62
ENSG00000105298:CACTIN	6.97	10.56	25.07	18.32	22.11	21.55	1.58	5.27	28.74	29.7
ENSG00000105321:CCDC9	17.24	24.79	66.58	57.24	32.13	29.36	3.57	11.78	40.3	49.58
ENSG00000105323:HNRNPUL1	66.7	107.61	64.33	41.66	111.43	108.95	7.58	20.7	54.32	19.45
ENSG00000105327:BBC3	4.12	4.75	10.87	6.24	14.06	10.01	0.68	1.87	3.15	11.4
ENSG00000105329:TGFB1	227.8	77.74	42.17	31.4	104.87	70.75	1.89	7.04	48.16	64.56
ENSG00000105339:DENND3	17.03	28.89	5.53	5.96	27.29	15.58	1.08	3.04	2.97	1.17
ENSG00000105355:PLIN3	42.97	34.8	43.21	58.63	9.91	8.51	4.37	9.43	14.53	31.83
ENSG00000105364:MRPL4	20.28	23.85	42.65	37.92	23.83	20.59	3.06	6.31	38.19	72.05
ENSG00000105370:LIM2	0	0	0	0	0	0	0	0	0	0
ENSG00000105373:NOP53	93.62	111.13	87.91	95.81	101.35	75.67	4.65	14.24	47.23	59.27
ENSG00000105374:NKG7	2.22	4.87	0.18	0.4	19.17	12.15	0.75	1.58	0.18	0
ENSG00000105376:ICAM5	0.11	1.04	0.32	0.16	0.02	0.02	0.03	0.03	0.04	0.07
ENSG00000105393:BABAM1	63.32	79.29	40.92	40.48	37.94	31.35	4.51	10.5	63.13	82.78
ENSG00000105397:TYK2	39.78	67.01	14.14	11.34	30.9	27.17	2.15	6.26	10.95	7.35
ENSG00000105401:CDC37	77.02	105.75	92.14	94.63	145.7	129.74	9.16	18.94	248.86	147.48
ENSG00000105402:NAPA	72.54	83.79	98.27	119.25	89.25	85.48	3.21	9.76	124.76	176.35
ENSG00000105428:ZNRF4	0	0	0	0	0	0	0	0	0	0
ENSG00000105429:MEGF8	4.2	7.15	17.75	12.92	13.25	16.22	0.37	1.51	1.5	12
ENSG00000105438:KDELR1	112.95	123.79	158.58	153.06	83.89	75.56	5.42	12.84	45.04	279.77
ENSG00000105467:SYNGR4	0	0	0.16	0	0.05	0.14	0.02	0.06	0.69	11.06
ENSG00000105472:CLEC11A	2.34	5.51	0.62	0.87	7.66	4.53	1.67	3.9	4.13	33.52
ENSG00000105507:CABP5	0	0	0	0	0	0	0	0	9.21	1.53
ENSG00000105509:HAS1	0.19	0	1.51	1.89	0.07	0.11	0.43	1.92	0.05	0.18
ENSG00000105514:RAB3D	3.97	4.52	4.97	17.08	7.38	3.53	1.44	4.24	28.56	85.18
ENSG00000105520:PLPPR2	4	7.06	1.71	2.29	3.09	2.69	0.15	0.66	0.28	2.13
ENSG00000105523:FAM83E	0.27	1.4	0.57	8.93	0.26	0.06	0.02	0.02	0	0
ENSG00000105549:SPMAP2	0.09	0.05	0	0	0	0	0	0	1.05	1.16
ENSG00000105556:MIER2	8.81	16.57	23.2	23.42	25.05	24.27	0.97	2.91	23.68	11.65
ENSG00000105576:TNPO2	28.69	37.9	36.2	24.05	28.78	25.15	3.79	9.58	10.3	5.01
ENSG00000105583:WDR83OS	78.21	76.45	36.42	31.33	215.38	243.9	16.08	30.86	27.24	29.65
ENSG00000105607:GCDH	5.37	5.53	11.55	18.83	24.68	21.52	1.68	3.65	75.68	51.3
ENSG00000105610:KLF1	0.18	0.3	0.25	0.27	0.46	0.69	0.01	0.04	8.66	5.09
ENSG00000105612:DNASE2	12.83	10.12	38.22	34.6	384.81	466.08	54.66	75.75	37.44	26.86
ENSG00000105617:LENG1	6.37	8.16	10.76	22.35	31.15	25.09	1.43	3.8	18.64	29.69
ENSG00000105618:PRPF31	26.87	33.68	22.1	20.93	45.05	41.88	3.47	6.5	57.22	59.39
ENSG00000105619:TFPT	11.24	15.41	18.01	17.97	31.92	28.87	2.38	6.3	15.9	44.77
ENSG00000105639:JAK3	5.15	9.39	9.7	6.94	1.42	2.04	0.47	1.39	0.04	0.55
ENSG00000105641:SLC5A5	0.13	0.22	6.01	2.88	15.46	6.35	0.02	0.04	8.13	6.27
ENSG00000105642:KCNN1	0.27	0.65	1.14	0.66	0.96	0.95	0	0	0.37	0.64
ENSG00000105643:ARRDC2	3.19	7.23	12.93	11.82	152	150.39	8.4	19.11	20.05	55.6
ENSG00000105647:PIK3R2	12.94	15.18	17.76	19.89	41.16	41.31	0.44	1.85	16.3	7.78
ENSG00000105649:RAB3A	0.21	0.41	3.49	5.61	3.22	3.08	0.18	0.36	2.65	0.89
ENSG00000105650:PDE4C	1.19	1.9	0.17	0.28	0.1	0.48	0.16	0.37	1.59	1.37
ENSG00000105656:ELL	19.25	20.34	49.96	36.74	17.89	14.64	3.98	6.73	10	2.13
ENSG00000105662:CRTC1	3.29	5.87	5.79	3.34	5.14	4.6	0.17	0.85	3.89	9.26
ENSG00000105664:COMP	0.4	2.7	1.48	7.06	0.66	0.73	0.25	0.44	1.31	0.46
ENSG00000105668:UPK1A	0.08	0.06	1.03	0.76	1.34	1.16	0.08	0.18	0	1.17
ENSG00000105669:COPE	76.75	87.15	73.16	86.1	220.91	211.86	14.98	38.82	237.64	183.44
ENSG00000105671:DDX49	16.39	18.41	27.22	25.17	14.57	15.39	2.88	6.75	11.08	15.19
ENSG00000105672:ETV2	0.44	0.21	0	0	3.11	3.49	0.05	0.36	0	0.24
ENSG00000105675:ATP4A	0	0	0.3	0	5.38	3.76	0	0.01	0.14	0.08
ENSG00000105676:ARMC6	6.44	6.5	20.61	16.35	6.53	7.58	0.57	1.07	2.89	1.43
ENSG00000105677:TMEM147	35.03	32.41	68.95	70.9	48.8	49.88	20.51	33.18	23.33	65.31
ENSG00000105679:GAPDHS	0	0.04	0.88	0	0	0.11	0.05	0.09	0	0.18
ENSG00000105695:MAG	0	0.28	0.06	0	0	0	0.04	0.03	0	0.03
ENSG00000105696:TMEM59L	0.18	0.44	8.66	4.52	0.31	0.15	0.01	0.01	1.68	4.95
ENSG00000105698:USF2	74.66	124.26	95.32	83.09	107.32	98	3.5	10.57	174.85	171.18
ENSG00000105699:LSR	49.33	52.24	28.48	47.36	147.46	117.08	7.13	16.16	78.69	140.2
ENSG00000105705:SUGP1	22.41	35.77	23.93	29.92	38.69	32.91	1.01	3.16	38.35	23.22
ENSG00000105707:HPN	0.29	0.73	0.72	15.02	0	0	0	0.07	40.19	141.78
ENSG00000105711:SCN1B	1.8	3.94	1.26	0.63	1.99	2.57	0.25	1.36	4.01	2.74
ENSG00000105717:PBX4	0.26	0.46	4.74	4.5	3.83	2.6	0.2	0.49	5.7	3.46
ENSG00000105726:ATP13A1	25.66	35.34	40.51	29.01	25.65	24.43	2.86	10.23	22.19	32.54
ENSG00000105732:ZNF574	5.05	6.25	24.28	14.28	16.46	13.96	0.74	2.28	0.94	3.07
ENSG00000105738:SIPA1L3	2.46	2.71	14.87	11.19	14.34	12.44	1.23	6.01	15.5	17.89
ENSG00000105767:CADM4	0.26	0.29	19.11	10.07	10.39	9.6	1.45	1.99	2.94	4.24
ENSG00000105771:SMG9	41.1	61.21	13.07	9.73	21.66	22.22	0.54	2.14	13.76	42.09
ENSG00000105778:AVL9	14.54	16.49	16.53	13.36	8.29	8.2	3.3	5.42	10.79	8.51
ENSG00000105784:RUNDC3B	0.33	0.6	1.03	0.76	1.69	2.77	0.68	0.83	0.07	0
ENSG00000105792:CFAP69	0.48	0.94	1.98	3.4	0.12	0.14	0	0.01	1.51	1.29
ENSG00000105793:GTPBP10	9.39	9.69	7.17	5.98	9.12	7.89	5.95	8.17	27.64	22.63
ENSG00000105810:CDK6	15.43	21.44	5.07	13.85	27.35	26.68	4.69	12.66	2.21	2.74
ENSG00000105819:PMPCB	43.14	49.48	38.52	37.51	44.1	41.3	10.62	18.99	56.52	18.41
ENSG00000105821:DNAJC2	18.9	24.41	19.79	17.81	31.2	30.93	3.01	5.21	19.48	16.6
ENSG00000105835:NAMPT	44.3	47.64	41.3	63.39	24.1	23.27	10.75	19.34	4.96	5.78
ENSG00000105849:POLR1F	6.18	6.66	5.25	3.99	19.44	10.46	2.5	4.06	10.96	5.74
ENSG00000105851:PIK3CG	0.63	1.8	0.83	0.85	0.88	0.34	0.44	1.04	1.57	0.47
ENSG00000105852:PON3	0.68	1.75	14.52	15.26	2.77	0.99	0.08	0.02	16.08	53.79
ENSG00000105854:PON2	52.44	74.2	38.13	48.42	53.33	44.12	13.76	27.75	28.54	68.06
ENSG00000105855:ITGB8	4.07	5.92	19.19	11.11	1	0.68	0.45	0.47	0.91	0.43
ENSG00000105856:HBP1	80.57	69.48	118.88	80.67	99.27	117.54	27.63	40.53	47.54	17.44
ENSG00000105865:DUS4L	5.72	6.4	2.64	3.94	48.28	48.35	1.6	2.25	0.78	2.38
ENSG00000105866:SP4	1.67	1.71	3.72	2.47	1.83	1.26	1.45	2.92	0.33	0.21
ENSG00000105875:WDR91	35.6	47.4	14.59	7.71	11.46	10.33	0.48	1.05	6.24	2.15
ENSG00000105877:DNAH11	0.52	1.18	0.04	0	0.5	0.18	0.02	0.03	1.08	1.28
ENSG00000105879:CBLL1	19.25	18.48	9.76	7.11	19.17	16.18	3.5	6.22	16.91	3.44
ENSG00000105880:DLX5	22.17	23.26	0.38	0	138.07	99.88	0.74	1.7	13.86	36.89
ENSG00000105887:MTPN	46.25	43.32	87.82	50.08	73.26	61.83	26.27	39.59	64.23	12.58
ENSG00000105894:PTN	50.86	67.4	7.49	6.28	5.91	3.95	5.54	7.28	10.33	1.65
ENSG00000105928:GSDME	21.96	37.88	3.15	1.57	0.91	1.36	0.03	0.08	1.19	0.35
ENSG00000105929:ATP6V0A4	2.88	0.74	1.52	45.53	43.56	41.47	8.02	12.18	265.77	142.04
ENSG00000105939:ZC3HAV1	6.18	10.11	54.52	42.24	13.65	15.05	1.78	3.33	23.88	6.52
ENSG00000105948:IFT56	1.06	1.27	1.4	1.67	1.65	0.6	0.18	0.51	7.13	4.71
ENSG00000105953:OGDH	57.11	57	88.5	60.91	80.01	72.36	13.03	40.57	166.49	146.11
ENSG00000105954:NPVF	0	0	0	0	0	0	0	0	0	0
ENSG00000105963:ADAP1	1.06	2.48	6.56	9.39	6.61	5.26	0.47	1.96	26.07	19.95
ENSG00000105968:H2AZ2	36.7	46.29	52.22	43.21	267.06	275.01	8.54	17.33	49.82	88.63
ENSG00000105971:CAV2	62.95	98.93	13.52	10.78	24.86	26.37	13.87	25.56	4.14	4.75
ENSG00000105976:MET	21.16	34.3	6.89	6.47	13.47	13.16	3.06	4.85	22.72	12.61
ENSG00000105982:RNF32	0.76	0.82	1.74	0.82	0	0	0	0.14	0.13	0.19
ENSG00000105983:LMBR1	13.51	16.32	15.26	9.99	15.82	17.21	1.39	2.5	3.37	0.59
ENSG00000105989:WNT2	16.58	23.8	3.11	1.81	34.75	22.17	1.1	2.84	0	0.09
ENSG00000105991:HOXA1	0.02	0.15	3.63	1.57	0.34	0.88	0.28	0.87	0.6	0.4
ENSG00000105996:HOXA2	0	0	0.14	0.09	0.13	0.13	0.14	0.12	0.82	1.29
ENSG00000105997:HOXA3	0.03	0.15	1	0.73	0.3	0.44	0.06	0.18	0.41	0.88
ENSG00000106003:LFNG	5.85	5.26	3.09	4.96	10.62	7.89	0.74	2.08	3.23	9.93
ENSG00000106004:HOXA5	0	0.04	1.01	0.95	2.17	2.18	0.4	0.79	2.56	1.37
ENSG00000106009:BRAT1	7.49	11.41	13.89	9.71	6.5	4.6	0.39	1.68	10.76	18.74
ENSG00000106018:VIPR2	0.41	2.4	0.73	0.6	2.83	6.97	0	0	0.04	0.05
ENSG00000106025:TSPAN12	8.18	12.59	2.46	2.53	13.9	19.94	27.01	57.05	15.59	4.44
ENSG00000106028:SSBP1	65.89	72.7	28.92	29.06	36.7	37.6	3.22	5.79	46.44	65.51
ENSG00000106031:HOXA13	16.68	18.86	6.06	5.79	2.92	4.07	3.73	10.28	0.12	0.14
ENSG00000106038:EVX1	0.07	0.04	0.29	0.38	0.07	0.22	0.05	0.06	0	0
ENSG00000106049:HIBADH	48.66	55.81	56.64	64.31	47.65	48.65	10.33	14.34	104.8	18.91
ENSG00000106066:CPVL	33.74	70.75	0.03	0	0	0	0.12	0.27	34.63	26.92
ENSG00000106069:CHN2	6.57	14.71	3.29	3.35	2.91	4.05	0.46	0.95	4.19	4.15
ENSG00000106070:GRB10	7.4	14.91	177.03	182.37	25.67	24.14	1.86	4.73	10.92	6.49
ENSG00000106080:FKBP14	4.51	5.85	10.26	11.08	11.9	10.75	3	4.71	10.61	17.09
ENSG00000106086:PLEKHA8	12.21	13.83	8.59	8.06	11.29	8.13	7.25	13.74	4.55	0.56
ENSG00000106089:STX1A	9.69	21.24	3.31	4.84	13.27	17.89	0.51	1.02	0.17	0.09
ENSG00000106105:GARS1	25.66	33.36	72.93	66.29	37.53	35.94	6.79	13.01	41.85	72.76
ENSG00000106113:CRHR2	0.12	0.02	0.14	0.12	0.07	0	0.02	0	3.96	2.66
ENSG00000106123:EPHB6	15.34	8.45	2.1	11.93	1.49	2.19	0.09	0.35	30.99	36.65
ENSG00000106125:MINDY4	1.61	2.28	8.86	8.49	2.16	2	0.17	0.48	4.5	3.51
ENSG00000106128:GHRHR	0.12	0	0.2	0.18	0.79	0.67	0	0	0	0
ENSG00000106153:CHCHD2	94.68	98.21	296.43	349	356.8	337.81	124.23	198.05	265.23	495.63
ENSG00000106178:CCL24	0	0.13	0.31	0.92	2.54	4.34	0.61	1.71	1.72	15.03
ENSG00000106211:HSPB1	792.32	932.94	630.71	734.5	593.85	652.13	36.06	107.36	626.61	320.86
ENSG00000106236:NPTX2	0.02	0	0.64	0.16	0.09	0.03	0.06	0.07	0.14	0.29
ENSG00000106244:PDAP1	81.65	92.47	48.9	43.24	241.88	207.53	8.48	13.75	392.5	126.08
ENSG00000106246:PTCD1	1.86	2.68	15.2	11.25	11.9	13.12	1.74	3.5	4.55	2.77
ENSG00000106261:ZKSCAN1	15.61	20	8.88	6.26	14.73	14.4	1.73	3.15	10.99	0.73
ENSG00000106263:EIF3B	80.73	85.6	85.36	64.13	61.15	49.85	7.51	16.4	92.8	53.99
ENSG00000106266:SNX8	26.15	30.86	21.5	44.93	74.24	71.12	3.36	13.68	10.23	3.93
ENSG00000106268:NUDT1	3.99	6.3	14.19	16.72	33.51	27.93	1.99	6	64.37	59.71
ENSG00000106278:PTPRZ1	0.36	0.42	0.21	0.22	0	0.01	0.03	0.05	2.51	0.33
ENSG00000106290:TAF6	20.38	31.52	30.62	19.47	37.06	36.66	1	3.99	24.08	16.34
ENSG00000106299:WASL	42.63	40.6	24.53	21.72	47.41	41.65	6.03	10.64	38.35	6.89
ENSG00000106302:HYAL4	8.48	7.72	0	0	1.06	0.75	1.16	1.6	0.08	0.07
ENSG00000106305:AIMP2	9.76	11.07	17.98	19.2	30.4	30.73	1.9	4.23	16.99	55.79
ENSG00000106327:TFR2	0.35	0.23	0.46	0.23	0.32	0.33	0.05	0.19	0.37	0.24
ENSG00000106328:FSCN3	0.18	0.05	0	0	0.03	0	0	0.11	0.2	0.72
ENSG00000106336:FBXO24	0.82	1.08	0.42	0.65	3.91	4.39	0.49	0.94	20.1	61.88
ENSG00000106344:RBM28	12.62	15.54	20.09	14.66	9.19	9.08	1.5	3.23	26.15	7.87
ENSG00000106346:USP42	7.31	6.99	13.41	6.92	12.09	11.17	0.64	1.55	9.14	1.32
ENSG00000106348:IMPDH1	5.49	7.26	31.51	24.49	9.91	11.01	0.67	3.24	5.78	9.68
ENSG00000106351:AGFG2	6.74	10.43	7.25	8.35	30.95	22.95	1.46	3.91	2.88	2.93
ENSG00000106355:LSM5	10.02	11.4	21.56	30.8	26.8	22.15	6.18	8.8	10.22	24.45
ENSG00000106366:SERPINE1	98.56	215.55	756.69	571.36	185.27	234.8	9.82	14.83	0.53	1.53
ENSG00000106367:AP1S1	24.42	24.31	99.25	92.14	62	58.76	5.62	10.66	53.42	79.43
ENSG00000106397:PLOD3	32.48	48.76	130.91	93.82	38.3	31.62	2.65	8.68	107.29	76.22
ENSG00000106399:RPA3	8.49	5.7	17.87	25.92	38.83	44.21	2.96	4.24	75.99	383.01
ENSG00000106400:ZNHIT1	36.24	42.13	39.65	47.1	37.64	39.73	3.05	8.82	27.94	142.89
ENSG00000106404:CLDN15	13.3	15.66	1.08	3.52	0.69	0.92	0.04	0.14	244.19	173.91
ENSG00000106410:NOBOX	0	0	0.2	0.25	1.9	2.22	0	0	0	0
ENSG00000106415:GLCCI1	20.69	26.99	1.38	0.46	1.69	1.18	0.1	0.24	6.88	28.4
ENSG00000106436:MYL10	0.12	0.42	1.12	0.67	0.27	0	0	0.04	0.19	0
ENSG00000106443:PHF14	6.36	9.16	19.58	14.56	13.15	14.87	2.83	5.01	20.56	17.14
ENSG00000106459:NRF1	17.92	20.34	17.01	11.81	8.41	6.7	2.3	4.55	9.75	2.89
ENSG00000106477:CEP41	11.53	10.32	5.18	3.34	5.89	6.74	1.74	4.05	1.74	1.46
ENSG00000106483:SFRP4	0.02	0.04	85.58	156.08	7.85	11.81	0.12	1.16	1.34	0.1
ENSG00000106484:MEST	584.26	463.91	253.74	212.3	57.22	76.39	37.61	50.99	4.44	17.48
ENSG00000106511:MEOX2	30.68	35.76	2.45	2.84	3.33	7.74	10.68	18.52	0	0.09
ENSG00000106524:ANKMY2	11.27	14.08	10.4	9.05	21.34	20.14	3.65	7.41	12.81	8.77
ENSG00000106536:POU6F2	2.32	2.24	0.1	0.06	0	0.07	0.02	0.06	0	0
ENSG00000106537:TSPAN13	25.73	28.61	14.59	23.39	571.98	680.25	16.72	30.09	109.55	126.76
ENSG00000106538:RARRES2	5.6	22.58	1716.84	2149.29	41.23	47.75	24.17	63.09	115.62	140.96
ENSG00000106541:AGR2	0	0.28	0	0.12	1.66	2.25	0.15	0.14	0.45	1.35
ENSG00000106546:AHR	142.44	142.33	1.96	1.88	7.12	7.37	4.89	8.96	3.18	8.99
ENSG00000106554:CHCHD3	26.38	26.87	29.27	34.67	58.27	52.67	2.62	5.14	54.03	50.29
ENSG00000106571:GLI3	18.04	20.94	3.31	1.45	1.27	0.98	0.06	0.19	0.39	0.1
ENSG00000106605:BLVRA	6.78	7.38	28.02	21.08	34.57	35.1	0.84	2.66	8.64	11.94
ENSG00000106608:URGCP	19.49	20.64	36.65	24.99	44.37	39.99	0.45	1.13	4.65	4.02
ENSG00000106609:TMEM248	50.19	49.77	60.08	52.23	56.71	33.99	6.49	14.83	33.45	57.57
ENSG00000106615:RHEB	142.93	163.36	99.4	97.19	163.18	155.83	20.1	33.69	54.91	127.88
ENSG00000106617:PRKAG2	50.74	70.26	42.89	28.71	27.45	10.84	1.72	3.43	14.45	5.7
ENSG00000106624:AEBP1	14.33	48.51	68.12	62.56	80.72	48.78	1.97	10.23	99.29	44.36
ENSG00000106628:POLD2	19.56	20.72	7.78	14.68	14.73	12.46	0.33	1.03	26.46	52.07
ENSG00000106633:GCK	0.19	1.26	0.73	0.61	0.49	0.57	1.57	3.96	0	0
ENSG00000106635:BCL7B	32.23	41.67	27.12	28.64	20.72	19.49	1.01	3.03	8.5	16.33
ENSG00000106636:YKT6	36.63	43.27	78.79	61.34	66.35	56.97	10.47	21.59	38.17	10.68
ENSG00000106638:TBL2	26.23	22.49	33.61	14.43	20.51	22.31	4.02	9.35	17.31	12.16
ENSG00000106682:EIF4H	250.45	244.46	191.48	193.3	254.68	225.33	30.39	49.62	332.15	60.83
ENSG00000106683:LIMK1	9.2	12.34	34.2	25.82	19.51	16.11	0.51	1.53	1.58	1.12
ENSG00000106686:SPATA6L	1.75	1.92	0.62	3.55	0.79	0.94	0.07	0.16	1.28	0.12
ENSG00000106688:SLC1A1	0.89	3.21	17.53	22.44	10.93	1.38	0.11	0.11	72.59	35.15
ENSG00000106689:LHX2	0.78	2.11	21.78	6.74	0.67	1.22	0.01	0.02	0	0.12
ENSG00000106692:FKTN	3.3	4.96	9.73	6.96	3.67	2.68	1.16	2.23	8.47	4.13
ENSG00000106701:FSD1L	0.68	0.77	4.03	1.94	11.45	10.04	0.24	0.39	3.03	0.43
ENSG00000106733:NMRK1	19.65	17.42	14.9	10.79	23.37	22.81	0.77	0.73	24.7	11.16
ENSG00000106771:TMEM245	19.49	24.78	13.96	8	12.66	7.93	13.86	27.06	6.1	3.01
ENSG00000106780:MEGF9	2.26	3.28	4.49	2.64	6.46	1.01	0.77	0.94	5.3	0.45
ENSG00000106785:TRIM14	2.85	4.38	3.37	3.04	0.36	0.35	0.12	0.28	5.22	3.62
ENSG00000106789:CORO2A	0.61	2.16	5.98	11.78	35.38	16	0.37	0.76	5.34	0.81
ENSG00000106799:TGFBR1	44.65	56.88	28.39	17.15	47.57	41.93	8	12.02	19.37	0.58
ENSG00000106803:SEC61B	71.82	65.28	108.37	131.26	93.75	97.02	11.02	19.92	64.94	151.99
ENSG00000106809:OGN	0.38	2.32	5.13	4.33	3.58	0.81	0.05	0.1	3.35	26.84
ENSG00000106819:ASPN	0.22	1.22	1.5	1.38	53.92	81.74	0.06	0.15	0.71	0.65
ENSG00000106829:TLE4	14.16	19.88	7.84	8.58	14.04	19.78	2.13	5	3.53	1.39
ENSG00000106852:LHX6	2.39	2.82	3.25	1.51	2.28	2.26	0.19	0.42	0.66	0.33
ENSG00000106853:PTGR1	6.74	8.64	6.47	7.14	137.38	88.59	6.01	8.21	339.97	31.15
ENSG00000106868:SUSD1	12.35	17.22	17.02	17.03	1.69	1.08	0.9	1.55	0.72	0.46
ENSG00000106927:AMBP	0	0	0.28	10.24	0.41	0.31	0.01	0	0.34	1.03
ENSG00000106948:AKNA	4.72	9.8	2.26	2.24	3.22	2.71	0.22	0.74	0.93	0.58
ENSG00000106952:TNFSF8	0.6	1.55	0.06	0.04	2.19	1.11	0.1	0.23	0.11	0
ENSG00000106976:DNM1	22.63	8.01	7.19	10.46	4.81	5.46	0.25	0.76	5.1	3.6
ENSG00000106991:ENG	124.01	124.69	74.62	79.29	92.91	135.06	5.43	24.16	43.46	34.48
ENSG00000106992:AK1	6.9	8.19	21.4	16.83	71.08	73.8	1.33	2.39	25.95	51.64
ENSG00000106993:CDC37L1	7.62	10.12	24.96	29.57	26.48	23.1	2.73	4.51	62.74	33.99
ENSG00000107020:PLGRKT	12.43	14.16	78.27	290.07	27.42	31.31	6.18	6.26	1.35	3.43
ENSG00000107021:TBC1D13	6.1	9.44	25.32	32.87	28.37	25.65	3.04	10.14	8.31	11.45
ENSG00000107036:RIC1	16.49	21.51	23.36	12.73	9.45	9.12	4.33	7.89	21.14	10.52
ENSG00000107077:KDM4C	13.35	15.08	11.41	8.71	10.58	13.65	1.6	3.58	9.81	4.89
ENSG00000107104:KANK1	26.01	38.33	92	44.75	86.89	87.82	11.15	29.93	17.9	5.33
ENSG00000107105:ELAVL2	0	0.02	0.33	0	3.3	0.47	0.02	0.03	0.13	0
ENSG00000107130:NCS1	0.35	0.47	0.64	0.55	13.4	15.7	0.22	0.81	37.82	3.51
ENSG00000107140:TESK1	26.79	37.54	37.87	31.25	23.85	16.8	0.99	2.86	12.2	22.98
ENSG00000107147:KCNT1	0.04	0.83	1.65	1.94	0.51	0.21	0.09	0.31	0.12	0.12
ENSG00000107159:CA9	0.08	0	1.46	1.27	2.48	1.89	0.21	0.34	0.23	2.36
ENSG00000107164:FUBP3	67.31	80.09	23.89	19.8	55.79	42.67	5.08	10.87	29.41	12.37
ENSG00000107165:TYRP1	0.12	0	0	0	0	0	0.01	0	0.12	0.29
ENSG00000107175:CREB3	23.24	22.86	220.06	132.34	27.75	29.56	12.14	22.92	26.56	46.8
ENSG00000107185:RGP1	10.98	11.44	50.15	26.42	26.82	23.5	0.62	2.12	5.36	5.59
ENSG00000107187:LHX3	0	0	0.76	0.12	0.2	0.03	0	0	0.2	0
ENSG00000107223:EDF1	152.86	170.96	165.62	220.55	268.92	255.15	1.02	4.13	999.28	343.79
ENSG00000107242:PIP5K1B	11.42	14.31	4.25	13.22	1.13	1.54	4.31	10.32	7.23	4.66
ENSG00000107249:GLIS3	1.24	2.76	8.78	3.49	7.68	2.16	0.14	0.32	0.19	0.41
ENSG00000107262:BAG1	21.55	29.25	146.2	149.42	66.28	52.47	18.1	33.33	8.52	10.92
ENSG00000107263:RAPGEF1	55.72	80.42	117.5	61.33	37.22	32.55	1.52	5.24	8.59	1.08
ENSG00000107282:APBA1	2.2	3.48	7.44	2.74	1.29	0.31	0.05	0.12	0.99	0.26
ENSG00000107290:SETX	17.5	23.91	12.22	6.11	12.88	12	2.52	5.4	10.85	4.05
ENSG00000107295:SH3GL2	0	0	0.05	0.03	7.06	7.46	0.1	0.12	0.57	0.63
ENSG00000107331:ABCA2	4.1	8.16	7.81	5.92	1.72	1.99	0.95	3.83	163	71.52
ENSG00000107338:SHB	3.47	5.83	42.84	38.36	17.2	18.73	2.65	10.18	4.58	6.55
ENSG00000107341:UBE2R2	19.63	23.69	124.95	102.03	41.4	33.31	3.19	6.49	155.61	62.64
ENSG00000107362:ABHD17B	5.04	4.91	13.62	13.07	36.66	29.54	3.37	4.26	9.06	3.89
ENSG00000107371:EXOSC3	14.99	14.87	29.71	29.21	50.95	37.32	1.65	2.82	53.37	72.96
ENSG00000107372:ZFAND5	97.33	129.83	133.79	79.01	83.34	66.59	15.07	29.81	82.23	64.14
ENSG00000107404:DVL1	16.91	26.21	39.02	40.33	31.95	30.25	5.08	16.86	70.78	24.95
ENSG00000107438:PDLIM1	56.86	98.34	779.35	430.27	70.67	50.63	8.43	17.16	175.44	182.69
ENSG00000107443:CCNJ	4.18	4.6	6.31	3.91	14.52	13.34	0.57	0.96	3.22	2.51
ENSG00000107447:DNTT	0	0	0	0	0	0	0.08	0.02	0.12	0.08
ENSG00000107485:GATA3	69.97	83.93	36.07	17.51	82.13	98.56	4.29	14.67	1.25	1.53
ENSG00000107521:HPS1	13.23	18.68	13.99	10.27	15.11	14.62	1.44	4.03	11.47	6.24
ENSG00000107551:RASSF4	7.27	21.57	6.36	21.9	4.54	5.09	1.48	3.67	2.57	2.1
ENSG00000107554:DNMBP	9.47	14.59	22.94	15.39	22.83	16.97	1.39	3.25	7.92	5.58
ENSG00000107560:RAB11FIP2	9.21	12.13	8.16	6.26	14.6	12.2	1.38	1.99	4.28	0.92
ENSG00000107562:CXCL12	3.33	6.03	51.25	34.85	8.13	10.08	0.3	0.6	6.89	5.22
ENSG00000107581:EIF3A	74.6	68.64	109.05	89.12	125	109.41	15.35	30.51	190.13	33.41
ENSG00000107593:PKD2L1	0	0.03	0.21	0.21	3.63	1.05	0.01	0.03	0	0.26
ENSG00000107611:CUBN	1.44	4.31	2.63	82.13	0.18	0.12	0.02	0.04	3.16	2.33
ENSG00000107614:TRDMT1	3.24	2.46	3.27	2.87	14.97	14.01	0.43	0.57	1.36	4.66
ENSG00000107625:DDX50	15.41	14.98	66.3	58.41	16.57	13.8	2.87	4.67	35.06	33.33
ENSG00000107643:MAPK8	25.53	33.52	22.37	11.51	9.62	8.21	1.84	3.16	8.51	4.56
ENSG00000107651:SEC23IP	23.01	23.13	25.76	20.52	22.47	19.76	3.39	6.52	16.34	14.13
ENSG00000107669:ATE1	6.1	9.3	37.11	19.96	10.83	10.05	3.9	10.82	8.32	2.63
ENSG00000107679:PLEKHA1	65.44	67.96	78.84	50.87	53.8	39.15	2.25	3.62	30.71	7.27
ENSG00000107731:UNC5B	2.75	5	85.41	47.6	17.69	10.64	2.84	11.42	3.83	2.51
ENSG00000107742:SPOCK2	0.74	0.67	0.72	2.88	5.68	7.84	9.13	19.45	199.58	17.06
ENSG00000107745:MICU1	16.69	19.86	41.12	36.54	38.98	40.01	2.01	4.73	83.57	29.74
ENSG00000107758:PPP3CB	29.12	35.78	34.67	22.15	11.89	11.27	1.97	4.1	71.31	12.97
ENSG00000107771:CCSER2	24.57	28.74	25.41	13.17	24.01	24.32	10.21	19.81	26.45	2.51
ENSG00000107779:BMPR1A	9.65	16.77	50.79	26.73	12.45	12.36	4.31	7.66	15.2	2.53
ENSG00000107789:MINPP1	20.88	27.66	20.58	23.36	9.81	10.18	2.55	4.91	23.25	11.35
ENSG00000107796:ACTA2	69.92	305.09	140.36	104.98	752.88	530.96	169.34	419.28	0	0
ENSG00000107798:LIPA	53.87	63.72	42.31	49.67	165.56	162.39	5.77	11.73	55.23	17.11
ENSG00000107807:TLX1	0	0.03	0	0	0.11	0.58	0	0.02	0	0
ENSG00000107815:TWNK	1.67	1.84	12.76	8.27	7.91	8.52	0.52	1.03	6.55	11.2
ENSG00000107816:LZTS2	28.94	30.41	107.03	80.72	31.82	28.08	3.77	9.93	29.74	33.95
ENSG00000107819:SFXN3	20.08	30.28	27.29	31.04	4.8	3.81	0.84	2.65	0.18	0.14
ENSG00000107821:KAZALD1	0.95	1.67	1.6	1.28	2.09	2.89	0.02	0.03	0.1	0.33
ENSG00000107829:FBXW4	46.02	58.63	16.55	13.22	26.36	24.02	1.71	3.71	14.56	19.81
ENSG00000107831:FGF8	0	0.24	0.19	0	0.17	0	0	0	0	0.33
ENSG00000107833:NPM3	6.44	7.25	17.95	20.28	2.94	3.54	0.9	1.3	6.98	18.41
ENSG00000107854:TNKS2	60.68	70.34	86.42	55.14	173.54	200.29	28.09	43.59	10.85	2.61
ENSG00000107859:PITX3	0	0	0.04	0.06	0	0	0.01	0	0.12	0
ENSG00000107862:GBF1	22.6	24.73	27.4	26.37	23.79	21.42	2.18	6.11	27.69	20.87
ENSG00000107863:ARHGAP21	41.75	46.75	58.79	29.85	49.14	34.34	2.75	8.23	17.43	5.19
ENSG00000107864:CPEB3	1.64	2.55	3.58	3.03	2.65	2.02	0.28	0.88	0.84	0.22
ENSG00000107872:FBXL15	3.86	4.6	3.65	5.91	11.22	12.22	0.69	2.48	8.2	33.02
ENSG00000107874:CUEDC2	16.66	18.93	29.77	45.03	49.56	56.39	4.27	10.73	5.63	5.9
ENSG00000107882:SUFU	4.52	7.92	12.69	10.35	4.59	4.61	0.79	3.12	14	2.71
ENSG00000107897:ACBD5	9.75	11.56	25.56	19.63	31.42	32.84	4.9	8.06	11.84	7.38
ENSG00000107902:LHPP	4.77	7.8	3.5	6.8	30.05	24.33	1.46	3.46	8.92	13.38
ENSG00000107929:LARP4B	58.7	49.29	57.23	54.57	45.2	31.5	4.22	11.12	43.92	8.36
ENSG00000107937:GTPBP4	20.81	18.61	36.19	28.01	43.35	40.4	4.24	9.74	47.7	22.33
ENSG00000107938:EDRF1	8.52	13.37	14.91	18.68	9.07	7.51	1.47	2.93	12.85	11.71
ENSG00000107949:BCCIP	25.11	28.45	31.68	32.57	47.67	37.7	12.35	23.77	75.95	37.74
ENSG00000107951:MTPAP	5.57	6.21	19.43	15.32	13.23	10.81	2.86	5.23	17.47	9.53
ENSG00000107954:NEURL1	19.67	25.61	1.2	1.13	7.7	5.38	0.36	1.23	0	0.07
ENSG00000107957:SH3PXD2A	21.76	27.23	32.45	16.6	7.73	6.2	1.04	3.63	33.96	9.32
ENSG00000107959:PITRM1	21.15	26.55	67.98	43.63	26.24	24.48	2.68	5.06	11.69	6.47
ENSG00000107968:MAP3K8	34.29	43.83	9.49	9.76	24.4	21.6	1.09	2.03	5.74	6
ENSG00000107984:DKK1	1.38	6.64	7.21	3.61	98.47	138.66	0.02	0	2.04	1.37
ENSG00000108001:EBF3	2.87	4.12	0.89	2.28	0.36	0.56	0.17	0.45	0.2	0.06
ENSG00000108010:GLRX3	27.98	31.81	46	59.73	95.25	85.01	12.26	23.32	226.29	105.27
ENSG00000108018:SORCS1	0.01	0	0.48	0.57	0.17	0.18	0	0.05	0.08	0.05
ENSG00000108021:TASOR2	19.14	18.32	18.33	9.07	17.42	18.36	1.39	4.87	5.83	2
ENSG00000108039:XPNPEP1	37.98	43.2	165.33	110.42	33.71	29.29	4.16	9.3	40.12	27.86
ENSG00000108055:SMC3	17.47	22.82	32.29	23.9	37.14	38.12	7.82	12.18	86.36	11.68
ENSG00000108061:SHOC2	20.39	25.28	46.76	30.23	29.64	22.74	5.47	9.59	11.63	7.62
ENSG00000108064:TFAM	14.6	13.53	31.27	27.09	19.93	14.91	5.09	7.83	100.02	21.05
ENSG00000108091:CCDC6	12.83	17.41	59.9	35.24	22	13.6	3.05	6.85	9.94	23.23
ENSG00000108094:CUL2	29.74	26.4	27.82	23.97	16.94	15.36	3.1	5.25	32.63	23.39
ENSG00000108100:CCNY	31.06	36.03	81.07	41.57	117.86	109.02	5.66	13.41	8.66	6.65
ENSG00000108107:RPL28	311.34	439.94	243.86	341.37	881.33	723.7	14.25	32.74	635.95	1947.66
ENSG00000108175:ZMIZ1	16.98	20.07	122.55	44.92	11.33	7.35	0.95	4.2	13	2.07
ENSG00000108176:DNAJC12	0.09	0.11	3.39	3.82	7.75	6.66	0.19	0.38	5.41	8.17
ENSG00000108179:PPIF	23.53	18.76	18.15	14.06	32.35	31.05	4.96	7.69	57.41	11.06
ENSG00000108219:TSPAN14	71.94	101.03	226.15	144.3	72.77	65.18	5.94	10.25	105.38	14.76
ENSG00000108231:LGI1	0.04	0.13	0.02	0.02	0	0	0	0.01	0.68	2.67
ENSG00000108239:TBC1D12	7.05	9.59	5.92	3.2	12.37	10.64	1.52	2.38	35.73	9.98
ENSG00000108244:KRT23	268.53	238.82	3.16	1.59	0	0.07	0.08	0.07	118.69	14.29
ENSG00000108255:CRYBA1	0.09	0.11	0.04	0	0.28	0	0.04	0.07	0.13	0
ENSG00000108298:RPL19	403.59	443.66	755.04	799.75	1588.88	1385.18	0	0.06	0	7.91
ENSG00000108306:FBXL20	6.48	8.62	23.37	13.72	29.2	37.14	3.53	8.24	8.84	1.04
ENSG00000108309:RUNDC3A	1.02	1.9	1.22	4.57	0.19	0.19	0.17	0.61	2.75	12.85
ENSG00000108312:UBTF	35.66	46.35	46.13	39.74	56.09	47.45	4.6	14.28	84.23	32.99
ENSG00000108342:CSF3	0.19	0.23	0.1	0	0.24	0.06	0.17	0.73	0.19	5.11
ENSG00000108344:PSMD3	52.41	58.35	77.86	70.73	89.28	94.51	10.51	26.31	43.36	94.97
ENSG00000108349:CASC3	52.79	65.14	32.68	25.73	40.3	38.09	1.99	5.33	51.06	22.73
ENSG00000108352:RAPGEFL1	4.97	8.81	0.66	0.75	1.46	0.87	0.05	0.08	0.21	0.67
ENSG00000108375:RNF43	6.2	7.64	1.03	0.34	6.11	10.01	0.56	1.3	8.25	5.37
ENSG00000108379:WNT3	0.82	1.9	1	1.1	0	0	0.15	0.75	2.28	2
ENSG00000108381:ASPA	1.66	1.67	0.82	4.22	12.79	7.75	0.22	0.49	0.23	2.45
ENSG00000108384:RAD51C	18.33	23.84	1.46	1.81	7.64	8.11	0.42	0.64	1.1	0.05
ENSG00000108389:MTMR4	121.87	150.48	65.27	31.35	24.86	24.47	1.37	3.94	14.19	10.49
ENSG00000108395:TRIM37	11.34	12.83	4.45	3.44	9.25	8.2	1.48	2.76	11.23	4.82
ENSG00000108405:P2RX1	1.17	3.87	5.95	6.1	1.53	1.93	0.08	0.51	0.63	0.63
ENSG00000108406:DHX40	17.63	15.24	28.97	23.25	37.97	24.08	4.66	8.53	4.14	4.25
ENSG00000108423:TUBD1	3.16	4.4	3.53	5.35	9.68	13.21	0.61	1.11	1.1	2.87
ENSG00000108424:KPNB1	76.41	86.04	69.44	48.47	97.28	76.06	10.53	20.17	76.74	17.18
ENSG00000108433:GOSR2	34.74	31.91	90.79	63.93	20.78	14.09	5.99	12.56	22.93	8.75
ENSG00000108439:PNPO	6.4	10.39	53.03	45.43	9.18	6.64	2.78	5.97	10	9.16
ENSG00000108443:RPS6KB1	21.47	25.47	16.97	17.62	39.48	33.45	2.59	4.62	0.74	0.53
ENSG00000108465:CDK5RAP3	62.91	86.48	33.77	27.44	28.05	27.44	3.26	7.23	39.32	44.69
ENSG00000108469:RECQL5	127.8	149.3	19.22	15.81	6.72	9.94	0.87	2.34	12.68	24.7
ENSG00000108474:PIGL	28.3	42.21	7.7	3.44	18.07	16.8	0.58	1.37	4.41	9.32
ENSG00000108479:GALK1	3.01	6.12	52.98	44.72	99.8	100.42	12.41	32.37	40.99	25.2
ENSG00000108506:INTS2	4.26	5.62	12.57	7.32	5.91	6.17	0.87	1.37	8.34	3.03
ENSG00000108509:CAMTA2	17.6	24.64	22.73	13.52	47.55	47.69	1.41	5.34	20.34	9.1
ENSG00000108510:MED13	38.27	35.85	36.89	14.77	12.26	9.96	8.01	15.7	35.67	7.02
ENSG00000108511:HOXB6	2.04	2.28	2.02	2.55	1.32	5.3	0.18	0.69	138.84	81.52
ENSG00000108515:ENO3	10.12	17.32	10.27	8.88	24.4	21.17	0.17	0.58	49.76	13.36
ENSG00000108523:RNF167	62.6	73.93	134.19	102.63	71.68	69.75	7.75	20.93	168.91	130.86
ENSG00000108528:SLC25A11	26.87	28.12	52.19	48	44.04	41.15	2.52	7.24	28.29	41.51
ENSG00000108551:RASD1	0.17	0.41	33.53	22.67	10.16	9.72	3.61	7.51	3.85	12.35
ENSG00000108556:CHRNE	0.63	0.8	0	0.05	2.86	2.32	0.01	0.05	0	0.04
ENSG00000108557:RAI1	2.23	5.85	29.54	14	4.06	4.19	0.39	1.78	3	2.57
ENSG00000108559:NUP88	41.21	39.3	40.41	42.97	31.93	29.92	5.01	9.26	20.1	23.09
ENSG00000108561:C1QBP	58.85	70.71	45.85	55.66	83.74	66.85	7.24	12.65	146.1	115.82
ENSG00000108576:SLC6A4	29.05	32.01	22.31	13.15	7.15	6.99	0.33	1.32	0.11	0.03
ENSG00000108578:BLMH	19.41	21.8	32.12	21.87	60.78	47.33	5	9.9	153.38	47.34
ENSG00000108582:CPD	48.14	41.54	58.39	32.7	91.02	59.15	6.63	12.19	20.8	15.55
ENSG00000108587:GOSR1	28.03	32.96	25.54	18.75	46.44	35.86	6.8	9.71	23.36	6.85
ENSG00000108588:CCDC47	105.64	92.3	62.23	52.52	109.4	112.98	20.39	33.91	59.73	22.04
ENSG00000108591:DRG2	17.42	19.6	24.39	31.36	20.23	20.44	2.85	8.3	20.74	44.76
ENSG00000108592:FTSJ3	15.83	23.86	28.39	17.35	19.51	17.39	3.9	7.78	33.19	27.49
ENSG00000108599:AKAP10	10.58	15.06	18.27	11.47	19.81	17.52	2.37	6.79	54	12.5
ENSG00000108604:SMARCD2	87.44	97.23	47.74	47.97	38.38	34.71	7.31	17.41	41.63	37.79
ENSG00000108622:ICAM2	26.1	31.41	21.24	21.31	14.55	18.33	6.47	15.72	5.27	18.42
ENSG00000108639:SYNGR2	117.23	93.04	92.62	95.42	79.02	60.66	3.94	11.52	66.49	131.09
ENSG00000108641:B9D1	5.43	6.39	12.11	9.58	21.05	14.37	1.16	2.34	11.59	25.9
ENSG00000108651:UTP6	33.51	39.68	24.9	17.43	98.21	76.48	2.57	5.03	18.46	14.45
ENSG00000108666:C17orf75	10.03	13.87	4.38	3.4	7.84	6.58	1.5	2.36	8.28	5.31
ENSG00000108669:CYTH1	20.03	28.71	41.72	25.96	32.64	28.82	2	7.56	25.21	5.71
ENSG00000108671:PSMD11	51.47	60.9	53.92	58.85	73.53	65.44	3.38	8.69	75.91	29.06
ENSG00000108684:ASIC2	0	0.08	0.43	0.38	0	0	0.1	0.98	0.37	1.82
ENSG00000108733:PEX12	4.79	4.27	10.28	9.41	5.43	4.79	0.29	0.4	18.22	21.5
ENSG00000108759:KRT32	0	0	0	0	0	0	0.08	0.13	0	0
ENSG00000108771:DHX58	5.79	7.39	4.63	4.44	7.04	7.46	0.46	0.78	10.92	20.4
ENSG00000108773:KAT2A	18.04	32.33	12.6	11.86	11.18	11.35	1.73	4.6	19.33	59.98
ENSG00000108774:RAB5C	79.31	97.2	97.91	112.07	339.71	318.74	19.61	33.1	54.7	53.02
ENSG00000108784:NAGLU	12.83	21.64	66.2	65.46	20.85	26.78	2.34	4.78	29.86	25.39
ENSG00000108786:HSD17B1	447.37	658.03	0.07	0.31	0.59	2.17	0.21	0.79	4.23	8.79
ENSG00000108788:MLX	24.34	27.24	23.09	30.73	39.57	41.21	5.38	11.7	66.08	36.9
ENSG00000108797:CNTNAP1	2.98	4.95	0.39	0.41	1.14	1.09	0.07	0.18	2.62	3.1
ENSG00000108799:EZH1	26.62	31.33	35.63	28.54	14.94	14.3	2.35	5.72	11.72	6.37
ENSG00000108813:DLX4	23.8	40.48	2.28	2.27	10.98	14.17	0.79	2.64	14.49	22.51
ENSG00000108819:PPP1R9B	11.73	19.24	37.45	28.46	34.66	31	5.52	11.46	19.72	6.18
ENSG00000108821:COL1A1	85.37	234.2	97.53	64.43	177.18	154.61	3.35	33.75	286.82	155.76
ENSG00000108823:SGCA	1.54	2.03	0.03	0	1.05	0.79	0.1	0.33	0.54	2.85
ENSG00000108826:MRPL27	30.18	27.53	46.49	42.43	175.33	157.39	1.44	3.18	15.71	71.3
ENSG00000108828:VAT1	29.35	33.03	198.94	193.57	206.25	200.94	11.55	20.31	65.77	153.55
ENSG00000108829:LRRC59	59.54	51.22	98.39	75.35	45.6	30.93	8.61	15.53	57.15	11.78
ENSG00000108830:RND2	0.12	0.15	61.37	48.47	25.63	25.95	2.24	4.52	1.04	4.57
ENSG00000108840:HDAC5	85.58	92.25	50.01	50.38	66	59.66	3.87	11.46	29.75	27.18
ENSG00000108846:ABCC3	7.82	7.8	4.34	2.11	7.19	3.88	0.99	1.61	19.29	38.11
ENSG00000108848:LUC7L3	88.31	131.03	54.85	40.5	174.06	190.43	4.49	7.21	299.33	35.08
ENSG00000108852:MPP2	1.61	1.81	2.33	1.9	0.47	0.26	0.07	0.12	1.41	0.24
ENSG00000108854:SMURF2	11.7	15.55	42.66	25.6	21.43	16.59	5.45	8.82	19.53	5.11
ENSG00000108878:CACNG1	0.12	0	0.36	0	0	0	0	0.01	0.08	0.5
ENSG00000108883:EFTUD2	43.89	40.83	44.89	41.9	39.99	36.18	5.82	13.34	27.67	22.93
ENSG00000108924:HLF	26.51	49.75	0.86	0.71	3.56	2.08	0.2	0.37	0.4	0.05
ENSG00000108932:SLC16A6	0.48	1.89	23.79	14.56	6.3	3.06	0.04	0.1	2.06	2.02
ENSG00000108946:PRKAR1A	144.88	168.24	99.43	91.4	432.57	305.92	23.31	40.15	600.88	93.19
ENSG00000108947:EFNB3	0.33	0.55	0.59	0.3	0.51	0.2	0.04	0.17	0.97	3.1
ENSG00000108950:FAM20A	4.57	9.74	6.16	6.14	24.45	15.66	0.44	1.08	3.22	1.33
ENSG00000108953:YWHAE	379.21	385.94	241.74	193.11	400.74	362.85	82.62	155.36	392.05	124.83
ENSG00000108960:MMD	52.86	50.57	14.79	12.74	26.2	27.39	6.74	11.51	12.51	10.75
ENSG00000108961:RANGRF	21.22	20.2	4.25	5.66	5.95	4.63	0.81	2.61	22.74	74.86
ENSG00000108963:DPH1	23.01	33.54	7.96	9.96	10.06	10.83	1.4	3.73	2.42	7.46
ENSG00000108984:MAP2K6	0.82	1.26	12.45	7.56	54.25	15.07	0.06	0.1	2.08	0.4
ENSG00000109016:DHRS7B	13.2	15.79	17.17	12.05	22.85	24	1.17	2.04	19.26	13.5
ENSG00000109047:RCVRN	0.08	0.4	0	0	0	0	0.09	0.64	0	0
ENSG00000109062:NHERF1	39.2	52.93	116.83	127.82	22.54	20.69	8.63	26.55	650.18	284.42
ENSG00000109063:MYH3	2.96	3.56	0.07	0.01	0.18	0.63	0.04	0.17	3.31	0.5
ENSG00000109065:NAT9	19.14	25.12	73.12	71.16	22.41	29.85	1.63	3.41	33.02	17.02
ENSG00000109066:TMEM104	7.28	9.52	72.84	43.68	6.95	5.58	0.3	1.31	10.61	10.09
ENSG00000109072:VTN	1.42	6.67	0.43	18.15	0	0	0.21	0.64	22.92	65.55
ENSG00000109079:TNFAIP1	58.89	54.93	57.48	49.94	24.61	25.88	2.83	6.46	7.92	5.72
ENSG00000109083:IFT20	46.51	56.48	81.98	96.62	50.93	45.58	3.19	4.31	486.28	94.41
ENSG00000109084:TMEM97	6.66	8.37	15.93	27.17	112.48	133.2	10.45	22.91	11.74	22.61
ENSG00000109089:CDR2L	8.4	13.5	11.52	7.85	21.14	19.48	1.43	4.01	82.92	9.48
ENSG00000109099:PMP22	30.09	82.75	79.57	148.02	8.25	8.65	4.78	8.85	15.94	23.28
ENSG00000109101:FOXN1	0.11	0.18	0.09	0.17	0.07	0	0.01	0.01	2.28	1.09
ENSG00000109103:UNC119	10.81	18.49	33.29	18.78	11.05	8.98	0.51	0.79	9.53	3.66
ENSG00000109107:ALDOC	0.52	0.82	1.73	5.02	48.66	46.31	0.88	2	24.95	15.38
ENSG00000109111:SUPT6H	42.07	53.44	49.06	34.77	35.46	31.91	4.56	12.82	65.31	25.33
ENSG00000109113:RAB34	12.56	18.52	14.81	15.18	78.63	74.08	3.14	6.41	7.49	5.22
ENSG00000109118:PHF12	29.92	44.96	41.99	35.22	15.58	14.59	0.95	2.33	32.76	23.26
ENSG00000109132:PHOX2B	0	0	0.04	0	0	0	0	0.01	0	0
ENSG00000109133:TMEM33	37.8	31.93	66.28	67.63	27.71	26.06	6.63	12.49	25.92	18.75
ENSG00000109158:GABRA4	4.2	8.08	0	0	0.08	0.02	0.01	0.09	0.04	0
ENSG00000109171:SLAIN2	95.14	99.71	25.64	19.61	23.38	25.03	2.61	5.31	16.53	2.76
ENSG00000109180:OCIAD1	95.72	99.54	143.96	128.77	157.38	193.15	13.37	24.25	62.08	29.11
ENSG00000109184:DCUN1D4	9.64	13.47	17.25	15.27	5.71	3.88	1.26	2.49	3.26	0.49
ENSG00000109189:USP46	18.18	24.75	26.24	21.74	13.1	10.81	3.51	8.5	28.05	2.41
ENSG00000109205:ODAM	0.2	0.41	0.07	0	0	0	0	0	0.52	3.27
ENSG00000109220:CHIC2	11.39	11.86	64.82	51.95	35.71	31.37	1.42	2.52	43.4	9.88
ENSG00000109265:CRACD	2.92	2.49	0.25	1.42	10.42	7.26	1.09	2.46	186.59	6.88
ENSG00000109270:LAMTOR3	46.35	60.75	51.06	51.62	61.74	60.17	8.13	10.16	25.16	104.57
ENSG00000109320:NFKB1	12.66	15.77	22.45	19.72	12	9.88	5.59	8.82	28.74	19.05
ENSG00000109321:AREG	109.17	77.5	0.04	4.43	1.68	1.28	3.93	2.5	26.15	2.21
ENSG00000109323:MANBA	23.4	24.99	28.45	28.91	63.89	81.16	1.62	2.04	19.22	12.78
ENSG00000109339:MAPK10	12.04	10.77	0.47	0.17	0.04	0.11	0.06	0.1	0	0
ENSG00000109381:ELF2	21.77	28.47	58.56	46.8	19.7	17.71	7.17	13.67	15.75	14.06
ENSG00000109436:TBC1D9	11.88	17.1	17.08	10.9	19.91	22.07	3.8	9.07	8.47	5.67
ENSG00000109452:INPP4B	1.15	2.09	0.54	0.47	14.53	17.33	1.82	3.54	1.1	0.27
ENSG00000109458:GAB1	28.09	40.17	37.24	30.58	24.63	23.82	2.69	7.12	11.49	1.6
ENSG00000109466:KLHL2	8.63	12.64	26.25	24.18	30.55	28.99	7.11	12.43	7.83	5.15
ENSG00000109472:CPE	2.16	7.81	412.9	410.35	0.9	2.79	13.23	36.61	21.54	25.34
ENSG00000109501:WFS1	31.32	43.69	69.75	36.9	19.58	10.96	2.75	12.24	35.91	20.95
ENSG00000109511:ANXA10	0.11	0	0.16	0	0.06	0	0	0	0.06	0
ENSG00000109534:GAR1	20.74	22.38	25.66	18.2	31.86	28.13	0.56	1.04	98.33	37.16
ENSG00000109572:CLCN3	32.14	27.91	19.14	19.44	42.92	40.13	11.42	24.11	32.34	8.55
ENSG00000109586:GALNT7	5.67	9.41	12.47	8.7	29.99	25.2	7.35	11.55	1.48	0.32
ENSG00000109606:DHX15	80.12	96.03	60.03	41.81	57.24	55.06	23.39	35.3	58.91	25.71
ENSG00000109610:SOD3	17.51	47.53	90.14	32	64.62	35.66	2.12	7.58	37113.85	1425.71
ENSG00000109618:SEPSECS	3.88	4.58	12.35	9.68	5.82	4.59	0.83	1.31	6.68	6.71
ENSG00000109625:CPZ	82.26	134.3	1.42	1.18	1.81	0.92	0	0.02	2.84	2.83
ENSG00000109654:TRIM2	2.01	2.9	1.9	1.95	7.34	4.54	0.79	2.23	7.73	1.23
ENSG00000109667:SLC2A9	7.56	6.43	1.57	0.77	2.86	1.47	1.89	6.29	2.82	0.67
ENSG00000109670:FBXW7	11.4	14.31	42.97	20.41	7.34	6.15	4.68	9.39	13.59	5.9
ENSG00000109674:NEIL3	1.21	0.65	1.18	0.16	1.85	0.97	0.07	0.08	0.71	0.48
ENSG00000109680:TBC1D19	2.96	2.94	14.19	11.96	1.84	1.93	0.38	0.63	3.89	9.25
ENSG00000109684:CLNK	0.33	0.35	0.17	0.24	0	0	0.01	0	0.1	0
ENSG00000109685:NSD2	10.93	15.28	36.29	33.15	23.75	21.87	2.21	7.72	4.2	0.55
ENSG00000109686:SH3D19	15.13	25.25	17.69	12.02	46.13	49.38	3.64	7.94	7.88	4.26
ENSG00000109689:STIM2	9.31	14.35	14.43	10.79	42.78	44.81	1.79	2.39	16.01	15.15
ENSG00000109705:NKX3-2	0.04	0.05	0	0.05	0	0	0	0.03	0.25	0.08
ENSG00000109738:GLRB	0.75	2.91	1.08	1.15	0.23	0.93	0.31	0.63	0.26	0.1
ENSG00000109743:BST1	3.14	3.59	14.67	128.22	0.75	0.38	2.56	2.96	2.08	2.73
ENSG00000109756:RAPGEF2	37.39	41.48	30.84	15.58	35.47	32.7	6.5	14.44	10.44	2.6
ENSG00000109758:HGFAC	0.15	0.06	2.9	5.71	0.24	0.36	0.01	0.01	2.46	2.14
ENSG00000109762:SNX25	6.33	11.7	6.56	8.12	36.83	20.39	2.61	4.61	8.08	6.23
ENSG00000109771:LRP2BP	1.02	2.26	1.1	0.61	0.27	0.6	0.24	0.38	0.13	0.3
ENSG00000109775:UFSP2	24.76	22.46	30.97	26.01	17.7	20.23	3.43	4.72	4.69	6.98
ENSG00000109787:KLF3	18.27	28.2	38.39	21.7	22.89	17.33	3.48	6.76	29.68	21.33
ENSG00000109790:KLHL5	99.41	81.62	15.53	10.67	20.55	14.08	6.76	11.85	1.33	0.31
ENSG00000109794:FAM149A	1.53	3.52	5.43	4.66	2.47	2.39	0.41	0.83	5.93	8.44
ENSG00000109805:NCAPG	2.94	2.03	0.57	0.58	7.26	7.97	0.26	0.7	5.23	0.68
ENSG00000109819:PPARGC1A	0	0.05	0.43	0.59	3.49	2.39	0.09	0.06	1.62	0.5
ENSG00000109832:DDX25	0.04	0.25	0.08	0.1	2.8	0.82	0.09	0.16	0	0
ENSG00000109846:CRYAB	143.01	253.64	1159.79	958.1	78.01	63.11	6.51	24.33	1079.81	994.56
ENSG00000109851:DBX1	0	0	0.52	0	0	0	0	0.02	0	0
ENSG00000109854:HTATIP2	71.23	66.91	45.01	51.14	21.3	19.86	5.77	8.25	13.64	20.25
ENSG00000109881:CCDC34	4.22	4.06	4.31	5.69	15.21	13.37	0.73	1.23	8.36	4.08
ENSG00000109906:ZBTB16	2.8	7.04	3.96	5.78	6.34	5.31	0.49	2.15	2.11	0.36
ENSG00000109911:ELP4	10.93	12.04	5.83	4.57	9.48	10.37	0.61	2.06	2.11	1.56
ENSG00000109920:FNBP4	105.64	174.45	38.73	31.99	60.5	57.48	8.1	16.96	28.18	21.07
ENSG00000109927:TECTA	0.29	0.48	0.09	0.04	0.04	0.02	0.03	0.07	0.04	0.09
ENSG00000109929:SC5D	12.28	13.44	17.97	42.99	209.61	232.18	12.91	26.19	14.91	12.91
ENSG00000109943:CRTAM	0.04	0.44	0.03	0.13	0	0	0.03	0.06	0	0.04
ENSG00000109944:JHY	7.41	7.74	0.27	0.37	1.34	0.86	0.01	0	1.09	1.88
ENSG00000109956:B3GAT1	0.02	0.07	0.01	0.18	0.25	0.06	0.01	0.01	0	0.06
ENSG00000109971:HSPA8	434.12	527.59	1306.23	1241.55	909.9	1451.47	269.64	748.01	1626.21	1371.15
ENSG00000109991:P2RX3	0.05	0.24	0.96	0.37	0.39	1.65	0	0.01	0	0
ENSG00000110013:SIAE	10.47	9.68	25.71	19.83	8.63	8.04	1.11	2.41	7.11	12.14
ENSG00000110025:SNX15	5.76	7.02	16.23	24.78	21.49	16.19	1.13	1.9	8.79	31.02
ENSG00000110031:LPXN	3.33	3.31	1.06	2	1.19	0.82	0.17	0.28	1.31	7.07
ENSG00000110042:DTX4	13.67	20.89	6.76	2.96	14.91	8.56	0.3	0.61	3.94	1.65
ENSG00000110047:EHD1	68.53	58	129.34	104.36	46.88	48.37	2.18	7.02	34.78	47.05
ENSG00000110048:OSBP	46.68	46.25	52.37	37.92	33.73	24.62	5.43	11.98	0	0
ENSG00000110057:UNC93B1	4.18	11.65	13.16	10.97	32.83	34.02	1.72	2.67	5.25	7.09
ENSG00000110060:PUS3	5.63	8.1	4.77	5.46	22.06	20.39	2.17	3.51	10.38	5.14
ENSG00000110063:DCPS	7.5	10.6	9.1	10.17	3.37	4.04	1.25	2.99	9.95	33.16
ENSG00000110066:KMT5B	33.42	42.73	28.09	18.03	49.92	39.04	5.39	10.74	26.71	6.58
ENSG00000110074:FOXRED1	16.73	25.37	17.95	12.45	9.33	10.88	1.04	2.62	12.28	35.41
ENSG00000110075:PPP6R3	62.37	67.75	67	41.68	41.31	37	7.46	15.17	49.39	14.74
ENSG00000110076:NRXN2	0.45	2.34	1.98	1.36	0.5	0.16	0	0.03	0.08	0
ENSG00000110080:ST3GAL4	234.16	247.9	53.14	105.4	15.14	19.6	1.58	3.61	13.67	18.52
ENSG00000110090:CPT1A	9.88	13.14	30.06	20.21	66.64	37.29	9.92	30.49	11.65	19.39
ENSG00000110104:CCDC86	6.2	5.43	17.83	12.08	8.82	7.39	0.79	1.96	24.01	34.12
ENSG00000110107:PRPF19	24.82	28.25	69.23	59.67	49.59	44.17	5.39	11.77	22.81	63.62
ENSG00000110108:TMEM109	48.79	54.86	62.66	59.43	113.53	109.68	5.55	13.73	24.45	44.18
ENSG00000110169:HPX	0.98	0.92	1.53	25.39	0	0	0.04	0.1	0	0.28
ENSG00000110171:TRIM3	8.37	15.89	35.39	38.4	29.15	27.53	1.07	3.32	10.18	6.99
ENSG00000110218:PANX1	4.72	5.43	6.57	5.95	12.2	10.9	0.09	0.19	0.56	0.12
ENSG00000110237:ARHGEF17	22.65	35.59	28.56	18.44	12.43	11.16	2.55	9.61	4.27	0.87
ENSG00000110243:APOA5	0	0	0	4.55	0	0	0	0.02	0.41	6.4
ENSG00000110244:APOA4	0	0	16.12	2213.08	0	0.16	0.04	0	1954.26	1195.61
ENSG00000110245:APOC3	0	0.14	0.3	16.85	0.06	0	0	0	8.72	24.22
ENSG00000110274:CEP164	4.8	7.45	18.39	10.2	5.74	5.27	0.35	1.11	9.79	2.33
ENSG00000110315:RNF141	11.44	17.73	19.56	15.85	24.26	15.87	2.32	3.86	38.34	20.43
ENSG00000110318:CEP126	0.33	0.94	3	2.22	0.57	0.28	1.42	3.31	0.75	0.09
ENSG00000110321:EIF4G2	519.21	568.49	365.12	248.98	513.78	445.9	80.63	137.39	426.46	215.96
ENSG00000110324:IL10RA	3.48	11.14	4.36	2.43	4.24	1.13	0.8	1.67	3.89	2.57
ENSG00000110328:GALNT18	8.14	14.26	8.21	7.72	3.19	5.27	2.03	6.28	3.44	7.22
ENSG00000110344:UBE4A	14.64	17.23	40.95	22.63	27.33	26.35	4.84	9.9	16.24	5.49
ENSG00000110367:DDX6	38.86	43.15	80.81	52.19	40.92	40.46	15.19	27.94	26.3	10.36
ENSG00000110375:UPK2	1.47	1.24	1.37	0.8	9.43	11.52	4.94	13.35	8.71	44.28
ENSG00000110395:CBL	4.18	6.35	13.67	8.48	33.64	26.31	4.14	11.51	2.32	0.83
ENSG00000110400:NECTIN1	21.93	21.57	10.36	11.51	11.3	13.46	0.03	0.21	0.1	0.03
ENSG00000110422:HIPK3	39.17	44.25	38.01	24.19	23.35	16.73	9.62	16.38	18.38	1.47
ENSG00000110427:KIAA1549L	0.08	0.1	0.08	0.01	0.04	0	0.02	0.05	0.05	0.01
ENSG00000110429:FBXO3	23.59	29.24	21.66	17.15	53.38	57.26	6.73	10.64	31.32	22.09
ENSG00000110435:PDHX	22.12	22.23	10.42	9.27	32.44	25.92	2.74	3.69	18.22	14.05
ENSG00000110436:SLC1A2	2.44	1.79	0.41	0.68	0	0.04	0.13	0.17	2.02	0.98
ENSG00000110442:COMMD9	22.13	27.63	21.3	23.97	28.51	27.64	1.65	3.61	20.95	86
ENSG00000110446:SLC15A3	36.9	59.8	1.78	1.9	9.75	4.63	1.4	2.46	1.33	22.89
ENSG00000110448:CD5	0.15	0.07	0.17	0	1.05	0.89	0.06	0.17	0.6	0.4
ENSG00000110455:ACCS	3.26	8.34	6.27	3.74	2.88	2.46	0.44	0.86	1.99	0.81
ENSG00000110497:AMBRA1	12.92	12.42	20.79	15.15	24.82	20.76	4.85	14.39	17.06	25.12
ENSG00000110514:MADD	28.37	35.95	12.18	12.4	9.52	10.5	1.41	4.13	14.24	5.64
ENSG00000110583:NAA40	15.36	19.15	30.45	16.92	13.98	12.31	1.59	5.04	13.03	3.24
ENSG00000110619:CARS1	18.61	36.24	36.81	37.03	37	30.19	2.88	6.77	118.67	66.15
ENSG00000110628:SLC67A1	6.43	5.62	6.31	14.16	0.53	1.33	0.43	1.41	0.03	0.41
ENSG00000110675:ELMOD1	0.66	0.59	7.52	2.86	0	0	0	0.01	0.12	0.54
ENSG00000110693:SOX6	1.09	3.26	1.82	1.14	0.32	0.1	1.94	4.56	1.97	0.14
ENSG00000110696:C11orf58	174.41	182.61	78.33	59.61	60.34	45.49	4.24	7.28	526.83	198.75
ENSG00000110711:AIP	15.29	24.14	30.25	24.2	50.14	52.2	2.84	6.71	22.65	30.96
ENSG00000110713:NUP98	40.02	46.66	27.54	14.81	25.87	21.84	4.14	10.86	12.85	5.07
ENSG00000110719:TCIRG1	42.04	61.89	33.49	31.16	43.05	51.82	0.88	2.05	9.85	61.88
ENSG00000110721:CHKA	10.53	19.13	16.82	25.83	104.99	129.43	5.36	14.49	71.21	246.54
ENSG00000110768:GTF2H1	31.51	39.14	42.92	38.16	56.53	51.44	6.79	10.45	8.91	8.52
ENSG00000110777:POU2AF1	0.95	0.84	0.29	0.37	6.18	3.63	0.01	0.01	0	0
ENSG00000110786:PTPN5	0	0.03	0.46	0.38	28.07	12.37	0	0.05	2.49	1.27
ENSG00000110801:PSMD9	15.05	20	24.64	22.03	64.12	56.79	4.94	10.94	96.47	40.32
ENSG00000110811:P3H3	2.24	5.14	6.75	5.14	11	10.25	0.54	1.76	8.01	9.7
ENSG00000110841:PPFIBP1	20.5	40.03	126.77	63.84	25.43	21.03	8.04	14.82	12.5	3.13
ENSG00000110848:CD69	1.91	1.24	0.24	0	0.28	0.32	0.25	0.43	0.06	0
ENSG00000110851:PRDM4	13.19	15.16	19.67	17.94	12.78	11.08	0.82	1.7	3.88	9.66
ENSG00000110871:COQ5	19.52	18.43	24.84	22.25	11.6	13.77	1.62	3.59	48.97	25.78
ENSG00000110887:DAO	0.09	0	0.6	1.46	10.08	6.28	0.01	0	0.1	2.47
ENSG00000110888:CAPRIN2	7.69	14.59	9.16	3.94	5.18	3.63	0.13	0.32	6.82	0.72
ENSG00000110900:TSPAN11	1.16	0.71	0.07	0.06	19.46	18.48	0.93	2.64	0.49	0.15
ENSG00000110906:KCTD10	17.72	30.33	244.48	175.3	49.94	34.96	8.68	15.42	17.05	7.76
ENSG00000110921:MVK	6.95	8.35	10.33	10.03	28.68	25	1.2	3.55	4.39	4.12
ENSG00000110931:CAMKK2	11.38	16.79	11.6	12.33	14.62	9.46	0.72	1.73	3.12	2.64
ENSG00000110955:ATP5F1B	207.52	209.17	471.36	507.88	324.82	307.74	79.26	129.36	405.48	590.82
ENSG00000110958:PTGES3	142.89	148.91	116.56	87.82	227.54	223.4	21.5	40.05	372.43	76.14
ENSG00000110987:BCL7A	1.45	1.71	2.1	0.96	3.45	3.41	0.46	1.52	32.88	40.99
ENSG00000111011:RSRC2	71.91	95.01	63.31	56.48	73.12	75.19	14.4	28.68	332.65	70.64
ENSG00000111012:CYP27B1	0.1	0.49	0.08	0.13	0.33	0.71	0.19	0.43	0.66	5.72
ENSG00000111046:MYF6	0	0.05	0	0	0	0.13	0.02	0	0	0
ENSG00000111049:MYF5	0	0	0	0	0	0	0.03	0	0	0
ENSG00000111052:LIN7A	3.58	5.3	0.02	0	0.19	0.15	0.07	0.45	0.24	0
ENSG00000111057:KRT18	451.3	609.1	1093.68	1000.21	473.36	356.4	76.71	177.66	2754.33	1655.92
ENSG00000111058:ACSS3	0.33	0.95	0.31	0.59	5.99	3.5	3.07	7.68	2.72	1.27
ENSG00000111110:PPM1H	10.26	5.83	14.48	9.62	28.86	16.7	3.36	9.25	52.95	9.53
ENSG00000111142:METAP2	39.31	40.99	89.72	82.29	187.83	204.19	6.99	9	52.37	63.24
ENSG00000111144:LTA4H	10.7	20.23	58.15	57.48	29.12	28.3	2.87	6.15	18.34	47.29
ENSG00000111145:ELK3	15.54	18.5	31.61	22.73	22.6	23.92	1.77	3.91	7.27	3.18
ENSG00000111181:SLC6A12	0.99	5.59	150.44	112.31	0.99	0.58	0	0	0.18	0.17
ENSG00000111186:WNT5B	0.18	1.48	1.98	2.24	10.71	4.55	0.59	1.4	2.9	0.89
ENSG00000111199:TRPV4	5.45	6.26	1.53	1.29	3.27	4.08	0.41	1.36	3.18	6.77
ENSG00000111218:PRMT8	0.04	0.07	0.02	0	0	0	0	0	0	0
ENSG00000111224:PARP11	3.12	3.87	11.81	6.86	3.52	2.76	0.43	1.34	4.51	2.09
ENSG00000111229:ARPC3	182.88	207.97	246.52	265.85	666.06	626.92	46.3	56.25	86.67	61.66
ENSG00000111231:GPN3	13.15	11.38	13.64	7.93	15.15	14.42	2.39	3.88	25.38	8.29
ENSG00000111237:VPS29	76.12	94.21	67.5	66.04	81.4	73.36	9.86	15.39	127.55	125.2
ENSG00000111241:FGF6	0	0	0	0	0	0	0	0	0	0
ENSG00000111245:MYL2	0	0	0.06	0	0.14	0	0.01	0.05	0	0
ENSG00000111247:RAD51AP1	2.75	2.79	0.95	2.13	5.6	4.23	0.17	0.27	4.97	4.05
ENSG00000111249:CUX2	0.03	0.06	1.45	1.92	0.01	0.06	0.15	0.37	3.5	1.02
ENSG00000111252:SH2B3	10.29	16.75	14.06	13.98	40.35	36.59	2.08	4.53	4.11	2.12
ENSG00000111254:AKAP3	0.58	1.69	0.05	0.14	0.16	0.05	0.04	0.08	0.46	1.13
ENSG00000111261:MANSC1	12.45	13.95	6.59	4.16	29.04	27.97	2.5	5.06	3.52	2.43
ENSG00000111266:DUSP16	35.5	32.35	57.01	33.08	32.67	26.18	5.11	12.14	5.22	1.48
ENSG00000111276:CDKN1B	29.44	35.41	44.36	40.16	65.71	66.55	12.24	25.01	12.07	14.93
ENSG00000111291:GPRC5D	1.32	1.66	0.23	0.19	0.21	0.14	0.06	0.36	0.94	0.52
ENSG00000111300:NAA25	11.87	15.36	12.14	8.32	14.49	13.98	3.39	5.17	4.65	2.04
ENSG00000111321:LTBR	67.1	72.32	68.23	60.54	94.14	67.13	4.21	11.8	45.85	115.52
ENSG00000111325:OGFOD2	8.95	10.16	29.62	23.99	8.76	10.36	1.73	2.41	3.36	16.42
ENSG00000111335:OAS2	14.5	14.31	3.34	1.98	0.8	0.32	0.64	2.79	2.53	3.38
ENSG00000111344:RASAL1	0.87	0.35	10.7	10.47	4.73	6.33	0.08	0.05	0.14	0.26
ENSG00000111348:ARHGDIB	46.46	114.85	40.14	32.62	274.38	291.22	11.74	20.41	30.53	80.72
ENSG00000111358:GTF2H3	10.58	9.08	23.12	18.72	10.34	8.42	4.66	6.74	2.83	1.31
ENSG00000111364:DDX55	9.68	16.33	9.03	7.52	31.79	28.38	1.71	3.14	7.53	4.47
ENSG00000111371:SLC38A1	121.58	113.62	188.9	95.14	15.68	11.59	0.74	0.47	0	0
ENSG00000111405:ENDOU	159.41	164.68	19.27	6.38	28.52	6.23	0.15	0.33	1.24	1.41
ENSG00000111412:SPRING1	5.33	5.3	12.27	6.48	18.3	14.96	1.56	4.13	3.54	0.9
ENSG00000111424:VDR	4.64	3.48	1.11	171.71	9.81	7.23	0.66	2.44	0.17	0
ENSG00000111432:FZD10	4.18	4.97	0.1	0	8.31	8.88	0.43	0.62	42	44.44
ENSG00000111445:RFC5	7.98	9.61	7.64	6.65	29.33	29.23	0.47	1.32	4.21	10.28
ENSG00000111450:STX2	4.06	9.64	24.66	16.97	23	19.63	1	2.25	6.25	0.71
ENSG00000111490:TBC1D30	1.77	2.56	7.18	4.18	4.3	2.7	1.46	2.25	0.6	0.19
ENSG00000111530:CAND1	41.49	36.38	67.5	34.23	43.88	43.31	9.72	15.48	36.69	18.81
ENSG00000111596:CNOT2	55.47	58.05	44.91	31.29	38.28	27.54	5.8	8.67	41.75	16.3
ENSG00000111602:TIMELESS	9.67	10.34	8.76	6.19	10.53	10.98	1.25	2.15	3.37	2.86
ENSG00000111605:CPSF6	29.95	44.69	30.91	19.35	34.5	29.23	8.1	13.97	57.32	27.51
ENSG00000111615:KRR1	29.1	35.29	15.11	14.07	18.39	17.34	6.03	7.28	29.28	27.38
ENSG00000111639:MRPL51	37.36	43.23	55.96	54.11	22.84	19.12	6.51	10.09	145.86	169.25
ENSG00000111641:NOP2	8.19	15.81	20.71	18.05	21.57	21.15	2.27	4.82	15.26	30.48
ENSG00000111642:CHD4	58.6	79.2	71.68	49.95	51.57	45.32	10.13	21.8	132.35	61.56
ENSG00000111644:ACRBP	2.89	6.76	8.86	7.44	1.26	0.24	0.19	0.56	0.26	1.8
ENSG00000111647:BLTP3B	17.91	19.02	29.86	26.72	6.12	4.5	2.08	3.97	6.56	2.54
ENSG00000111652:COPS7A	32.85	35.88	54.54	55.71	26.33	23.32	3.51	7.68	28.92	21.24
ENSG00000111653:ING4	30.67	40.1	106.02	86.89	49.64	56.59	3.85	9.04	49.22	73.77
ENSG00000111664:GNB3	0.76	0.83	0.03	0	0.77	0.81	0.01	0.07	1.03	1.75
ENSG00000111665:CDCA3	3.86	3.04	2.93	3.59	25.28	22.18	0.13	0.36	3.55	3.24
ENSG00000111667:USP5	30.31	37.96	68.95	49.17	36.3	37.58	3.77	8.76	54.2	47.43
ENSG00000111670:GNPTAB	9.62	12	8.15	5.32	8.85	4.54	2.39	5.58	15.41	5.9
ENSG00000111676:ATN1	53.59	84.18	38.65	26.12	51.26	41.21	1.08	5.26	46.71	64.08
ENSG00000111678:C12orf57	39.87	50.11	78.83	72.58	74.7	65.85	4.51	8.57	4.06	1.74
ENSG00000111679:PTPN6	16.04	31.88	16.53	16.49	40.37	41.72	1.58	2.83	31.16	30.43
ENSG00000111684:LPCAT3	76.9	66.63	54.02	77.33	64.72	57.77	2.57	4.26	21.81	24.13
ENSG00000111696:NT5DC3	6.49	9.27	14.84	7.9	29.3	31.36	1.54	3.53	5.51	6.99
ENSG00000111701:APOBEC1	0.06	0	7.56	6.83	0.04	0	0.01	0.01	0	0.1
ENSG00000111707:SUDS3	20.32	26.87	71.6	55.84	37.25	36.87	5.24	8.72	93.51	22.32
ENSG00000111711:GOLT1B	41.02	34.52	43.45	34.07	34.98	33.62	5.91	8.49	11.55	11.69
ENSG00000111713:GYS2	0	0	0	0	0.28	0.1	0	0	0.03	0.05
ENSG00000111726:CMAS	42.08	51.78	44.81	51.51	36.38	27.42	7.32	11.48	33.09	30.7
ENSG00000111727:HCFC2	12.9	14.52	17.09	10.43	7.17	6.21	1.82	2.96	3.54	1.87
ENSG00000111728:ST8SIA1	1.1	0.85	0.06	0.07	0.04	0.08	0.69	1.1	1.54	1.75
ENSG00000111731:C2CD5	10.72	15.89	9.45	10.64	11.3	10.13	3.12	4.94	3.41	2.02
ENSG00000111732:AICDA	4.74	4.72	0.27	0.1	0	0	0	0	0	0.06
ENSG00000111737:RAB35	26.99	43.74	54.35	48.93	50.06	42.14	5.11	10.25	159.58	31.65
ENSG00000111752:PHC1	28.86	37.87	18.84	10.52	15.43	9.37	0.65	2.05	3.36	7.97
ENSG00000111775:COX6A1	190.07	189	462.37	477.86	230.51	221.44	22.47	35.53	89.79	378.42
ENSG00000111783:RFX4	0.04	0	0	0.12	5.93	7.16	0	0.02	0.04	0
ENSG00000111785:RIC8B	4.93	5.95	12.26	9.01	16.17	15.01	1.57	3.08	28.83	24
ENSG00000111799:COL12A1	0.24	0.74	37.52	47.42	131.54	72.36	9.64	27.52	6.92	2.6
ENSG00000111802:TDP2	37.67	31.48	36.27	23.82	13.52	15.02	2.48	4.24	43.67	23.27
ENSG00000111816:FRK	1.42	1.34	7.74	4.25	4.03	1.95	0	0.01	2.4	3.07
ENSG00000111817:DSE	20.41	24.87	9.73	8.65	12.84	7.85	0.95	2.32	10.77	9.47
ENSG00000111834:RSPH4A	0.21	0.36	0.14	0.23	0	0	0	0.04	0.2	0
ENSG00000111837:MAK	0.25	0.51	1.69	0.63	0.39	0.19	0.06	0.16	9.29	3.69
ENSG00000111845:PAK1IP1	5.07	5.97	64.41	82.68	29.9	23.55	3.76	6.11	18.51	13.86
ENSG00000111850:SMIM8	6.38	5.09	11.9	14.62	13.46	11.05	0.55	0.61	6.41	15.16
ENSG00000111859:NEDD9	31.06	57.72	26.67	24.39	47.85	22.12	1.91	3.2	25.86	12.93
ENSG00000111860:CEP85L	4.99	4.72	10.92	4.3	13.09	10.4	2.18	4.59	18.62	0.08
ENSG00000111863:ADTRP	0.11	0.38	38.99	35.5	0.46	0.24	0.05	0	0	0
ENSG00000111875:ASF1A	8.09	8.57	52.62	27.32	31.38	27.82	1.86	2.84	73.79	42.19
ENSG00000111877:MCM9	13.88	15.21	6.41	4.25	6	4.96	1.21	2.5	1.71	0.28
ENSG00000111879:FAM184A	26.86	24.76	3.83	3.5	2.87	0.79	0.03	0.1	2.28	0.49
ENSG00000111880:RNGTT	7.33	5.75	9.33	7.84	8.69	7.33	2.31	3.72	4.03	0.77
ENSG00000111885:MAN1A1	11.38	35.12	84.7	47.37	17.51	10.59	1.16	2.85	25.62	18.32
ENSG00000111886:GABRR2	3.53	5.21	1.26	1.03	1.6	1.79	0	0	0	0.1
ENSG00000111906:HDDC2	23.04	27.09	7.09	11.45	29.63	22.25	0.37	1.02	6.47	17.09
ENSG00000111907:TPD52L1	13.33	11.2	2.16	0.95	13.54	16.12	0.32	0.73	4.07	0.05
ENSG00000111912:NCOA7	6.17	8.84	8.87	8.53	15.01	10.17	1.66	3.47	13.16	1.61
ENSG00000111913:RIPOR2	31.74	26.1	11.98	11.32	2.5	0.61	0.94	0.49	5.27	1.09
ENSG00000111961:SASH1	12.72	17.86	37.39	21.28	11.16	5.87	1.78	5.11	7.35	19.43
ENSG00000111962:UST	2.61	2.8	3.24	2.66	9.82	7.79	2.01	3.29	1.11	0.43
ENSG00000112029:FBXO5	5.95	6.27	2.95	1.31	3.31	2.88	0.22	0.26	0.54	0.51
ENSG00000112031:MTRF1L	6.98	7.88	6.7	12.45	31.03	29.32	1.28	3.66	5.26	6.7
ENSG00000112033:PPARD	49.68	60.93	19.09	12.66	82.14	81.23	2.61	6.6	50.89	28.07
ENSG00000112038:OPRM1	0.03	0.07	0.12	0	0	0	0	0	0	0.12
ENSG00000112039:FANCE	12.48	11.64	22.7	13.32	6.05	6.65	2.05	5.38	1.95	4.33
ENSG00000112041:TULP1	1.57	0.98	17.79	15.06	0.43	0.68	0.21	0.77	0.11	0
ENSG00000112053:SLC26A8	0.32	0.59	3.84	2.91	0	0	0.02	0.05	0.09	0.07
ENSG00000112062:MAPK14	23.69	31.41	84.91	74.06	31.52	28.12	8.59	16.58	19.28	10.99
ENSG00000112077:RHAG	0.6	1.28	0.1	0	0	0	0.06	0.04	2.81	1.13
ENSG00000112078:KCTD20	21.63	21.51	94.34	66.25	23.8	20.23	5.21	10.32	20.06	7.07
ENSG00000112079:STK38	20.54	27.7	100.05	81.19	21.56	19.66	4.93	10.4	93.22	13.32
ENSG00000112110:MRPL18	25.72	26.41	30.99	28.13	56.4	59.07	4.01	8.67	27.04	52.31
ENSG00000112115:IL17A	0	0	0	0	0	0	0	0	0.16	58.47
ENSG00000112116:IL17F	0	0	0.33	0.22	0	0	0	0	0	0
ENSG00000112118:MCM3	25.88	28.87	5.68	5.52	24.37	20.95	0.38	0.96	6.03	9.95
ENSG00000112130:RNF8	6.44	6.64	26.92	22.37	38.06	34.95	3.33	6.12	32.76	11.1
ENSG00000112137:PHACTR1	1.73	1.78	58.48	30.21	10.15	3.92	0.8	2.08	29.14	1.24
ENSG00000112139:MDGA1	0.35	0.97	0.36	0.59	0.17	0.12	0.09	0.46	0.65	0.62
ENSG00000112144:CILK1	45.41	69.49	12.12	12.26	5.87	4.79	0.56	1.76	2.73	1.32
ENSG00000112146:FBXO9	87.76	110.43	34.19	34.41	42.84	48.79	2.47	5.1	37.14	35.8
ENSG00000112149:CD83	0.72	2.26	26.19	15.08	0.94	1.32	2.85	7.65	0.08	0.2
ENSG00000112159:MDN1	2.14	4.36	6.59	6.77	5.91	5.88	1.32	2.66	4.4	2.71
ENSG00000112164:GLP1R	0.01	0.02	0.05	0.62	0.22	0.15	0.33	0.75	0.13	0.15
ENSG00000112167:SAYSD1	5.91	8.87	6.81	5.7	8.25	6.76	0.99	3.53	2.58	1.16
ENSG00000112175:BMP5	13.67	40.39	0	0.1	0.23	0.27	0.53	0.9	0	0.04
ENSG00000112182:BACH2	0.51	1.07	10.78	3.56	0.23	0.26	0.39	1.02	0.6	0.32
ENSG00000112183:RBM24	1.15	0.41	0.09	0	0	0	0.19	0.53	0	0.16
ENSG00000112186:CAP2	33.61	25.22	1.06	1.09	0.98	0.24	0.43	1.71	3.31	0.99
ENSG00000112195:TREML2	61.43	84.67	0.43	0.68	0.61	0.97	0.01	0.01	0.1	0
ENSG00000112200:ZNF451	29.84	30.94	29.36	13.16	7.67	6.33	1.22	2.47	1.67	0.95
ENSG00000112210:RAB23	7.02	14.92	16.02	11.02	15.87	12.01	1.27	3.06	19.5	1.74
ENSG00000112214:FHL5	0.07	0	0.37	0	0.17	0	4.73	6.4	0.25	0.05
ENSG00000112218:GPR63	0.43	0.37	0.68	0.44	2.05	1.32	0.08	0.11	0.06	0.12
ENSG00000112232:KHDRBS2	0.25	0.17	0.03	0	0	0	0	0	0.37	0.03
ENSG00000112234:FBXL4	5.64	6.38	12.08	10.28	5.61	6.57	1.13	2.53	3.29	2.55
ENSG00000112237:CCNC	36.76	45.51	13.43	7.46	23.91	24.24	8.23	10.99	13.73	4.29
ENSG00000112238:PRDM13	0	0	0	0	0	0	0	0	0	0
ENSG00000112242:E2F3	2.48	3.51	7.2	4.61	4.02	2.37	0.7	1.14	2.18	1.14
ENSG00000112246:SIM1	0.02	0.01	0	0	0.08	0.04	0	0	0	0.02
ENSG00000112249:ASCC3	13.76	14.61	18.5	13.76	5.96	5.18	4.74	7.86	7.07	0.97
ENSG00000112276:POPDC1	1.36	1.97	1.81	1.43	0.46	0.42	0.15	0.4	0.19	0.18
ENSG00000112280:COL9A1	0.03	0.27	0	0	0	0	0.05	0.54	4.11	0.51
ENSG00000112282:MED23	18.19	21.09	19.83	11.4	10.64	10.85	3.93	6.92	12.5	11.47
ENSG00000112293:GPLD1	0.48	0.45	1.5	0.51	19.52	8.3	2.81	3.25	1.82	1.52
ENSG00000112294:ALDH5A1	2.72	3.89	1.94	1.54	22.56	15.27	0.41	1.03	5.55	14.31
ENSG00000112297:CRYBG1	163.78	83.25	7.58	4.23	21.45	17.58	8.54	11.44	63.3	13.83
ENSG00000112299:VNN1	0.49	0.57	87.42	53.54	3.71	3.67	0.03	0.03	0.13	0.53
ENSG00000112305:SMAP1	10.78	12.66	66.47	58.1	138.07	105.37	8.14	14.83	78.67	20.24
ENSG00000112308:C6orf62	92.62	106.69	105.41	73.72	89.82	84.52	6.51	14.2	64.18	94.85
ENSG00000112309:B3GAT2	0.67	1.04	1.16	1.28	0	0	0.57	0.78	0	0
ENSG00000112312:GMNN	8.12	8.24	38.73	27.03	17.41	15.06	2.62	4.46	13.4	5.19
ENSG00000112333:NR2E1	0.04	0.04	0	0	0.05	0.13	0.01	0.08	0	0
ENSG00000112335:SNX3	148.92	194.99	147.26	198.8	132.42	124.18	15.23	31.36	139.39	56.61
ENSG00000112339:HBS1L	32.19	40.35	41.93	37.19	34.21	31.39	5.51	7.81	52.97	38.02
ENSG00000112357:PEX7	2.64	2.37	14.4	17.77	28.5	27.68	1.07	1.63	78.83	46.84
ENSG00000112365:ZBTB24	8.02	6.55	15.45	15.9	22.78	17.46	1.3	1.85	14.57	4.47
ENSG00000112367:FIG4	9.01	9.24	14.06	11.47	20.06	21.43	3.18	5.33	4.88	3.97
ENSG00000112379:ARFGEF3	1.77	1.78	2.47	1.03	2.49	1.41	0.11	0.75	0.57	0.05
ENSG00000112394:SLC16A10	1.15	9.65	36.94	19.63	16.6	13.37	10.8	22.25	18.94	3.37
ENSG00000112406:HECA	14.76	16.29	43.02	24.45	12.05	10.41	4.7	7.92	6.26	0.89
ENSG00000112414:ADGRG6	200.01	151.84	80.65	37.61	3.5	4.57	4.65	6.57	3.43	1
ENSG00000112419:PHACTR2	105.78	120.79	10.27	8.73	5.26	4.78	9.25	21.54	10.4	0.89
ENSG00000112425:EPM2A	1.5	2.63	4.12	2.19	0.71	0.48	0.21	0.71	0.44	0.14
ENSG00000112486:CCR6	0	0.38	0.11	0	1.84	0.81	0	0	0	0
ENSG00000112499:SLC22A2	0.26	1.01	0.23	4.97	0.32	0.56	0.02	0.1	0.3	0.06
ENSG00000112511:PHF1	39.52	62.93	22.81	20.16	49.66	55.14	1.42	3.94	24.82	33.76
ENSG00000112530:PACRG	0	0.09	0.73	1.24	0	0	0.03	0.06	0.7	1.4
ENSG00000112531:QKI	68.45	89.51	76.13	37.5	51.61	39.88	12.45	20.85	53.91	13.36
ENSG00000112541:PDE10A	2.78	4.94	65.16	23.05	1.54	0.99	1.24	2.86	0.31	0.11
ENSG00000112559:MDFI	17.08	12.12	81.9	49.59	5.84	7.49	0.57	1.54	25.43	17.54
ENSG00000112562:SMOC2	10.02	13.19	37.6	42.37	141.05	40.27	0.48	0.98	9.32	11.99
ENSG00000112576:CCND3	38.76	42.15	55.42	67.7	66.54	40.15	3.38	7.63	16.71	42.99
ENSG00000112578:BYSL	5.45	5.28	7.14	5.9	13.74	11.08	1.83	3.77	7.62	14
ENSG00000112584:FAM120B	16.57	21.44	13.17	9.78	8.18	8.17	2.74	6.73	4.97	3.5
ENSG00000112619:PRPH2	0.44	0.8	0	0	0	0.06	0	0	0.16	0.15
ENSG00000112624:BICRAL	4.39	6.22	14.22	6.33	11.02	11.72	0.8	2.72	1.77	0.69
ENSG00000112640:PPP2R5D	13.26	15.39	30.41	24.98	25.06	24.14	1.39	3.74	51.1	69.09
ENSG00000112651:MRPL2	18.85	26.01	52.21	60.06	44.99	41.85	5.98	10.27	20.61	45.89
ENSG00000112655:PTK7	21.37	30.16	12.65	9.44	8.83	9.61	4.3	17.31	7.15	7.4
ENSG00000112658:SRF	11.8	18.04	36.09	28.91	19.85	16.65	2.89	15.97	19.25	20.15
ENSG00000112679:DUSP22	28.53	30.59	18.91	17.91	7.56	7.37	1.17	3.73	6.84	9.13
ENSG00000112685:EXOC2	16.16	19.54	16.62	12.32	25.01	24.75	5.87	11.39	11.71	2.44
ENSG00000112697:TMEM30A	61.41	50.68	82.14	66.87	70.26	67.3	17.69	27.81	74.18	25.75
ENSG00000112699:GMDS	5.25	8.89	14.05	20.86	33.59	38.14	2.71	8.41	15.57	12.21
ENSG00000112701:SENP6	76.58	74.22	67.03	60.64	25.33	24.6	9.43	16.84	41.86	15.14
ENSG00000112706:IMPG1	0.13	0.09	0.04	0.05	0	0	0	0	0.04	0
ENSG00000112715:VEGFA	6.65	17.56	90.06	96.84	281.78	276.02	25.53	79.1	1374.1	622.88
ENSG00000112742:TTK	3.31	2.09	0.42	0.66	2.86	3.25	0.1	0.09	0.96	0.22
ENSG00000112761:CCN6	0	0	0	0	0.28	0.28	0.32	0.64	0.23	0.67
ENSG00000112769:LAMA4	33.86	60.43	21.9	22.66	14.09	12.88	7.04	15.7	5.09	7.39
ENSG00000112773:TENT5A	131.72	149.2	83.13	48.36	17.27	9.42	3.68	7.59	100.06	1.69
ENSG00000112782:CLIC5	20.3	56.95	106.38	100.93	5.96	9.48	5.06	10.49	6.64	0.22
ENSG00000112787:FBRSL1	33.42	39.05	46.23	26.4	53.43	41.86	0.44	2.42	8.82	13.71
ENSG00000112796:ENPP5	1.3	1.41	9.47	18.96	19.95	22.95	68.07	89.99	7.82	3.27
ENSG00000112799:LY86	2.54	6.8	2.61	4.11	1.05	0.21	0.43	0.67	0	0
ENSG00000112812:PRSS16	24.82	24.44	5.63	6.9	0	0	1.48	1.42	0.47	0.3
ENSG00000112837:TBX18	0.56	1.42	0.7	0.36	0.09	0.11	0.05	0.2	0.05	0
ENSG00000112851:ERBIN	20.86	34.35	45.5	30.51	38.49	35.48	14.79	24.19	32.51	5.02
ENSG00000112855:HARS2	18.54	22.4	31.28	19.21	17.48	16.53	2.13	4.38	38.4	31.58
ENSG00000112874:NUDT12	3.09	3.63	4.15	2.49	9.86	9.39	1.9	4.13	7.58	6.19
ENSG00000112877:CEP72	2.29	0.89	3	3.17	2.43	2.3	0	0.01	0.36	0.42
ENSG00000112893:MAN2A1	28.18	35.95	78.83	46.49	42.12	36.16	12.72	21.6	22.57	8.54
ENSG00000112902:SEMA5A	1.02	2.43	2.73	1.93	7.82	7.19	2.27	8.53	5.01	0.76
ENSG00000112936:C7	92.21	122.61	0.05	0	0.06	0.24	1.53	1.55	25.41	47.28
ENSG00000112941:TENT4A	16.24	21.1	15.96	12.39	18.52	17.19	0.78	1.94	5.94	0.74
ENSG00000112964:GHR	2.49	7.84	38.16	190.39	9.41	5.54	0.61	1.29	30.67	9.07
ENSG00000112972:HMGCS1	27.93	25.97	32.32	63.03	22.91	20.41	52.92	100.79	65.51	20.88
ENSG00000112981:NME5	0	0.11	4.82	5.83	0.13	0	0.13	0.08	0.81	5.59
ENSG00000112983:BRD8	60.3	88.53	37.35	24.65	63.13	64.43	4.8	10.27	32.09	15.26
ENSG00000112984:KIF20A	4.49	3.31	2.88	2.06	13.39	11.67	0.39	0.6	3.55	1.2
ENSG00000112996:MRPS30	11.72	15.41	8.99	7.86	13.33	13.5	0.53	0.96	12.87	31.08
ENSG00000113013:HSPA9	109.66	144.8	119.66	99.2	129.05	110.15	26.17	47.26	140.38	81.68
ENSG00000113048:MRPS27	17.88	19.13	13.99	10.2	16.04	13.82	5.45	11.82	6.15	4.79
ENSG00000113068:PFDN1	40.75	44.54	41.36	70.19	64.65	57.43	7.27	11.86	109.27	64.46
ENSG00000113070:HBEGF	2.55	4.27	23.68	17.89	34.21	9.53	6.9	18.88	6.48	11.74
ENSG00000113083:LOX	0.44	1.78	63.25	69.56	16.02	12.19	1.31	3.93	6.09	18.64
ENSG00000113100:CDH9	0	0	0.02	0	0	0	0.1	0.13	0	0
ENSG00000113108:APBB3	13.08	18.49	23.36	17.56	16.56	17.94	0.81	3.1	26.7	43.19
ENSG00000113119:TMCO6	13.16	15.81	9.91	15.2	15.07	15.92	0.92	2.35	51.72	120.75
ENSG00000113140:SPARC	1235.67	1482.02	1725	1447.91	870.84	1031.27	76.08	225.98	1064.69	944.64
ENSG00000113161:HMGCR	14	13.55	27.24	81.69	40.82	29.16	44.27	104.21	27.76	4.92
ENSG00000113163:CERT1	14.76	17.06	25.06	25.86	37.43	29.76	2.45	5.32	40.98	7.94
ENSG00000113194:FAF2	20.68	24.75	67.71	51.43	65.29	67.17	4.19	7.5	38.59	22.54
ENSG00000113196:HAND1	0	0.03	212.25	110.51	346.62	372.5	4.57	14.47	112.73	76.29
ENSG00000113231:PDE8B	9.69	13.52	1.52	1.22	1.95	0.8	0.49	1.34	0.62	0.2
ENSG00000113240:CLK4	14.59	28.44	78.57	50.37	30.49	37.41	9.62	16.68	12.03	9.23
ENSG00000113262:GRM6	0.1	0.21	0	0	0	0	0	0	6.63	12.11
ENSG00000113263:ITK	0.38	0.63	0.26	0.2	0.34	0.16	0.03	0.04	0.48	0.63
ENSG00000113269:RNF130	28.14	44.63	37.67	192.13	75.59	67.32	15.66	28.81	131.65	281.79
ENSG00000113272:THG1L	4.74	7.23	7.25	4.2	17.28	15.87	1.3	1.77	6	12.03
ENSG00000113273:ARSB	7.05	8.92	11.68	7.38	11.98	11.47	4.72	8.98	7.41	3.91
ENSG00000113282:CLINT1	60.19	60.06	72.01	74.91	59.03	59.47	18.25	29.97	152.37	24.16
ENSG00000113296:THBS4	0.29	0.13	0.41	0.17	0.23	0.27	0	0.02	2.08	0.02
ENSG00000113300:CNOT6	22.45	21.74	58.19	40.78	17.18	17.08	1.7	3.42	45.29	3.5
ENSG00000113302:IL12B	0.3	0.29	0.08	0.04	0.03	0	0	0	0	0.08
ENSG00000113312:TTC1	22.99	25.58	22.77	19.55	58.02	51.88	4.46	8.9	233.02	56.89
ENSG00000113318:MSH3	5.27	5.29	7.1	4.67	8.44	6.74	0.55	0.93	5.27	1.43
ENSG00000113319:RASGRF2	5.58	9.87	0.95	0.42	2.36	3.03	0.03	0.14	0.56	0.17
ENSG00000113327:GABRG2	5.07	7.33	0.04	0	0.06	0.03	0.04	0.05	0	0
ENSG00000113328:CCNG1	41.32	43.44	40.83	37.53	132.44	83.84	50.67	93.53	427.36	249.47
ENSG00000113360:DROSHA	27.75	44.03	25.35	17.3	6.47	7.38	0.83	2.08	9.43	1.62
ENSG00000113361:CDH6	2.12	3.29	0.53	0.33	1.55	1.87	1.6	3.04	1.44	1.45
ENSG00000113369:ARRDC3	74.45	106.3	122.81	77.9	54.29	33.33	23	37.46	16.74	9.72
ENSG00000113387:SUB1	152.34	185.13	150.44	144.94	23.86	25.6	13.41	20.03	98.84	163.09
ENSG00000113389:NPR3	1.27	2.3	19.3	17.81	67.98	32.91	15.23	45.64	5.14	2.16
ENSG00000113391:ARB2A	12.09	13.06	11.24	7.12	9.15	6.66	2.39	4.18	21.69	5.55
ENSG00000113407:TARS1	30.25	42.61	26.54	25.59	62.21	56.19	7.26	12.28	31.85	22.6
ENSG00000113430:IRX4	0	0	11.82	4.65	0.1	0	0.41	1.55	0	0
ENSG00000113441:LNPEP	151.19	110.68	40.08	14.58	7.22	8.24	3.98	8.54	4.96	2.32
ENSG00000113448:PDE4D	7.64	13.12	18.88	9.02	5.43	3.59	3.38	6.24	5.45	0.61
ENSG00000113456:RAD1	31.19	40.81	10.88	8.51	10.44	14.28	0.29	0.62	2.75	10.21
ENSG00000113460:BRIX1	24.91	28.76	24.67	13.44	32.79	26.85	2.47	4.07	13.5	19.09
ENSG00000113492:AGXT2	0.15	0.13	0.16	0.7	0.05	0	0.02	0.01	0.04	0
ENSG00000113494:PRLR	35.29	44.01	2.64	2.06	0.38	1.56	1.1	2.12	10.03	1.64
ENSG00000113504:SLC12A7	2.85	4.48	47.12	20.73	49.33	50.99	11.53	39.2	26.38	4.03
ENSG00000113522:RAD50	17.37	16.63	5.76	5.08	17.98	17.04	3.2	6.23	29.85	8.8
ENSG00000113525:IL5	0.32	0	0.22	0.16	0	0	0.06	0.08	0	0.06
ENSG00000113532:ST8SIA4	7.34	8.99	0.97	0.98	5.59	4.63	3.01	4.82	2.56	1.01
ENSG00000113555:PCDH12	13.98	23.71	28.52	21.99	2.37	3.34	0.32	0.47	5.4	4.48
ENSG00000113558:SKP1	459.43	435.29	137.56	158.57	0	0	35.38	54.8	0	0
ENSG00000113569:NUP155	9.72	10.46	12.66	10.43	9.72	9.67	2.25	3.8	10.81	5.53
ENSG00000113575:PPP2CA	104.19	101.33	46.92	40.38	204.61	196.04	13.91	22.38	812.49	211.44
ENSG00000113578:FGF1	1.09	2.08	1.28	4.15	0.64	0.41	0.07	0.08	5.94	3.99
ENSG00000113580:NR3C1	23.1	44.16	25.91	24.9	38.86	35.95	4.56	9.87	24.67	7.4
ENSG00000113583:C5orf15	64.38	74.15	88.26	87.38	69.02	73.63	7.91	15.12	94.34	72.64
ENSG00000113593:PPWD1	41.1	55.77	6.48	5.4	19.25	20.61	2.21	4.35	18.07	14.28
ENSG00000113594:LIFR	43.25	57.74	180.09	78.62	11.37	11.05	4.21	11.1	1.54	0.07
ENSG00000113595:TRIM23	5.21	5.95	13.68	7.95	8.29	8.43	4.3	6.14	15.42	5.41
ENSG00000113597:TRAPPC13	9.56	11.13	21.83	18.03	19.41	19.55	3.42	5.37	24.44	15.1
ENSG00000113600:C9	0.12	0.43	0	2.09	0	0	0.14	0.09	0.55	0.57
ENSG00000113615:SEC24A	28.6	26.85	22.53	14.77	13.55	11.12	5.16	10.02	7.57	4.98
ENSG00000113621:TXNDC15	54.12	55.11	44.16	38.62	38.04	40.27	3.94	6.1	17.64	18.19
ENSG00000113645:WWC1	29.57	69.11	59.83	26.04	108.8	94.08	4.79	14.86	107.77	28.99
ENSG00000113648:MACROH2A1	78.1	92.76	65.41	59.85	106.28	110.26	9.31	24.32	100.04	41.47
ENSG00000113649:TCERG1	38.67	55.14	45.11	24.34	33.99	29.24	2.62	5.13	14.18	7.37
ENSG00000113657:DPYSL3	1.53	8.27	20.14	10.1	35.1	19.14	1	3.44	16.69	25.79
ENSG00000113658:SMAD5	14.07	19.41	30.6	20.24	9.56	8.54	6.62	11.13	7.92	3.9
ENSG00000113716:HMGXB3	15.44	20.32	23.12	14.15	28.06	32.58	1.6	6.42	9.32	8.36
ENSG00000113719:ERGIC1	33.57	56.98	61.99	52.63	165.92	149.2	0.59	2.07	60.42	21.97
ENSG00000113721:PDGFRB	51.48	56.03	79.41	38.26	43.76	32.89	4.4	17.84	8.25	3.45
ENSG00000113722:CDX1	0.07	0.14	8.67	6.17	0	0	0	0	0.19	0.09
ENSG00000113739:STC2	4.84	17.65	2.67	1.75	2.01	1.99	0.61	0.87	6.4	40.9
ENSG00000113742:CPEB4	47.02	37.94	33.32	20.46	37.48	43.04	9.46	19.66	13.55	2.09
ENSG00000113749:HRH2	4.08	8.36	0.7	0.42	1.34	0.38	0.02	0.07	0.73	0.67
ENSG00000113758:DBN1	3.16	6.33	17.09	9.41	59.75	51.89	1.3	2.97	37.31	17.14
ENSG00000113761:ZNF346	5.97	7.74	17.63	16.6	4.35	1.86	0.26	0.8	0.96	1.03
ENSG00000113763:UNC5A	0	0.02	2.25	1.69	0	0.04	0.12	0.43	0.02	0
ENSG00000113790:EHHADH	1.86	2.54	6.93	18.95	0.66	0.43	0.95	2.63	3.62	0.98
ENSG00000113805:CNTN3	0	0.01	0.05	0.11	0.09	0.1	0.09	0.1	0.44	0.01
ENSG00000113811:SELENOK	17.09	19.45	188.98	238.65	71.23	83.26	53.89	101.2	53.14	183.62
ENSG00000113812:ACTR8	6.86	10.27	26.78	23.2	11.37	10.7	4.55	7.9	21.15	23.14
ENSG00000113838:TBCCD1	7.01	7.21	12.26	11.77	6.11	6.15	1.08	1.85	3.73	2.28
ENSG00000113845:TIMMDC1	134.32	157.49	19.43	18.94	10.03	12.66	2.47	6.03	8.48	12.32
ENSG00000113851:CRBN	28.49	35.8	19.08	11.83	35.17	29.92	1.91	2.88	12.72	9.45
ENSG00000113905:HRG	0.11	0.01	0	0	0.04	0.04	0	0	0	0
ENSG00000113924:HGD	0	0.14	0.39	36.46	0.11	0.11	0	0	0.3	0.24
ENSG00000113946:CLDN16	4.21	3.74	0	0	1.2	0.28	0	0	0	0.04
ENSG00000113966:ARL6	1.36	2.33	4.74	8.51	4.29	4.02	0.79	1.78	34.81	24.24
ENSG00000113971:NPHP3	16.37	32.78	6.1	3.25	2.06	2.13	1.12	1.67	3.69	1.39
ENSG00000114013:CD86	2.37	4.9	0.44	1.52	11.93	5.61	1.38	3.06	0.86	0.51
ENSG00000114019:AMOTL2	23.49	64.45	107.04	63.11	37.22	24.14	1.75	7.38	24.69	25.18
ENSG00000114021:NIT2	10.44	12.29	12.43	8.18	38.86	39.95	3.19	3.86	31.89	37.51
ENSG00000114023:FAM162A	6.5	6.68	115.22	103.21	50.45	33.84	12.19	20.1	792.68	180.4
ENSG00000114026:OGG1	6.42	13.35	9.08	9.96	11.49	11.45	0.66	0.78	11.39	82.71
ENSG00000114030:KPNA1	35.93	35.43	40.42	25.61	22.41	21.03	4.05	7.71	21.45	14.3
ENSG00000114054:PCCB	17.61	16.74	20.75	17.32	54.57	69.39	3.83	7.1	17.74	8.81
ENSG00000114062:UBE3A	40.24	40.36	25.57	11.77	36.18	34.39	9.72	15.96	47.75	19.16
ENSG00000114098:ARMC8	21.81	23.87	14.04	10.98	17.57	14.56	3.14	5.04	6.36	4.08
ENSG00000114113:RBP2	0	0	1.02	120.82	0	0	0.02	0.13	10.03	14.74
ENSG00000114120:SLC25A36	47.04	52.47	41.91	28.09	28.03	25.07	10.18	11.76	8.23	2.43
ENSG00000114126:TFDP2	31.69	43.37	18.06	11.08	72.82	51.57	0.73	1.62	14.16	10.14
ENSG00000114127:XRN1	31.59	38.43	12.53	7.25	8.73	5.58	3.45	5.26	6.82	2.03
ENSG00000114166:KAT2B	13.53	19.92	13.79	13.6	27.05	27.49	0.97	2.25	12.59	3.76
ENSG00000114204:SERPINI2	0	0.09	0	0	0.36	0.47	0	0.03	0.06	0.16
ENSG00000114251:WNT5A	9.96	9.11	8.83	8.97	15.75	6.68	2.04	3.64	19.31	8.21
ENSG00000114268:PFKFB4	7.95	11.35	15.3	8.79	8.2	8.79	0.75	1.78	23.53	4.98
ENSG00000114279:FGF12	1.62	5.98	0	0	0.8	0.77	0.48	1.16	0.34	0
ENSG00000114302:PRKAR2A	8.45	8.76	26.31	16.61	82.27	56.84	5.11	9.66	16.94	5.93
ENSG00000114315:HES1	56.64	61	16.17	17.04	16.17	14.26	5.52	14.52	3.62	13.23
ENSG00000114331:ACAP2	13.46	14.55	17.51	11.19	11.63	9.07	3.81	7.13	34.64	23.56
ENSG00000114346:ECT2	9.78	8.59	1.62	1.69	19.69	19.55	1.12	1.74	1.75	0.33
ENSG00000114349:GNAT1	0.29	0.17	1.68	0.59	0.91	0.82	0.08	0.15	0.23	0
ENSG00000114353:GNAI2	117.38	145.3	286.69	235.27	160.97	163.02	17.13	41.22	305.43	184.75
ENSG00000114354:TFG	142.18	158.86	49.04	50.86	84.35	74.54	12.13	22.6	21.65	33.27
ENSG00000114388:NPRL2	9.63	15.53	14.97	11.02	23.05	20.35	1.91	4.69	5.81	14.59
ENSG00000114395:CYB561D2	15.42	13.32	16.9	17.24	24.75	22.57	1.9	3.58	5.44	23.41
ENSG00000114405:CEP15	3.42	4.68	17.65	14.8	2.44	1.47	0.34	0.21	32.15	34.14
ENSG00000114416:FXR1	60.24	81.11	69.36	61.76	155.71	143.1	20.48	36.22	85.48	37.73
ENSG00000114423:CBLB	51.63	28.04	16.85	11.88	5.38	2.4	2.14	4.39	6.68	1.85
ENSG00000114439:BBX	23.3	22.57	56.34	27.13	36.25	29.19	12.7	26.35	3.28	0.09
ENSG00000114446:IFT57	12.14	11.85	8.84	10.63	13.35	16.08	1.47	3.05	50.52	62.1
ENSG00000114450:GNB4	9.49	15.95	88.49	70	28.45	25.97	12.63	20.57	22.43	2.81
ENSG00000114473:IQCG	2.33	4.79	1.14	2.75	2.35	1.46	0.01	0.15	7.87	5.98
ENSG00000114480:GBE1	17.29	19.24	7.42	7.97	17.82	17.76	4.53	7.22	12.33	3.27
ENSG00000114487:MORC1	0.06	0.08	0.96	1.15	0.02	0.12	0	0.01	0.6	0.18
ENSG00000114491:UMPS	15.65	13.47	11.87	8.71	23.87	25.26	3.75	4.8	9.87	10.2
ENSG00000114520:SNX4	31.43	34	38.18	46.31	68.02	68.87	6.51	10.86	69.34	24.07
ENSG00000114541:FRMD4B	16.14	27.87	16.78	13.62	13.04	8.43	3.27	5.38	9.07	4.67
ENSG00000114544:SLC41A3	11.08	10.09	7.05	5.85	52.42	57.37	0.47	1.04	0.71	1.07
ENSG00000114554:PLXNA1	10.21	13.44	15.81	9.22	3.22	2.71	1.13	4.56	13.39	1.36
ENSG00000114573:ATP6V1A	20.5	19.67	77.12	68.96	59.92	67.78	17.2	22.69	89.44	17.38
ENSG00000114626:ABTB1	15.41	27.05	41.02	32.26	94.22	133.26	0.75	3.55	46.67	71.46
ENSG00000114631:PODXL2	0.46	0.51	1.87	6.03	6.3	6.29	0.25	0.39	0.56	0.28
ENSG00000114638:UPK1B	2.17	2.97	4.18	10.97	2.95	1.94	1.77	3.9	12.44	0.7
ENSG00000114646:CSPG5	0.3	0.82	5.27	1.19	39.42	21.6	0.35	0.64	1.26	0.59
ENSG00000114648:KLHL18	7.06	7.77	16.07	12.67	11.03	9.48	1.32	3.11	11.93	11.54
ENSG00000114650:SCAP	32.98	37.7	44.46	30.81	29.34	20.4	4.08	12.43	22.6	24.25
ENSG00000114670:NEK11	7.48	12.2	0.34	0.42	0.06	0.18	0.13	0.15	6.55	2.3
ENSG00000114686:MRPL3	49.54	64.78	34.1	38.04	33.42	31.88	3.93	6.77	10.46	20.56
ENSG00000114698:PLSCR4	23.28	37.65	0.27	0.51	51.97	40.42	2.72	5.55	3.82	0.89
ENSG00000114735:HEMK1	10.52	12.81	14.65	12.65	12.8	13.5	0.71	1.75	2.05	6.46
ENSG00000114737:CISH	46.01	51.76	5.46	43.67	15.21	13.38	1.27	6.94	0.98	20.04
ENSG00000114738:MAPKAPK3	14.35	17.53	2.13	1.41	25.26	18.42	2.22	4.98	1.25	1.13
ENSG00000114739:ACVR2B	8.33	9.48	27.65	8.59	5.3	5.88	0.94	2.9	1.86	0.97
ENSG00000114742:WDR48	34.29	40.38	33.11	23.59	23.78	24.5	6.3	9.77	74.04	13.94
ENSG00000114744:COMMD2	16	20.02	18.37	26.87	37.22	27.11	5.92	8.8	98.33	100.43
ENSG00000114745:GORASP1	40.61	56.79	12.64	9.63	20.97	16.43	1.52	4.21	11.51	38.33
ENSG00000114757:PEX5L	0.07	0.05	1.33	1.71	0.04	0.25	0.02	0.01	0.02	0
ENSG00000114767:RRP9	4.39	4.41	13.54	11.88	11.09	9.56	1.71	2.7	12.83	17.31
ENSG00000114770:ABCC5	6.44	13.22	80.72	133.19	10.87	13.71	4.56	20.04	15.26	20.53
ENSG00000114779:ABHD14B	7.87	9.82	5.81	10.44	119.24	123.83	3.58	9.83	51.53	119.36
ENSG00000114784:EIF1B	29.92	40.58	63.53	59.83	74.32	73.42	12.38	23.18	80.23	15.62
ENSG00000114796:KLHL24	20.11	19.23	30.87	18.21	19.56	22.58	9.24	13.88	27.37	13.43
ENSG00000114805:PLCH1	0.15	0.22	0.29	0.7	2.43	1.98	0.88	1.32	1.26	1.43
ENSG00000114812:VIPR1	4.27	2.58	0.05	0.11	9.62	6.62	0.1	0.62	0.18	0.1
ENSG00000114841:DNAH1	5.38	9.47	0.05	0.05	0.74	0.51	0.01	0.01	0.81	0.47
ENSG00000114853:ZBTB47	1.95	4.81	31.28	12.37	8.83	6.84	0.52	1.18	0.28	0.13
ENSG00000114854:TNNC1	1.86	2.67	18.54	18.6	0.35	0.68	0.09	0.17	0.07	0
ENSG00000114857:NKTR	34.44	52.4	124.95	73.91	24.05	25.82	6.66	12.8	42.89	8.12
ENSG00000114859:CLCN2	3.34	5.22	14.02	13.6	7.69	10.39	0.51	1.06	0.75	2.47
ENSG00000114861:FOXP1	16.6	19.47	20.57	16.08	16.27	14.09	6.19	15.92	10.19	3.39
ENSG00000114904:NEK4	12.03	11.15	6.74	4.8	6.14	5.72	2.66	4.21	6.73	3.48
ENSG00000114923:SLC4A3	4.44	4.36	14.15	7.47	3.54	4.29	0.31	1.33	0	0.04
ENSG00000114933:INO80D	9.52	10.31	9.43	5.69	6.76	8.29	0.67	1.79	1.56	0.32
ENSG00000114948:ADAM23	0.14	0.04	23.69	18	2.58	0.81	0.12	0.3	1.44	0.4
ENSG00000114956:DGUOK	26.52	31.86	34.01	27.72	65.14	67.51	1.48	3.69	2.67	5.46
ENSG00000114982:KANSL3	22.92	36.36	38.75	25.85	21.8	19.77	1.58	3.96	23.99	7.23
ENSG00000114988:LMAN2L	8.2	8.61	18.93	14.54	4.77	3.09	1.02	3.67	47.95	21.61
ENSG00000114993:RTKN	8.56	10.49	4.61	5.45	7.23	7.46	0.97	2.17	14.06	29.9
ENSG00000115020:PIKFYVE	8.8	10.14	11.2	6.95	6.04	5.61	2.51	5.03	2.27	0.17
ENSG00000115041:KCNIP3	2.98	5.54	0.79	0.36	1.41	0.64	0.12	0.44	0.4	0.28
ENSG00000115073:ACTR1B	12.98	21.32	79.58	55.95	24.21	20.83	1.55	3.47	21.3	41.72
ENSG00000115084:SLC35F5	51.3	56.41	100.44	81.84	32.56	31.1	9.06	12.84	17.62	9.35
ENSG00000115085:ZAP70	1.19	1.39	0.81	0.57	0.79	0.97	0.01	0.01	0.21	0.43
ENSG00000115107:STEAP3	12.12	10.95	13.65	12.92	21.75	21.5	0.06	0.15	4.38	4.81
ENSG00000115109:EPB41L5	4.73	10.59	24.59	22.45	22.33	18.06	5.81	10.72	39.97	10.9
ENSG00000115112:TFCP2L1	7.6	11.11	1.52	6.35	38.53	30.35	4.65	9.26	2.08	1.42
ENSG00000115137:DNAJC27	3.23	6.14	5.34	2.2	1.38	1.23	0.36	0.76	4.7	1.51
ENSG00000115145:STAM2	18.88	18.96	27.37	14.69	28.87	24.73	4.24	5.22	15.62	1.69
ENSG00000115155:OTOF	0.12	0	0.12	0.17	0	0	0.05	0.01	0.03	0.02
ENSG00000115159:GPD2	10.66	9.37	25.53	10.77	6.14	4.75	1.36	2.52	9.12	0.82
ENSG00000115165:CYTIP	0.89	1.28	0.49	1.48	1.33	1.23	0.74	0.82	0.2	0.08
ENSG00000115170:ACVR1	19.22	21.1	34.97	20.7	19.52	19.68	2.34	5.14	10.62	12.3
ENSG00000115183:TANC1	14.12	19.35	27.1	24.83	17.71	15.68	1.63	3.4	2.7	1.12
ENSG00000115204:MPV17	60.76	81.29	37.03	40.53	33.21	33.46	0.46	1.27	20.87	18.8
ENSG00000115207:GTF3C2	34.61	37.93	42.49	31.4	16.09	13.19	1.68	4.56	2.89	6.99
ENSG00000115211:EIF2B4	21.51	25.92	24.7	21.28	34.18	37.59	3.02	7.68	62.27	49
ENSG00000115216:NRBP1	95.72	102.64	117.63	75.9	74.1	62.5	9.78	21.43	97.69	126.12
ENSG00000115221:ITGB6	1.94	9.65	3.13	4.19	4.05	1.96	3.16	1.92	21.72	7.98
ENSG00000115226:FNDC4	0.91	1.41	10.46	14.55	1.2	3.44	0.06	0.16	106.78	235.17
ENSG00000115232:ITGA4	7.74	6.72	3.01	2.31	0.55	0.43	1.84	4.14	1.37	1.55
ENSG00000115233:PSMD14	25.1	23.19	56.07	55.08	77.4	79.9	9.54	13.57	315.57	84
ENSG00000115234:SNX17	42.27	46.51	58.87	62.64	67.94	66.31	3.88	8.88	80.96	62.14
ENSG00000115239:ASB3	23.85	29.24	8.48	11.31	10.12	12.38	2.4	3.12	8.64	2.56
ENSG00000115241:PPM1G	28.42	32.39	44.44	34.36	56.35	50.66	5.99	11.47	72.74	104.6
ENSG00000115252:PDE1A	0.29	1.37	0.38	1.09	2.33	2.89	1.02	1.85	1.33	0.76
ENSG00000115257:PCSK4	0.09	0.45	0.74	2.97	2.17	3.25	0.01	0.04	0.15	0.02
ENSG00000115263:GCG	0.09	0	0	0	0	0	0	0	0	0
ENSG00000115266:APC2	0.1	0.46	0.56	0.2	0.7	0.47	0.17	0.74	0	0.01
ENSG00000115267:IFIH1	8.33	11.12	21.85	15.11	7.84	7.67	1.31	2.49	4.61	0.99
ENSG00000115271:GCA	12.28	16.59	11.45	4.93	128.06	173.53	26.57	33.77	21.69	5.14
ENSG00000115274:INO80B	18.95	18.89	9.55	12.44	48.05	46.65	2.25	3.69	19.54	18.26
ENSG00000115275:MOGS	41.93	49.98	38.48	31.63	22.64	25.39	3.09	7.95	42.9	97.98
ENSG00000115286:NDUFS7	25.57	30.48	66.78	70.47	64.8	55.78	9.46	21.59	232.09	264.43
ENSG00000115290:GRB14	17.47	24.05	0.49	1.36	0.03	0.28	0.12	0.13	1.21	1.54
ENSG00000115295:CLIP4	82.35	60.55	1.23	1.99	0.43	0.47	0.03	0.01	3.66	4.78
ENSG00000115297:TLX2	0.22	0.11	0.06	0	3.45	9.03	0.05	0.05	0.63	0.06
ENSG00000115306:SPTBN1	66.91	110.85	129.02	118.17	76.6	82.64	25.44	74.25	229.27	32.82
ENSG00000115307:AUP1	113.37	146.99	112.99	121.69	121.79	146.08	8.76	22.02	49.24	99.11
ENSG00000115310:RTN4	101.33	182.93	177.79	127.8	236.26	278.36	11.78	20.68	821.89	509.28
ENSG00000115317:HTRA2	13.61	15.91	35.82	41.96	36.17	43.87	2.71	7.63	12.02	41.93
ENSG00000115318:LOXL3	3.15	6.87	4.3	2.76	39.97	53.28	1.28	3.59	16.48	23.22
ENSG00000115325:DOK1	2.42	5.93	7.14	6.63	18.71	17.52	1.48	3.28	12.89	22.64
ENSG00000115339:GALNT3	2.61	3.13	8.36	13.41	33.67	41.14	1.24	1.8	28.01	4.22
ENSG00000115350:POLE4	7.25	9.29	28.51	24.62	157.34	83.46	1.46	3.13	21.22	61.53
ENSG00000115353:TACR1	0.16	1.03	0.1	0	0.17	0.05	0.01	0.04	0.04	0
ENSG00000115355:CCDC88A	7.75	14.75	4.64	2.6	2.84	2.44	1.44	2.8	6	0.73
ENSG00000115361:ACADL	3.77	6.14	54.2	53.55	1.48	0.64	0.61	1.75	7.43	6.78
ENSG00000115363:EVA1A	20.71	37.34	58.2	37.71	2.04	1.32	0.04	0.07	5.24	6.15
ENSG00000115364:MRPL19	20.89	23.14	15.56	9.89	30.42	30.49	0.87	1.65	7.04	77.71
ENSG00000115365:LANCL1	11.46	13.62	24.84	22.4	10.11	11.36	1.54	2.94	4.5	5.83
ENSG00000115368:WDR75	11.27	15.69	17.41	9.34	17.84	18.04	2	3.01	19.08	15.47
ENSG00000115380:EFEMP1	405.01	391.51	0.36	0.32	2.63	2.62	4.18	8.27	8.82	13.59
ENSG00000115392:FANCL	10.93	12.65	4.53	4.81	7.44	6.42	0.81	1.69	0.31	0.08
ENSG00000115414:FN1	298.12	1550.4	3723.75	2002.88	118.55	104.45	23.67	77.17	148.11	221.75
ENSG00000115415:STAT1	26.4	25.93	38.21	34.63	37.84	33.11	8.91	15.63	39.97	7
ENSG00000115421:PAPOLG	4.91	6.48	7.29	6.19	49.24	27.16	2.3	3.7	9.75	2.53
ENSG00000115423:DNAH6	0.03	0.07	0.16	0.16	0	0	0.02	0.03	0.62	0.31
ENSG00000115425:PECR	0.78	1.45	2.26	4.48	16.68	14.69	2.95	3.85	32.45	194.09
ENSG00000115446:UNC50	57.35	56.48	98.34	86.82	69.35	62.04	7.16	12.04	44.47	47.89
ENSG00000115457:IGFBP2	7.76	12.11	152.04	130.48	826.95	299.57	1.2	2.1	53.48	123.09
ENSG00000115459:ELMOD3	16.87	24.04	11.1	6.18	11.64	13.01	1.01	3.19	1.32	9.24
ENSG00000115464:USP34	48.05	78.12	44.59	34.86	25.99	21.97	5.09	9.84	24.39	13.52
ENSG00000115474:KCNJ13	0.37	0.3	7.16	3.5	0.46	0.78	0.63	1.12	0	0
ENSG00000115484:CCT4	34.09	41.28	92.36	92.39	107.23	97.85	5.09	9.6	0	0
ENSG00000115486:GGCX	29.3	20.99	23.37	28.33	41.41	36.34	2.95	5.64	21.35	25.91
ENSG00000115488:NEU2	0	0	3.37	2.11	0	0	0	0.01	0.07	0
ENSG00000115504:EHBP1	7.07	14.1	18.1	14.69	8.02	7	2.01	4.7	48.29	13.09
ENSG00000115507:OTX1	0.03	0.07	0.34	0.11	0.34	0.1	0.01	0.01	0.05	0.16
ENSG00000115514:TXNDC9	23.75	26.08	54.67	55.34	47.43	37.28	1.64	2.09	28.3	22.5
ENSG00000115520:COQ10B	29.55	29.75	36.32	33.9	40.59	30.41	17.05	22.7	10.88	17.43
ENSG00000115525:ST3GAL5	8.78	22.56	27.94	16.63	3.44	4.43	3.66	6.85	44.59	11.94
ENSG00000115526:CHST10	2.42	4.76	0.45	0.27	7.87	4.99	0.42	1.13	0.49	0.82
ENSG00000115539:PDCL3	15.54	23.63	103.93	94.19	33.5	29.62	0.78	1.64	51.74	50.99
ENSG00000115548:KDM3A	13.81	18.37	30.55	26.06	32.39	30.32	5.23	12.72	32.28	12.15
ENSG00000115556:PLCD4	0.83	1.46	0.52	0.25	22.01	19.46	0.07	0.21	5.47	8.24
ENSG00000115561:CHMP3	51.28	54.46	91.95	75.23	48.28	42.89	22.63	40.92	174.9	178.91
ENSG00000115590:IL1R2	0.46	2.76	226.15	165.31	13.11	3.62	6.58	14.58	276.67	221.47
ENSG00000115592:PRKAG3	0	0	0.2	0.56	1.1	0.76	0.02	0.04	1.78	1.8
ENSG00000115593:SMYD1	0	0	0.17	0.02	0	0	0	0.04	0.41	0.23
ENSG00000115596:WNT6	1.31	2.9	1.21	1.6	101.38	107.46	3.3	10.45	4.27	5.29
ENSG00000115598:IL1RL2	0.11	0.09	2.62	1.2	0	0	0	0	0.54	0.19
ENSG00000115602:IL1RL1	8.27	71.97	0.11	0.15	0.2	0.54	0.03	0.26	0	0.08
ENSG00000115604:IL18R1	1.5	2.88	0.35	3.9	0.67	0.28	0.02	0.07	0	0.06
ENSG00000115607:IL18RAP	0.32	0.56	1.34	0.66	0.06	0.15	0.01	0	0	0.09
ENSG00000115616:SLC9A2	0.07	0.01	3.12	1.72	17.28	21.35	1.3	3.52	9.84	3.16
ENSG00000115648:MLPH	3.95	9.69	12.78	45.84	1.53	0.22	0.05	0.03	0.26	0.36
ENSG00000115649:CNPPD1	30.72	34.14	128.88	123.74	92.23	89.39	3.48	6.35	58.62	83.1
ENSG00000115652:UXS1	27.79	37.99	44.05	42.23	0	0	13.53	26.48	43.4	52.42
ENSG00000115657:ABCB6	5.71	10.54	5.04	10.7	21.92	25.81	3.92	7.81	37.33	40.17
ENSG00000115661:STK16	10.2	12.92	67.58	52.09	40.83	33.66	2.37	5.18	28.58	75.27
ENSG00000115665:SLC5A7	0	0	0.02	0	0	0	0	0	0	0
ENSG00000115677:HDLBP	292.25	359.14	189.94	137.42	141.29	122.19	11.77	46	286.77	92.6
ENSG00000115687:PASK	2.48	4.12	4.36	1.12	2.3	1.56	0.08	0.16	0.55	0.33
ENSG00000115705:TPO	0	0	0	0	0	0	0	0	0	0.03
ENSG00000115738:ID2	23	37.03	58.21	54.06	117.44	129.69	13.58	45.47	63.68	56.4
ENSG00000115750:TAF1B	15.27	22.11	19.17	7.8	4.98	4.52	2.81	5.61	2.81	3.24
ENSG00000115756:HPCAL1	27.62	38.36	16.54	45.56	34.24	27.14	0.87	2.78	57.87	47.93
ENSG00000115760:BIRC6	34.86	41.04	59.51	31.23	11.26	11.15	4.89	8.64	9.44	3.4
ENSG00000115761:NOL10	11.04	10.15	13.58	7.34	28.22	16.4	3.29	4.3	10.89	7.23
ENSG00000115806:GORASP2	97.5	93.51	119.76	93.97	60.44	48.37	9.6	17.61	34.73	82.62
ENSG00000115808:STRN	11.21	11.65	23.84	10.95	20.61	15.31	6.04	10.03	12.28	1.31
ENSG00000115816:CEBPZ	13.54	17.41	21.3	16.84	50.37	41.7	8.07	11.46	14.61	6.52
ENSG00000115825:PRKD3	7.17	10.58	31.33	17.68	15.19	13.03	7.38	13.12	8.08	1.09
ENSG00000115827:DCAF17	9.63	10.64	10.45	8.01	3.78	3.78	0.45	0.83	20.8	5.13
ENSG00000115828:QPCT	3.25	2.41	92.71	79.28	3.95	4.76	4.31	5.75	12.78	21.69
ENSG00000115839:RAB3GAP1	44.96	49.94	184.82	116.04	31.33	28.73	3.46	5.48	21.11	6.53
ENSG00000115840:SLC25A12	4.93	6.35	16.86	17.42	12.64	12.15	2.5	4.31	8.96	27.35
ENSG00000115844:DLX2	0	0	0.54	0.16	27.32	22.7	0.71	2.48	0.12	0.12
ENSG00000115866:DARS1	50.66	69.01	37.19	39.86	54.07	48.72	9.11	13.97	53.83	39.26
ENSG00000115875:SRSF7	74.94	98.39	74.87	66.72	166.06	188.41	17.93	33.95	21.49	21.89
ENSG00000115884:SDC1	566.15	497.75	61.2	33.38	13.25	15.02	4.9	7.41	446.07	204.54
ENSG00000115896:PLCL1	3.2	5.29	1.67	2.16	2.59	3.01	1.71	3.55	3.97	1.38
ENSG00000115902:SLC1A4	3.92	4.38	31.72	29.77	3.69	5.42	0.27	0.38	12.51	2.1
ENSG00000115904:SOS1	26.5	33.79	25.89	12.89	18.43	18.6	2.2	4.05	7.71	0.72
ENSG00000115919:KYNU	30.01	17.12	0.03	1.9	1.16	0.63	0.86	1.37	0.27	0.38
ENSG00000115942:ORC2	15.39	23.66	13.27	9.6	10.97	12.53	2.31	3.73	8.48	6.17
ENSG00000115944:COX7A2L	56.94	59.4	206.04	242.04	132.22	94.9	22.17	31.9	24.48	76.28
ENSG00000115946:PNO1	7.38	7.04	20.67	19.1	34.65	31.41	2.07	2.99	35.13	30.11
ENSG00000115947:ORC4	22.11	24.55	58.9	32.31	22.07	22.6	5.46	9.56	10.62	10.7
ENSG00000115956:PLEK	7.25	14.85	3.05	3.35	1.9	0.93	1.1	1.69	1.98	0.58
ENSG00000115963:RND3	8.32	21.64	17.32	11.72	46.03	31.27	11.76	15.37	39.8	10.95
ENSG00000115966:ATF2	14.07	20.43	39.39	23.34	22.67	20.86	6.14	11.25	13.32	2.29
ENSG00000115970:THADA	7.05	9.05	4.62	3.09	5.98	5.12	1.48	3.46	0.63	2.13
ENSG00000115977:AAK1	42.31	43.86	21.08	10.41	9.86	8.84	1.99	6.52	12.58	5.91
ENSG00000115993:TRAK2	15.26	14.82	37.27	23.45	10.03	8.9	7.46	11.31	9.02	1.17
ENSG00000115998:C2orf42	9.94	11.93	9.67	11.38	3.28	2.91	0.54	1.4	7.22	6.34
ENSG00000116001:TIA1	69.49	105.64	26.23	15.64	20.32	19.6	7.4	15.55	54.95	19.35
ENSG00000116005:PCYOX1	19.79	25.48	55.38	424.19	22.21	12.06	8.05	15.5	20.72	16.46
ENSG00000116017:ARID3A	37.18	63.12	44.37	33	36.04	31.34	6.66	15.66	43.04	9.71
ENSG00000116032:GRIN3B	0.09	0.12	0.15	0.1	0.48	0.19	0.09	0.26	0.23	0.3
ENSG00000116035:VAX2	0.45	0.96	5.99	1.64	0.15	0.07	0.04	0	12.72	10.68
ENSG00000116039:ATP6V1B1	16	34.24	0.97	1	29.21	23.15	0.25	0.84	23.6	18.45
ENSG00000116044:NFE2L2	98.44	93.12	58.8	45.35	218.1	187.74	18.04	30.56	13.48	8.64
ENSG00000116062:MSH6	14.27	18.75	9.93	7.63	44.25	48.99	3.45	5.01	26.62	14.92
ENSG00000116095:PLEKHA3	8.51	6.46	45.47	22.16	8.71	7.54	1.23	1.82	11.98	10.27
ENSG00000116106:EPHA4	2.29	1.52	2.36	2.16	0.29	0.52	5.61	8.41	1.88	0.5
ENSG00000116117:PARD3B	1.82	3.3	2.7	1.87	15.94	13.36	2.25	4.37	9.6	0.7
ENSG00000116127:ALMS1	6.63	5.46	2.22	1.51	4.24	3.62	1.31	2.59	4.26	3.97
ENSG00000116128:BCL9	5.13	4.43	11.53	7.88	35.52	28.52	1.15	4.13	6.97	5.45
ENSG00000116132:PRRX1	0.06	1.17	17.96	14.54	10.58	6.26	0.22	0.34	6.65	0.89
ENSG00000116138:DNAJC16	10.53	11.62	12.64	7.44	12.13	12.08	2.17	5.01	14.94	6.28
ENSG00000116141:MARK1	0.87	1.24	7.93	5.05	20.05	19.13	4.78	13.78	8.6	4.28
ENSG00000116147:TNR	0.05	0.12	0.21	0.12	0	0	0	0	0	0.05
ENSG00000116151:MORN1	1.94	3.1	2.52	3.19	2.11	1.33	0	0	0.98	0.66
ENSG00000116157:GPX7	15.21	14.35	6.4	9.52	10.01	11.3	1.15	2.61	3.21	3.23
ENSG00000116161:CACYBP	57.06	76.31	33.52	27.35	97.97	114.22	2.76	6.21	93.52	85.51
ENSG00000116183:PAPPA2	453.24	239.91	1117.74	321.48	1.56	0.67	0.01	0.01	0	0.04
ENSG00000116191:RALGPS2	4.17	5.5	40.51	26.6	5.27	3.57	0.23	0.4	10.07	2.66
ENSG00000116194:ANGPTL1	11.21	46.64	0.15	0.06	0.06	0.17	0.28	0.93	0.38	0.51
ENSG00000116198:CEP104	17.08	21.94	12.14	8.38	27.97	25.63	1.18	3.32	22.59	4.65
ENSG00000116199:FAM20B	13.27	15.73	32.85	25.12	17.4	12.81	3.12	4.99	16.51	20.54
ENSG00000116205:TCEANC2	2.14	2.62	14.84	16.93	9.13	9.43	1.57	2.86	4.98	15.78
ENSG00000116213:WRAP73	13.16	15.22	9.03	8.38	18.77	21.43	1.23	4.05	3.57	8.35
ENSG00000116218:NPHS2	0	0	0.01	0	0	0	0	0	0	0.06
ENSG00000116221:MRPL37	25.31	27.08	24.1	20.78	31.24	21.84	4.97	10.14	17.44	42.7
ENSG00000116237:ICMT	42.15	42.49	24.62	19.83	45.13	38.09	2.48	6.91	6.1	3.85
ENSG00000116254:CHD5	0.13	0.17	0.11	0.09	1.67	1.04	0	0.01	0.05	0
ENSG00000116260:QSOX1	99.75	76.45	153.27	104.03	190.68	202.05	4.89	16.31	14.7	23.12
ENSG00000116266:STXBP3	37.28	52.97	42.72	52.36	51.01	43.26	7.09	13.5	23.1	13.45
ENSG00000116273:PHF13	9.47	9.3	81.72	45.88	16.57	19.79	1.8	6.38	5.14	8.61
ENSG00000116285:ERRFI1	109.49	124.8	142.18	135.47	148.53	75	3	10.74	47.07	60.52
ENSG00000116288:PARK7	107.42	111.53	67	71.05	248.05	218.16	22.02	51.69	26.06	40.6
ENSG00000116299:ELAPOR1	0.42	0.86	1.21	1.6	0.72	0.48	0.03	0.14	5.22	14.74
ENSG00000116329:OPRD1	0.03	0.08	0.04	0.06	0	0.2	0.09	0.29	0	0
ENSG00000116337:AMPD2	20.56	28.28	32.91	19.32	13.68	11.22	0.51	1.85	88.01	24.35
ENSG00000116350:SRSF4	95	120.66	48.73	41.97	106.13	114.07	4.92	11.88	93.17	50.8
ENSG00000116353:MECR	18.56	23.73	29.47	27.47	10.05	8.55	0.58	1.25	13.57	13.86
ENSG00000116396:KCNC4	7.65	5.37	2.74	1.37	0.69	1.29	0.02	0.07	0.05	0.04
ENSG00000116406:EDEM3	25.29	29.61	27.71	19.88	32.23	24.63	7.94	12.06	76.28	3.56
ENSG00000116455:WDR77	17.53	17.16	48.36	22.31	12.57	10.11	8.09	8.93	13.61	20.74
ENSG00000116459:ATP5PB	150.54	145.59	106.17	133.79	219.4	196.07	40.46	51.96	525.31	363.29
ENSG00000116478:HDAC1	44.99	48.67	62.02	52.8	115.32	104.62	11.01	16.61	85.24	40.81
ENSG00000116514:RNF19B	12.4	17.3	58.97	39.56	13.41	10.64	1.86	3.26	34.94	34.61
ENSG00000116521:SCAMP3	44.32	42.65	64.41	48.73	69.85	67.4	3.77	11.39	49.56	89.6
ENSG00000116525:TRIM62	21.39	21.76	16.76	6.26	5.8	2.96	0.48	1.53	0.84	1.09
ENSG00000116539:ASH1L	21.95	24.62	17.02	10.06	13.56	13.03	3.57	7.53	13.99	2.19
ENSG00000116544:DLGAP3	0.04	0.09	0.16	0.06	0.53	0.29	0.01	0.06	0.06	0.04
ENSG00000116560:SFPQ	244.36	341.08	147.03	128.89	127.83	102.45	15.57	32.22	249.34	107.23
ENSG00000116574:RHOU	15.26	35.09	151.23	84.05	5.72	6.94	2.59	5.21	63.79	82.41
ENSG00000116584:ARHGEF2	16.72	34.77	49.1	27.96	28.75	28.15	7.35	21.62	36.65	18.93
ENSG00000116586:LAMTOR2	24.21	26.8	57.4	62.91	157.13	151.74	8.89	15.44	42.07	164.8
ENSG00000116604:MEF2D	28.85	35.35	93.9	58.35	36.68	26.87	3.42	11.87	31.61	6.64
ENSG00000116649:SRM	14.57	14.86	16.14	15.43	180.49	198.41	0.73	2.07	42.19	37.47
ENSG00000116661:FBXO2	0.67	0.24	2.31	2.5	19.62	32.58	0.61	0.97	0.24	0.56
ENSG00000116668:SWT1	7.05	8.12	34.57	42.75	6.95	7.76	2.44	4.43	6.98	9.96
ENSG00000116670:MAD2L2	8.64	16.35	23.78	22.12	26.93	24.49	1.2	3.16	4.57	11.47
ENSG00000116675:DNAJC6	9.79	16.99	0.19	1.35	21.22	20.82	5.25	15.1	0.74	0.18
ENSG00000116678:LEPR	3.78	6.77	1227.67	600.56	0.53	0.35	0.11	0.09	0.04	0
ENSG00000116679:IVNS1ABP	31.64	61.38	55.39	46.38	115.32	109	21.55	54.9	463.8	125.38
ENSG00000116685:KIAA2013	23.76	27.74	55.53	46.24	85.18	69.03	5.3	13.56	38.14	49.94
ENSG00000116688:MFN2	37.09	34.64	49.83	44.98	38.63	39.7	2.9	6.92	31.26	10.12
ENSG00000116690:PRG4	0.16	0.28	2.87	1.38	0.84	0.8	0	0	0.06	1.8
ENSG00000116691:MIIP	9.77	15.1	14.98	9.25	5.82	8.58	1.19	2.1	1.58	6.82
ENSG00000116698:SMG7	32.99	34.81	38.29	25.77	41.62	37.29	1.8	4.8	26.51	8.19
ENSG00000116701:NCF2	5.54	14.71	9.1	7.08	3.45	1.95	1.67	1.51	0.98	1.54
ENSG00000116703:PDC	0.04	0.16	0	0	0.2	0	0.02	0.03	15.33	3.56
ENSG00000116704:SLC35D1	5.45	8.14	10.53	10.23	2.1	1.93	0.64	1.03	4.53	1.76
ENSG00000116711:PLA2G4A	0.5	2.02	17.26	10.85	3.23	1.62	5.94	11.45	48.26	23.52
ENSG00000116717:GADD45A	8.05	14.23	60.66	51.36	277.18	208.63	13.24	66.58	305.64	455.81
ENSG00000116729:WLS	37.78	54.27	60.08	34.99	57.97	45.18	24.89	50.72	60.12	92.09
ENSG00000116731:PRDM2	19.91	26.72	27.95	18.34	30.29	21.25	2.54	8.87	10.17	1.6
ENSG00000116745:RPE65	0	0	0	0	0	0	0	0	0.04	0.25
ENSG00000116747:RO60	16.06	16.42	5.86	3.73	10.45	9.16	7.89	14.58	28.68	20.34
ENSG00000116748:AMPD1	0	0	0.32	0	0.37	0.46	0.02	0.02	0	0
ENSG00000116750:UCHL5	21.05	26.7	21.17	25.31	42.73	42.36	5.68	11.07	59.19	11.87
ENSG00000116752:BCAS2	16.8	18.09	47.3	38.96	97.88	93.74	10.91	17.7	69.23	41.06
ENSG00000116771:AGMAT	0.15	0.41	0	0	1.73	0.46	0.01	0.04	14.4	5.83
ENSG00000116783:TNNI3K	0.13	0.52	0	0	0.03	0.07	0.01	0.01	0.31	0.25
ENSG00000116786:PLEKHM2	30.33	38.72	35.68	24.7	43.04	32.25	4.59	19.84	8.17	21
ENSG00000116791:CRYZ	3.4	15.03	8.2	9.49	15.35	15.02	0.69	1.06	56.95	52.35
ENSG00000116793:PHTF1	8.72	14.2	19.54	9.26	4.67	2.36	0.48	0.82	17.87	24.13
ENSG00000116809:ZBTB17	12.26	18.72	10.87	7.77	17.86	17.98	2.08	6.15	27.73	23.78
ENSG00000116819:TFAP2E	0.84	2.03	0.61	0.42	0.34	0.06	0	0	0.03	0.08
ENSG00000116830:TTF2	5.25	4.78	5.75	2.98	9.43	9.46	0.82	1.56	1.91	1.74
ENSG00000116833:NR5A2	0.1	0.18	1.06	0.42	1.37	1.14	0.11	0.05	8.28	0.7
ENSG00000116852:KIF21B	0.27	0.9	5.81	5.53	1.99	1.48	0.26	0.89	0.34	0.18
ENSG00000116857:TMEM9	6.87	11.56	28.11	52.42	104.19	99.03	6.56	12.38	30.49	14.57
ENSG00000116863:ADPRS	11.38	14.97	25.83	29.35	26.73	24.83	0.79	1.95	19.69	24.55
ENSG00000116871:MAP7D1	43.29	52.73	144.88	89.98	46.11	40.37	2.45	8.01	10.93	4.43
ENSG00000116874:WARS2	5.2	7.51	3.05	2.35	13.65	10.2	1.13	1.66	2.53	1.47
ENSG00000116882:HAO2	0	0.04	0	4.41	7.88	14.43	0.19	0.64	0.21	0.07
ENSG00000116885:OSCP1	15.77	25.19	0.83	1.36	0.58	0.27	0.32	0.89	2.84	8.11
ENSG00000116898:MRPS15	38.19	40.84	21.31	19.53	81.53	52.76	6.09	11.06	107.66	84.36
ENSG00000116906:GNPAT	21.36	22.67	33.32	26.06	57.68	43.08	2.67	4.83	43.54	68.06
ENSG00000116918:TSNAX	18.35	18.23	35.36	30.92	43.03	31.17	4.39	6.38	31.32	5.4
ENSG00000116922:AIRIM	14.75	14.53	9.25	8.41	8.07	9.25	2.21	3.87	18.6	5.35
ENSG00000116962:NID1	48.17	93.37	340.36	146.55	32.99	27.73	6.17	23.51	30.15	6.85
ENSG00000116977:LGALS8	124.74	141.97	34.57	31.77	26.94	21.23	2.73	6.21	37.23	28.36
ENSG00000116981:NT5C1A	0	0	0.04	0	0	0	0	0.03	0.16	0.2
ENSG00000116983:HPCAL4	0.04	0.01	2.95	1.28	0.19	0.18	0.2	0.56	0.26	0
ENSG00000116984:MTR	14.75	19.2	7.35	8.57	3.16	4.76	1.02	3.31	2.01	1
ENSG00000116990:MYCL	5.7	8.2	2.41	2.19	0.89	0.59	0.4	0.75	3.86	3.34
ENSG00000116991:SIPA1L2	10.14	18.69	33.01	18.61	24.43	23.72	0.73	2.14	0.92	2.33
ENSG00000117000:RLF	7.64	9.17	15.91	10.95	20.14	12.17	3.18	5.37	6.01	3.36
ENSG00000117009:KMO	68.82	39.33	0.19	0.12	0.18	0.08	0.33	0.4	0.22	0.47
ENSG00000117013:KCNQ4	1.37	1.78	4.44	2.14	0.08	0.08	0.04	0.08	0.03	0.28
ENSG00000117016:RIMS3	1.08	2.49	0.32	0.18	1.34	1.6	0.04	0.1	0.18	0.18
ENSG00000117020:AKT3	30.7	28.34	29.25	14.39	40.92	34.56	5	9.69	15.16	2.17
ENSG00000117036:ETV3	16.55	20.56	13.61	9.05	44.18	40.92	7.08	12.55	11.4	0.65
ENSG00000117054:ACADM	15.88	21.35	119.21	137.02	29.23	32.85	18.53	24	77.5	103.79
ENSG00000117069:ST6GALNAC5	0.01	0.14	0.6	0.15	0	0	0	0	0	0
ENSG00000117114:ADGRL2	32.79	44.13	43.26	32.31	14.31	19.15	5.92	8.15	23.73	4.36
ENSG00000117115:PADI2	0.84	0.68	65.83	49.89	0.95	1.14	0.08	0.29	74.38	2.12
ENSG00000117118:SDHB	55.08	54.02	55.45	58.39	107.02	96.47	15.23	29.5	81.67	65.71
ENSG00000117133:RPF1	12.07	14.71	34.34	26.64	77.63	66.01	5.97	9.86	16.03	14.89
ENSG00000117139:KDM5B	35.72	35.58	51.85	25.33	38.26	32.84	4.99	10.86	113.11	13.72
ENSG00000117143:UAP1	38.15	35.32	43.7	38.67	80.69	99.6	9.69	18.45	13.08	10.36
ENSG00000117151:CTBS	14.39	16.66	8.75	10.19	0	0	195.33	330.66	15.7	14.69
ENSG00000117152:RGS4	0.02	0.28	8.79	8.22	6.65	3.29	15.95	29.4	4.44	23.17
ENSG00000117153:KLHL12	11.16	13.73	30.1	15.95	26.34	23.88	2.35	4.57	9.53	5.54
ENSG00000117154:IGSF21	0.98	4.01	0.05	0	0	0.13	0	0.01	1.2	0.11
ENSG00000117155:SSX2IP	1.79	2.83	5.31	4.28	11.87	9.35	1.3	2.3	16.36	5.5
ENSG00000117174:ZNHIT6	2.88	3.88	13.73	11.05	7.61	9.52	0.44	0.92	11.65	3.83
ENSG00000117222:RBBP5	5.15	6.52	19.55	16.5	17.06	13.8	1.85	3.34	10.09	1.67
ENSG00000117245:KIF17	3.49	4.88	2.37	0.69	0	0	0	0.02	0.47	0.2
ENSG00000117266:CDK18	8.23	18.24	13.21	9.42	22.65	25.31	2.56	10.8	6.26	5.49
ENSG00000117280:RAB29	2.55	5.75	14.45	10.28	3.84	3.68	0.52	1.24	4.76	6.7
ENSG00000117298:ECE1	22.78	34.4	138.18	104.99	77.8	69.52	8.26	34.8	40.22	25.09
ENSG00000117305:HMGCL	14.02	15.27	68.96	69.07	41.91	38.82	5.11	11.6	64.98	63.25
ENSG00000117318:ID3	35.92	64.72	79.76	61.88	78.94	77.31	49.41	132.48	82.93	132.11
ENSG00000117360:PRPF3	60.97	72.83	27.89	24.63	35.92	40	6.23	14.17	13.12	17.65
ENSG00000117362:APH1A	53.96	66.19	86.76	72.16	73.06	76.01	25.03	41.75	23.69	89.96
ENSG00000117385:P3H1	18.21	30.21	30.6	29.06	17.22	20.09	1.99	7.43	21.44	47.06
ENSG00000117394:SLC2A1	713.76	846.48	823.36	468.59	376.17	355.6	17.54	44.24	112.77	105.07
ENSG00000117395:EBNA1BP2	36.57	34.75	43.29	38.62	45.07	36.49	1.08	2.27	35.92	47.72
ENSG00000117399:CDC20	6.1	3.58	6.94	3.46	15.84	16.15	0.27	1.06	9.71	11.63
ENSG00000117407:ARTN	6.5	10.5	0.46	0.26	0.49	0.42	0.03	0.22	0.59	1.53
ENSG00000117408:IPO13	9.38	15.35	19.08	18.86	9.73	6.34	1.39	3.48	37.17	165.58
ENSG00000117410:ATP6V0B	105.98	95.48	233.99	266.17	392.12	374.47	30.15	52.65	99.28	281.54
ENSG00000117411:B4GALT2	12.19	9.45	2.08	1.49	23.68	16.9	1.81	4.39	11.91	32.21
ENSG00000117419:ERI3	13.74	16.1	47.88	50.91	15.21	13.12	3.34	6.97	29.24	40.83
ENSG00000117425:PTCH2	0.11	0.18	0.82	1.36	0.68	0.84	0.01	0.04	1.44	3.17
ENSG00000117448:AKR1A1	32	41.55	319.99	345.09	47.67	57.3	3.42	8.75	80.94	162.81
ENSG00000117461:PIK3R3	7.41	7.63	20.75	9.23	4.23	3.78	0.42	0.99	3.1	2.34
ENSG00000117472:TSPAN1	0.07	0.6	15.28	10.4	500.08	568.54	94.62	134.72	31.7	37.44
ENSG00000117475:BLZF1	15.73	17.04	36.98	26.45	29.41	27.6	6.01	8.11	15.91	7.16
ENSG00000117477:CCDC181	0.76	0.6	7.95	7.82	0.35	0.54	0.15	0.11	10.02	5.17
ENSG00000117479:SLC19A2	59.1	49.09	26.26	15.55	8.15	10.63	1.74	3.17	2	2.08
ENSG00000117480:FAAH	12.05	11.12	0.56	3.08	101.99	132.24	0.21	1.1	16.19	52.1
ENSG00000117500:TMED5	65.76	49.81	24.21	16.63	66.2	61.53	12.64	18.7	68.49	7.9
ENSG00000117501:MROH9	0	0	0.02	0	0	0	0	0	0	0
ENSG00000117505:DR1	25.41	32.29	32.69	16.04	33.4	29.4	6.25	11.56	143.73	44.51
ENSG00000117523:PRRC2C	73.85	79.27	52.72	31.36	45.81	42.57	5.82	16.97	49.37	9.28
ENSG00000117525:F3	14.07	86.78	100.09	78.97	107.95	83.3	39	101.12	77.72	279.78
ENSG00000117528:ABCD3	17.18	24.44	28.33	18.97	141.99	150.46	8.12	11.18	41.22	15.24
ENSG00000117533:VAMP4	9.87	13.76	18.38	13.02	11.23	8.77	1.29	1.73	144.95	43.82
ENSG00000117569:PTBP2	13.32	19.41	25.74	19.77	10.44	12.64	2.56	4.09	6.53	11.1
ENSG00000117586:TNFSF4	0.27	0.49	0.05	0	0.56	0.44	0.35	0.64	0	0
ENSG00000117593:DARS2	10.59	8.65	10.68	9.6	3.31	2.9	0.68	1.1	2.25	1.88
ENSG00000117595:IRF6	18.35	23.14	7.96	32.9	87.31	89.83	6.89	16.94	28.94	22.81
ENSG00000117597:UTP25	2.16	2.53	7.43	9.51	20.04	18.69	1.3	2.43	4.91	2.23
ENSG00000117598:PLPPR5	0	0	0.01	0.06	0.14	0.09	0.04	0.14	0.08	0.07
ENSG00000117600:PLPPR4	0.34	0.47	0.14	0.08	0	0	0.15	0.04	0	0
ENSG00000117601:SERPINC1	0.21	0.21	1.43	5.12	6.4	9.26	0.04	0.01	2.49	4.88
ENSG00000117602:RCAN3	5.91	7.14	12.72	12.9	7.07	6.27	1.49	3.13	20.76	5.46
ENSG00000117614:SYF2	44.99	52.26	75.93	68.08	54.79	45.12	9.22	12.64	142.28	91.91
ENSG00000117620:SLC35A3	21.3	19.43	22.81	9.06	26.68	30.67	13.5	17.62	3.9	2.28
ENSG00000117625:RCOR3	38.7	46.7	20.28	17.43	11.14	12.19	0.97	2.4	16.07	5.47
ENSG00000117640:MTFR1L	60.12	78.13	86.07	88.93	13.87	14.48	1.49	2.94	47.27	64.62
ENSG00000117643:MAN1C1	300.68	298.89	47.79	36.07	11.52	12.86	1.68	2.77	3.13	10.9
ENSG00000117650:NEK2	3.37	2.55	1.09	1.31	7.6	5.72	0.11	0.14	4.06	0.28
ENSG00000117676:RPS6KA1	2.98	6.13	42.12	27.16	24.72	15.75	4.58	8.77	141.86	122.67
ENSG00000117682:DHDDS	20.73	24.45	29.2	24.86	20.1	21.26	2.3	4.88	8.23	8.51
ENSG00000117691:NENF	17.65	17.8	106.16	98.87	186.95	193.51	8.83	19.02	5.01	30.81
ENSG00000117697:NSL1	12.46	15.16	0.68	0.65	9.76	10.64	1.2	2.49	18.25	6.01
ENSG00000117707:PROX1	0.19	0.33	0.51	0.4	0.26	0.27	0.04	0.1	0.65	0.09
ENSG00000117713:ARID1A	28.35	40.09	30.92	19.14	31.13	30.29	2.12	8.09	14.08	8.18
ENSG00000117724:CENPF	5.69	5.88	0.61	0.33	10.86	10.83	0.27	0.39	4.5	0.11
ENSG00000117751:PPP1R8	23.37	24.62	20.88	16.74	23.45	21.91	3.94	7.37	26.88	16.94
ENSG00000117859:OSBPL9	31.98	49.22	71.34	85.22	101.28	105.57	13.76	20.02	32.84	18.5
ENSG00000117862:TXNDC12	62.65	67.09	90.6	88.32	145.49	128.94	7.98	17.52	72.02	116.37
ENSG00000117868:ESYT2	47.37	55.24	97.52	86.08	83.79	70.87	16.76	41.51	22.49	5.01
ENSG00000117877:POLR1G	1.35	2.03	15.23	10.55	11.79	8.04	1.24	1.69	11.05	11.45
ENSG00000117899:MESD	42.2	35.95	76.67	40.39	118.32	115.18	8.41	21.19	63.53	48.76
ENSG00000117906:RCN2	105.98	116.44	59.39	37.18	63.64	86.19	12.45	17.82	46.08	28.43
ENSG00000117983:MUC5B	0.29	0.58	0.05	0.05	0	0.01	0.01	0.02	0.61	0.45
ENSG00000118004:COLEC11	1.54	1.72	0.69	4.55	0.15	0	5.63	16.04	5.02	4.53
ENSG00000118007:STAG1	18.18	22.55	53.11	27.92	13.9	11.63	3.48	7.34	19.36	3.14
ENSG00000118046:STK11	19.82	24.76	90.21	70.73	46.76	42.24	6.39	16.96	52.44	13.2
ENSG00000118058:KMT2A	6.6	12.6	24.79	10.06	7.79	7.59	1.44	4.66	4.82	0.44
ENSG00000118094:TREH	0.02	0.08	0.02	0.2	0	0	0.01	0.02	0.22	0.21
ENSG00000118096:IFT46	4.34	7.22	81.33	58.73	12.67	17.72	2.76	5.05	9.7	9.72
ENSG00000118113:MMP8	0.23	0.11	0.61	0.3	0	0	0.33	0.05	0.06	0.05
ENSG00000118137:APOA1	0.35	0.27	42.43	10158.54	17.89	14.95	7.47	12.58	3311.92	1292.87
ENSG00000118156:ZNF541	0.2	0.35	0.39	0.09	0	0	0.02	0.04	0.01	0.13
ENSG00000118160:SLC8A2	0.01	0.03	0.06	0.04	0.21	0.12	0	0.04	0.37	0.25
ENSG00000118162:KPTN	4.44	4.15	8.54	7.03	8	7.76	0.64	1.99	7.5	19.66
ENSG00000118193:KIF14	1.08	0.83	0.24	0.17	3.49	2.93	0.05	0.08	1.13	0.22
ENSG00000118194:TNNT2	3.32	11.54	8.85	12.81	0.57	0.71	0.01	0.04	3.1	1.09
ENSG00000118197:DDX59	55.49	71.31	5.34	4.22	8.6	9.43	1.22	2.69	7.48	10.66
ENSG00000118200:CAMSAP2	34.75	29.44	26.73	16.62	24.88	18.55	2.85	9.06	14.56	0.81
ENSG00000118217:ATF6	22.42	19.65	28.09	20.7	18.38	15.86	4.93	8.68	16.1	5.44
ENSG00000118242:MREG	9.12	10.74	7.85	27.32	0.92	0.45	0.07	0.22	266.57	33.12
ENSG00000118245:TNP1	0	0	0	0	0	0	0	0	0	0
ENSG00000118246:FASTKD2	9.15	10.29	12.96	14.64	8.08	5.18	0.89	1.09	4.12	5.92
ENSG00000118257:NRP2	22.54	37.93	9.44	7.46	7.17	5.41	0.88	3.08	7.52	3.97
ENSG00000118260:CREB1	16.4	18.07	12.4	6.45	6.86	5.57	5.64	10.15	4.7	0.78
ENSG00000118263:KLF7	3.46	5.37	21.62	13.87	23.54	15.27	3.13	7.1	4.59	1.32
ENSG00000118271:TTR	0.1	0.14	7.89	645.87	7.14	37.87	0.01	0	121.74	1600.77
ENSG00000118276:B4GALT6	2.26	3	4.77	3.81	4.87	6.58	0.66	0.97	0.63	0.07
ENSG00000118298:CA14	0.95	0.95	0.52	1.41	0	0	0.01	0.01	0.4	0.27
ENSG00000118307:DNAI7	0.18	0.17	1.88	1.66	1.27	0.1	0.17	0.33	1.51	1.24
ENSG00000118308:IRAG2	1.8	5.1	0.67	0.86	1.29	0.57	0.06	0.26	0.57	0.85
ENSG00000118322:ATP10B	0.58	0.8	0.42	0.3	0.15	0.15	10.29	27.8	0.34	0
ENSG00000118363:SPCS2	116.91	92.89	114.78	143.38	159.69	155.28	14.96	29.02	117.01	93.82
ENSG00000118369:USP35	4.49	7.31	6.96	6.51	5.87	8.81	0.21	1.75	0.11	0.05
ENSG00000118402:ELOVL4	1.77	1.47	2.9	0.92	2.89	1.85	0.13	0.22	3.83	0.89
ENSG00000118407:FILIP1	0.63	1.64	3.97	2.68	2.45	2.5	0.62	1.56	13.14	0.58
ENSG00000118412:CASP8AP2	7.31	8.02	10.06	4.48	9.97	9.29	1.48	2.5	6.35	1.03
ENSG00000118418:HMGN3	78.09	120.64	5.2	7.63	74.15	88.01	2.94	5.98	96.71	62.84
ENSG00000118420:UBE3D	1.11	1.83	0.77	0.5	1.8	1.83	0.13	0.46	0.71	1.19
ENSG00000118434:SPACA1	0	0	0.5	0.3	0	0.15	0.01	0	0	0.33
ENSG00000118454:ANKRD13C	9.9	13.31	42.86	25.19	16.21	12.94	1.86	3.54	20.59	11.87
ENSG00000118473:SGIP1	0.93	3.35	38.85	32.92	0.98	0.96	0.34	0.32	0.03	0.12
ENSG00000118482:PHF3	25.96	27.66	60.03	37.79	28.63	29.68	4.81	8.44	38.69	6.05
ENSG00000118491:ZC2HC1B	0.06	0.14	0	0	0	0.16	0.02	0.03	0.1	0.4
ENSG00000118492:ADGB	0.02	0.14	0.22	0	0.48	0.27	0.17	0.42	1.86	1.81
ENSG00000118495:PLAGL1	86.48	163.27	272.72	131.68	7.12	7.85	9.59	28.1	3.78	2.69
ENSG00000118496:FBXO30	4.35	5.54	23	20.2	35.14	33.43	3.04	4.87	9.21	1.21
ENSG00000118503:TNFAIP3	21.22	24.8	6.06	4.43	25.56	14.06	2.91	7.69	30.79	15.3
ENSG00000118507:AKAP7	7.07	9.65	27.09	20.13	2.98	2.08	0.41	0.38	13.97	11.65
ENSG00000118513:MYB	0.54	0.41	0.27	0.34	0.5	0.85	0.01	0.02	1.33	0.2
ENSG00000118514:ALDH8A1	0.17	0.36	0.08	0.25	0.89	1.06	0.01	0.07	6.39	2.35
ENSG00000118515:SGK1	99.77	64.47	210.82	245.33	190.79	180.88	12.72	24.8	253.64	334.37
ENSG00000118518:RNF146	37.1	41.23	29.09	21.8	90.01	103.07	17.76	26.87	80.88	25.86
ENSG00000118520:ARG1	0.85	1.68	3.68	8.17	0.27	0	0.56	0.42	1039.55	13.21
ENSG00000118523:CCN2	17.79	144.59	503.03	292.57	581.45	240.01	17.08	28.24	192.06	399.56
ENSG00000118526:TCF21	28.04	112.43	3.09	5.63	1.84	3.74	5.55	7.14	4.18	3.54
ENSG00000118564:FBXL5	25.11	30.7	55.04	50.84	33.08	23.1	6.07	9.99	31.03	7.06
ENSG00000118596:SLC16A7	0.44	0.75	0.87	0.75	38.57	80.75	0.92	1.44	1.7	1.09
ENSG00000118640:VAMP8	299.18	269.55	195.77	260.69	267.1	226.01	16.62	29.16	271.79	354.77
ENSG00000118655:DCLRE1B	2.46	3.1	6.1	5.27	4.56	5.77	0.2	0.38	4.57	7.38
ENSG00000118689:FOXO3	10.97	13.96	26.15	18.81	26.26	14.91	3.62	10.35	2.81	1.05
ENSG00000118702:GHRH	0	0	381.1	339.06	0	0	0	0	0	0.05
ENSG00000118705:RPN2	308.88	255.39	475.52	383.13	152.2	142.9	19.46	36.77	78.84	155.15
ENSG00000118707:TGIF2	5.08	10.13	10.03	5.97	6.91	6.97	1.77	3.63	0.71	1.17
ENSG00000118729:CASQ2	0.21	0.73	0.29	0.21	0.06	0.06	0.1	0.36	0.05	0
ENSG00000118733:OLFM3	0	0	0	0.05	0	0.05	0.85	0.94	0	0.13
ENSG00000118762:PKD2	12.79	18.51	32.28	15.19	10.55	11.32	2.06	5.31	116.56	9.69
ENSG00000118785:SPP1	167.03	353.7	112.08	111.1	156.81	464.65	37.78	65.38	8.46	28.05
ENSG00000118804:STBD1	4	6.81	4.18	10.78	17.59	9.79	2.83	5.89	38.47	8.95
ENSG00000118816:CCNI	99.62	137.7	84.63	88.58	130.74	125.1	20.03	51.51	109.13	97.02
ENSG00000118855:MFSD1	32.08	39.07	34.07	72.47	85.72	89.04	15.68	27.68	36.25	36.04
ENSG00000118873:RAB3GAP2	16.67	19.42	37.15	34.52	19.36	16.11	6.17	14.39	7.99	4.54
ENSG00000118898:PPL	5.06	15.25	5.93	9.3	54.62	47.17	0.76	2.36	781.99	32.18
ENSG00000118900:UBN1	11.24	14.47	41.21	26.93	16.34	15.31	2.26	7.64	8.45	1.69
ENSG00000118922:KLF12	0.29	0.62	22.19	25.45	0.61	0.2	0.42	0.64	0.26	0.37
ENSG00000118946:PCDH17	0.48	2.73	0.59	0.4	2.92	3.17	1.49	3.4	2.95	0.85
ENSG00000118960:HS1BP3	10.81	13.86	16.74	13.81	20.89	20.61	2.42	9.19	22.58	14.87
ENSG00000118965:WDR35	1.45	2.24	6.38	4.45	4.42	3.85	0.73	2.02	11.1	29.76
ENSG00000118971:CCND2	6.79	21.11	4.75	3.95	8.65	6.21	5.21	10.91	5.75	1.35
ENSG00000118972:FGF23	0	0	0.03	0.49	0	0.04	0	0	0	2.59
ENSG00000118985:ELL2	72.08	44.72	18.27	10.38	16.51	12.85	3.6	5.79	85.3	4.44
ENSG00000119004:CYP20A1	9.65	10.97	18.3	14.08	40.35	35.1	2.47	3.94	4.06	1.58
ENSG00000119041:GTF3C3	26	23.97	11.18	6.98	11.81	10.94	2.59	4.17	5.33	6
ENSG00000119042:SATB2	0.76	0.9	4.05	1.64	6.15	6.21	0.68	1.19	0.37	0.36
ENSG00000119048:UBE2B	161.85	153.7	149.89	137.62	266.38	242.06	9.34	16.09	44.16	90.8
ENSG00000119121:TRPM6	0.38	0.77	13.11	7.98	2.2	2.68	7.88	12.6	3.95	0.51
ENSG00000119125:GDA	29.94	23.71	11.12	9.95	5.75	2.55	0.01	0.05	3.86	3.96
ENSG00000119138:KLF9	1.54	3.96	28.35	30.96	39.38	16.75	1.11	1.93	19.88	11.11
ENSG00000119147:ECRG4	0.75	5.27	5.46	4.28	0.32	0.16	0.04	0.24	5.44	4.74
ENSG00000119185:ITGB1BP1	24.02	32.02	22.78	22.47	83.74	72.91	4.68	9.64	3.93	11.21
ENSG00000119203:CPSF3	19.85	19.9	28.23	22.89	18.3	15.11	3.3	4.91	31.34	30.82
ENSG00000119231:SENP5	17.4	21.28	33.34	17.5	8.03	6.57	2.55	5.2	18.72	12.6
ENSG00000119242:CCDC92	18.52	23.92	2.27	2.61	7.05	7.1	0.09	0.34	5.57	1.92
ENSG00000119280:C1orf198	14.37	24.84	53.39	49.6	55.43	39.4	2.49	6.67	9.78	13.88
ENSG00000119283:TRIM67	0	0.04	0.01	0	0.09	0.05	0.01	0	0	0
ENSG00000119285:HEATR1	5.61	5.68	11.2	11.6	10.95	8.27	2.7	5.84	1.47	3.54
ENSG00000119314:PTBP3	26.39	30.33	169.43	75.93	24.29	15.22	13.45	27.49	16.87	6.99
ENSG00000119321:FKBP15	17.14	21.01	28.51	20.67	64.07	41.88	3.73	9.16	47.6	11.94
ENSG00000119333:DYNC2I2	14.79	18.79	12.34	9.6	9.36	8.39	0.88	2.4	9.74	13.16
ENSG00000119383:PTPA	28.91	35.42	46.37	46.68	84.45	74.93	9.03	25.42	22.35	16.56
ENSG00000119396:RAB14	35.26	39.42	92.74	75.98	87.34	75.34	6.49	13.3	194	33.92
ENSG00000119401:TRIM32	3.02	3.73	8.69	7.29	2.24	2.6	1	3.15	5.06	2.11
ENSG00000119402:FBXW2	15.81	18.23	50.67	45.15	82.79	46.07	0.99	1.49	41.69	24.33
ENSG00000119403:PHF19	4.92	8.41	4.51	2.48	10.29	10.46	0.29	0.76	0.17	0
ENSG00000119408:NEK6	10.17	22.17	60.63	51.55	25.34	13.7	1.35	2.65	15.65	16.73
ENSG00000119411:BSPRY	2.9	2.32	4.27	4.85	46.31	39.61	6.4	15.14	30.36	30.44
ENSG00000119414:PPP6C	23.85	26.48	36.62	31.01	31.1	27.74	4.68	6.9	18.55	36.61
ENSG00000119431:HDHD3	10.94	12.34	3.79	3.9	26.45	21.26	0.68	2.41	4.7	11.81
ENSG00000119446:RBM18	16.18	13.52	36.6	28.82	23.15	20.67	6.96	9.84	36.79	49.78
ENSG00000119457:SLC46A2	0.03	0.09	0.08	0.06	186.94	120.72	0.3	1.16	1.42	9.91
ENSG00000119471:HSDL2	20.91	15.29	18.24	13.72	21.64	31.69	5.01	6.16	19.37	13.59
ENSG00000119487:MAPKAP1	29.65	33.36	50.67	56.62	36.36	29.01	4.43	8.83	21.09	23.29
ENSG00000119508:NR4A3	0.5	0.88	0.42	0.52	1.53	0.58	0.48	2.05	0.26	0.09
ENSG00000119509:INVS	5.43	8.05	4.68	3.42	6.45	8.23	1.32	2.61	0.86	0.61
ENSG00000119514:GALNT12	2.06	2.18	1.45	1.94	27.41	34.43	0.37	0.3	12.29	6.29
ENSG00000119522:DENND1A	13.97	19.53	53.02	44.65	16.16	17.94	2.22	4.98	4.91	1.95
ENSG00000119523:ALG2	35.19	36.61	15.21	16.44	16.64	18.7	2.71	6.44	3.74	3.71
ENSG00000119535:CSF3R	557.76	777.39	2.21	1.16	0.27	0.51	0.13	0.45	0.45	11.07
ENSG00000119537:KDSR	35.2	35.14	37.31	28.58	27.16	21.5	6.73	12.66	11.45	2.65
ENSG00000119541:VPS4B	39.44	36.79	79.65	49.73	59.72	49.65	14.64	18.32	33.92	15.48
ENSG00000119547:ONECUT2	0.01	0	0.05	0.08	0	0.03	0.01	0.03	0	0
ENSG00000119559:C19orf25	8.53	11.78	26.63	29.38	21.53	22.85	2.09	6.19	6.75	10.68
ENSG00000119596:YLPM1	31.23	42	29.81	25.6	13.15	13.09	1.17	3.53	22.64	7.78
ENSG00000119608:PROX2	0.59	1.1	2.25	1.45	0.28	0.45	0	0.01	0.13	0.12
ENSG00000119614:VSX2	0	0	0.01	0	0	0	0.01	0.01	0.12	0.09
ENSG00000119616:FCF1	20.53	27.75	64.54	60.71	60.61	57.16	3.31	4.61	50.46	83.85
ENSG00000119630:PGF	811.14	311.21	38.44	35.78	43.26	22.09	1.1	3.24	49.88	84.32
ENSG00000119636:BBOF1	1.06	2.39	0.65	1.94	0	0	0.02	0.09	25.51	2.5
ENSG00000119638:NEK9	39.25	49.74	54.21	51.42	26.95	23.6	6.09	11.36	25.82	3.23
ENSG00000119650:IFT43	9.44	13.11	61.36	62.57	37.41	26.74	2.06	2.86	43.13	39.13
ENSG00000119655:NPC2	88.26	177.03	324.31	275.11	1606.88	2074.72	72.18	103.7	174.37	166.29
ENSG00000119681:LTBP2	6.23	18.76	3.84	3.58	8.41	6.7	0.24	1.19	1.22	3.22
ENSG00000119682:AREL1	13.6	15.61	18.59	14	9.38	7.43	1.16	2.53	10.95	4.48
ENSG00000119684:MLH3	12.89	17.47	5.75	5.94	3.1	3.59	0.76	1.62	2	1.87
ENSG00000119686:FLVCR2	27.45	23.57	67.99	32.11	17.48	18.12	12.15	31.78	10.93	4.54
ENSG00000119688:ABCD4	32.45	48.78	23.24	23.12	19.14	27.63	3.3	6.17	3.23	2.71
ENSG00000119689:DLST	48.24	51.43	75.4	71.6	55.65	55.91	7.14	14.65	63.42	54.31
ENSG00000119698:PPP4R4	0	0.25	1.77	0.67	1.09	0.41	0	0.01	17.81	4.99
ENSG00000119699:TGFB3	15.19	40.02	37.16	23.02	36.59	31.04	8.22	15.35	4.2	2.24
ENSG00000119703:ZC2HC1C	6.57	7.49	3.72	5.62	0.6	0.72	0.06	0.09	4.95	2.35
ENSG00000119707:RBM25	63.19	92.79	154.33	94.69	111.82	108.86	7.76	13.96	128.18	46.59
ENSG00000119711:ALDH6A1	6.5	8.19	11.8	11.34	14.92	15.6	1.24	2.72	152.66	162.55
ENSG00000119714:GPR68	4.9	6.17	0.75	0.74	3.87	3.67	1.59	3.04	19.14	8.71
ENSG00000119715:ESRRB	0.13	0.27	1.16	1.05	0.21	0	0	0	0	0
ENSG00000119720:NRDE2	8	9.12	14.5	9.83	9.53	9.71	1.76	4.26	13.32	4.05
ENSG00000119723:COQ6	20.74	22.94	10.73	10.47	8.5	5.05	2.09	3.43	22.99	39.78
ENSG00000119725:ZNF410	25.44	27.87	38.24	30.22	31.18	31.94	6.13	10.18	23.09	27.56
ENSG00000119737:GPR75	1.49	2.03	0.55	0.43	0.25	0.08	0.13	0.11	0.05	0.05
ENSG00000119760:SUPT7L	24.36	33.02	13.68	8.67	7.85	9.07	0.73	1.98	5.69	7.35
ENSG00000119772:DNMT3A	44.66	58.39	58.4	21.67	18.89	12.56	2.02	5.7	3.71	2.31
ENSG00000119777:TMEM214	78.68	89.22	55.47	53.56	45.96	42.01	4.93	12.65	53.92	48.55
ENSG00000119782:FKBP1B	1.33	1.61	5.15	6.25	2.69	2.43	1.17	2.99	19.91	29.63
ENSG00000119787:ATL2	30.73	30.19	19.39	18.77	106.51	111.55	7.81	12.34	52.91	11.2
ENSG00000119820:YIPF4	20.12	21.1	69.64	65.02	67.34	58.91	5.92	8.73	16.25	20.18
ENSG00000119844:AFTPH	23.26	25.24	27.43	23.41	32.93	34.89	14.35	23.52	26.69	12.56
ENSG00000119865:CNRIP1	9.56	14.05	7	7.9	22.1	17.03	0.41	1.38	5.81	6.42
ENSG00000119866:BCL11A	0.79	0.34	0.53	0.28	0.06	0.57	0.05	0.08	2.29	1.19
ENSG00000119888:EPCAM	1.79	2.93	50.58	118.59	231.45	193.7	24.47	32.43	152.95	92.58
ENSG00000119899:SLC17A5	13.68	22.78	28.98	29.74	51.73	61.69	4.83	7.42	14.24	25.11
ENSG00000119900:OGFRL1	14.18	14.68	3.88	2.62	24.97	11.76	2	3.47	4.05	0
ENSG00000119906:SLF2	16.27	20.5	36.47	18.94	29.1	24.34	3.34	5.4	7.31	3.01
ENSG00000119912:IDE	13.37	16.82	22.37	24.01	10.43	7.72	4.97	7.26	39.36	11.94
ENSG00000119913:TECTB	0.07	0.1	0	0	0.14	0	0.01	0	0.79	0.2
ENSG00000119915:ELOVL3	0.25	0.39	0.09	0	0	0	0.01	0.03	0.08	0.06
ENSG00000119919:NKX2-3	0	0	0.07	2.06	0	0	0.01	0.02	1.33	1.48
ENSG00000119927:GPAM	2.04	2.16	14.58	24.4	3.63	3.88	3.93	5.9	7.18	0.75
ENSG00000119929:CUTC	9.36	11.69	7.6	15.7	14.34	15.42	1.84	3.23	13.83	21.91
ENSG00000119938:PPP1R3C	2.19	3.94	6.3	6.56	1.54	2.92	11.12	9.14	6.13	3.17
ENSG00000119943:PYROXD2	2.15	4.87	13.82	9.71	4.04	2.94	0.05	0.07	0.81	2.32
ENSG00000119946:CNNM1	0.01	0.03	1.69	0.32	0.03	0.09	0.19	1.07	0.02	0.02
ENSG00000119953:SMNDC1	21.58	24.88	58.76	39.64	17.12	15.44	3.56	6.41	43.1	28.41
ENSG00000119977:TCTN3	18.63	16.95	13.01	8.31	3.07	2.92	0.81	1.71	15.91	5.22
ENSG00000120008:WDR11	27.45	36.18	22.01	22.43	12.87	12.17	3.39	5.39	4.42	4.69
ENSG00000120029:ARMH3	9.82	12.33	10.93	8.67	12.98	13.1	1.93	4.25	10.01	17.86
ENSG00000120049:KCNIP2	1.36	3.71	0.92	0.84	9.37	8.93	0.07	0.38	2.12	0.88
ENSG00000120051:CFAP58	0.77	1.78	0.08	0.02	0.02	0	0.03	0.06	0.35	0.05
ENSG00000120053:GOT1	11.86	15.18	60.89	49.44	182.21	200.87	52.29	106.8	16.97	21.17
ENSG00000120054:CPN1	0	0	2.05	18.34	0.2	0.29	0	0	8.92	1.39
ENSG00000120057:SFRP5	0.03	0.09	128.55	89.71	0	0	0.27	0.59	1	3.01
ENSG00000120063:GNA13	19.33	21.15	48.18	45.99	78.77	58.73	12.12	22.93	5.77	2.33
ENSG00000120071:KANSL1	25.65	29.71	44.27	25.3	33.13	25.04	4.38	9.21	7.36	5.14
ENSG00000120075:HOXB5	0.52	0.89	0.83	0.86	0.04	0.48	0.04	0.13	10.12	15.2
ENSG00000120088:CRHR1	0	0	0.09	0	0	0.03	0	0	0	0
ENSG00000120093:HOXB3	4.33	7.95	1.42	0.55	0.79	1.41	0.21	0.54	39.44	29.69
ENSG00000120094:HOXB1	0	0	0	0	0	0	0	0	0.06	0.03
ENSG00000120129:DUSP1	84.98	195.84	62.44	80.76	171.46	145.34	22.55	70.63	11.73	27.99
ENSG00000120137:PANK3	16.44	17.03	23.85	13.69	24.38	17.93	11.12	18.18	30.12	8.45
ENSG00000120149:MSX2	39.59	42.64	9.16	6.2	73.17	88.72	12.35	23.46	75.64	37.55
ENSG00000120156:TEK	22.12	29.66	17.25	12.48	20.07	31.69	14.45	35.41	15.1	8.01
ENSG00000120158:RCL1	9.35	11.69	13.28	24.87	14.65	9.35	1.66	2.03	12.63	20.35
ENSG00000120162:MOB3B	18.95	14.38	14.84	13.88	27.78	15.52	0.15	0.7	8.43	1
ENSG00000120215:MLANA	1.07	0.92	0.06	0.3	0	0	0	0	0.21	0.31
ENSG00000120217:CD274	28.06	44.77	9.37	6.9	0.43	1.06	0.69	0.97	0.46	0.3
ENSG00000120251:GRIA2	0.01	0.02	0	0	0.01	0	0	0.02	0.03	0
ENSG00000120254:MTHFD1L	7.07	8.67	3.01	3.4	32.21	42.34	1.24	2.69	3.32	4.53
ENSG00000120256:LRP11	28.13	33.67	5.65	4.71	2.08	2.36	3.04	7.75	0.84	1.02
ENSG00000120262:CCDC170	0.76	1.16	3.74	2.51	0.37	0.69	0.65	1.44	5.99	3.41
ENSG00000120265:PCMT1	28.85	34.06	43.18	50.14	94.51	89.95	2.07	3.67	30.87	53.09
ENSG00000120279:MYCT1	12.66	21.34	1.94	2.55	5.38	6.54	4.33	8.26	5.79	8.37
ENSG00000120280:TASL	0.42	1.6	0.17	0.17	1	1.21	0.06	0.05	0.18	0.09
ENSG00000120314:WDR55	11.27	15.16	10.27	9.13	89.84	77.14	2.3	5.33	26.85	15.24
ENSG00000120318:ARAP3	11.56	19.09	24.5	28.53	11.76	16.67	1.98	4.9	7.22	6.61
ENSG00000120332:TNN	0.21	0.09	0.04	0	0	0	0.05	0.07	0.06	0
ENSG00000120334:CENPL	5.29	5.66	2.79	4.52	6.56	3.91	0.08	0.12	0.62	0.39
ENSG00000120341:SEC16B	0.43	1.15	0.58	3.74	0.13	0.33	0.1	0.11	1.64	0.08
ENSG00000120370:GORAB	7.23	11.85	9.27	6.69	11.25	14.37	2.19	3.89	4.54	0.42
ENSG00000120438:TCP1	89.65	110.54	109.37	98.73	109.35	113.55	17.67	34.17	163.68	142.23
ENSG00000120451:SNX19	32.89	34.13	22.35	13.65	49.79	41.2	1.3	4.47	4.42	0.78
ENSG00000120458:MSANTD2	16.65	23.97	47	33.91	8.47	10.35	1.92	4.63	12.47	14.71
ENSG00000120498:TEX11	0.06	0	1.18	0.67	1.71	0.98	1.25	1.56	0.65	0.32
ENSG00000120500:ARR3	0.69	0.14	0.03	0	0	0	0	0	0.22	0.27
ENSG00000120519:SLC10A7	6.74	8.32	10.99	7.71	4.63	3.71	1.49	2.59	3.45	6.62
ENSG00000120526:NUDCD1	10.95	13.9	10.16	8.76	8.54	8.5	3.79	5.93	9.51	4.42
ENSG00000120539:MASTL	6.27	9.6	0.81	0.77	2.4	3.07	0.1	0.23	0.48	0.51
ENSG00000120594:PLXDC2	1.82	5.62	19.16	14.96	26.87	15.83	2.28	4.56	2.55	0.51
ENSG00000120616:EPC1	25.52	33.52	14.12	12.23	21.54	17.25	4.59	10.31	12.06	11.82
ENSG00000120645:IQSEC3	0.74	0.81	0.1	0.02	0	0.03	0	0	0	0
ENSG00000120647:CCDC77	5.27	6.72	8.33	5.26	7.86	12.76	0.15	0.28	1.58	0.32
ENSG00000120658:ENOX1	0.67	1.79	0.49	0.89	0.8	0.85	0.25	0.54	4.01	0.67
ENSG00000120659:TNFSF11	0	0.08	0.02	0	0	0	0	0.03	0.05	0.05
ENSG00000120662:MTRF1	6.99	8.67	3.78	3.17	7.27	7.45	1.03	1.78	9.38	7.56
ENSG00000120675:DNAJC15	5.03	5.75	13.4	17.11	13.17	13.65	1.49	4.04	44.19	79.02
ENSG00000120685:PROSER1	67.98	96.59	14.53	9.18	19	18.3	0.59	1.87	4.48	5.02
ENSG00000120688:WBP4	13.16	16.69	34.91	27.41	59.09	63.44	1.08	2.15	15.17	14.03
ENSG00000120690:ELF1	41.2	45.42	58.9	45.26	36.85	36.18	7.81	14.95	39.44	10.68
ENSG00000120694:HSPH1	13.19	14.3	81.5	85.59	30.58	44.25	17.55	71.95	43.36	39.82
ENSG00000120697:ALG5	21.85	22.5	67.74	54.7	44.52	56.02	8.27	12.77	51.52	40.46
ENSG00000120699:EXOSC8	33.94	40.23	19.01	22.06	23.16	19.8	3.41	3.66	17.56	26.01
ENSG00000120705:ETF1	89.49	74.57	79.54	61.31	105.8	82.4	11.97	17.66	143.52	43.95
ENSG00000120708:TGFBI	30.16	139.52	33	19.11	131.21	67.34	3.74	6.8	49.87	38.65
ENSG00000120709:FAM53C	15.42	17.97	41.2	22.68	20.09	17.98	1.51	3.41	2.44	1.26
ENSG00000120725:SIL1	75.57	62.22	57.09	56.99	17.72	17.9	2.16	5.01	27.13	32.08
ENSG00000120727:PAIP2	86.26	100.79	176.42	151.42	221.72	185.05	20.05	32.51	251.93	80.77
ENSG00000120729:MYOT	0	0.1	0	0	0.11	0.07	0	0	1.09	0.04
ENSG00000120733:KDM3B	29.62	33.93	22.61	16.26	14.23	14.04	3.26	7.8	19.04	9.32
ENSG00000120738:EGR1	6.75	35.88	5.23	7.02	22.32	25.37	14.31	73.56	4.88	12.44
ENSG00000120742:SERP1	56.02	56.63	46.95	47.09	437.97	374.46	17	28.4	631.91	187.41
ENSG00000120756:PLS1	1.16	1.02	9	16.17	245.99	192.84	8.62	6.72	2.03	1.01
ENSG00000120798:NR2C1	31.92	47.3	6.51	5.34	9.99	9.68	1.51	2.52	74.78	42.22
ENSG00000120800:UTP20	3.59	3.21	8.57	7.46	3.93	3.12	2.32	3.91	4.36	2.77
ENSG00000120805:ARL1	77.98	68.93	73.43	74.6	91.7	88.95	3.45	5.79	352.32	187.79
ENSG00000120820:GLT8D2	3.18	6.66	1.02	0.15	0.41	0	0.84	1.99	5.79	16.64
ENSG00000120832:MTERF2	7	9.95	5.55	4.91	2.75	2.2	0.74	1.22	5.2	6.89
ENSG00000120833:SOCS2	42.51	70.17	11.77	54.76	6.49	7.21	1.06	2.09	7.79	10.69
ENSG00000120860:WASHC3	20.66	33.73	49.84	45.44	40.51	32.49	6.42	11.44	18.49	5.5
ENSG00000120868:APAF1	5.38	10.49	13.11	7.62	8.52	5.84	1.42	2.74	5.51	1.28
ENSG00000120899:PTK2B	1.85	4.91	8.23	7.48	23.92	28.48	3.1	5.68	11.73	4.85
ENSG00000120903:CHRNA2	0.03	0	0.08	0.25	0.15	0.12	0	0	0	0.04
ENSG00000120907:ADRA1A	0.28	0.47	0.02	0.23	0.07	0	0.03	0.06	0	0.03
ENSG00000120910:PPP3CC	20.57	31.41	11.73	7.13	15.31	14.42	7.48	10.67	2.28	1.79
ENSG00000120913:PDLIM2	107.33	143.8	88.15	79.19	42.26	36.94	0.8	1.32	23.35	40.71
ENSG00000120915:EPHX2	6.4	9.84	0.63	9.52	284.95	263.16	3.11	2.53	5.96	6.08
ENSG00000120942:UBIAD1	6.02	6.05	8.76	4.97	6.58	4.02	0.14	0.38	3.33	4.2
ENSG00000120948:TARDBP	117.58	152.89	203.45	151.29	71.27	77.89	16.37	27.7	54.04	15.42
ENSG00000121005:CRISPLD1	1.25	2.51	0.33	0.3	0.32	0.85	0.4	1.11	177.75	48.59
ENSG00000121022:COPS5	35.71	40.61	76.39	62.81	59.07	50.82	9.94	12.81	58.12	90.7
ENSG00000121039:RDH10	29.13	20.69	29.84	24.28	39.95	33.17	2.42	3.56	23.68	28.18
ENSG00000121057:AKAP1	5.15	6.1	32.88	17.58	14.4	14.84	0.73	1.82	7.29	5.51
ENSG00000121058:COIL	10.35	11.37	5.38	3.41	20.41	16.27	1.71	3.98	17.6	5.44
ENSG00000121060:TRIM25	193.49	200.02	57.3	42.23	64.65	36.13	0.48	1.26	18.41	2.1
ENSG00000121064:SCPEP1	5.42	6.53	156.96	167.8	387.51	499.14	201.29	369.65	99.99	27.14
ENSG00000121068:TBX2	41.72	54.97	15.47	11.2	16.09	16.95	6.55	18.81	2.26	1.43
ENSG00000121075:TBX4	20.09	15.29	3.91	2.98	0.52	0.71	0.91	3.42	0	0
ENSG00000121101:TEX14	0.81	0.65	10	6.82	0.34	0.85	0.08	0.19	0.49	0.13
ENSG00000121104:FAM117A	1.34	3.85	42.13	28.64	55.48	62.68	0.94	2.46	19.29	43.3
ENSG00000121152:NCAPH	5.02	2.69	2.36	2.11	13.82	9.06	0.21	0.49	5.94	1.49
ENSG00000121207:LRAT	0.02	0.02	0.03	1.08	0	0.06	0.49	1.85	305.6	55.35
ENSG00000121210:TMEM131L	0.98	2.66	14.44	9.49	14.11	6.52	0.34	0.86	9.07	9.19
ENSG00000121211:MND1	2.02	1.35	1.52	2.27	6.6	4.45	0.25	0.26	6.6	3.01
ENSG00000121274:TENT4B	8.36	10.27	18.77	12.74	73.52	49.07	3.63	5.91	16.02	3.16
ENSG00000121281:ADCY7	16.94	40.51	56.78	26.8	25.35	8.32	0.39	0.83	0.4	0.12
ENSG00000121289:CEP89	6.22	9.99	10.83	10.02	6.65	5.89	0.55	1.21	10.29	6.65
ENSG00000121297:TSHZ3	1	3.28	4.74	3.56	5.06	2.85	0.09	0.36	2.83	0.89
ENSG00000121310:ECHDC2	56.31	99.65	50.12	61.97	11.27	12.9	1.66	4.64	33.2	50.17
ENSG00000121316:PLBD1	35.28	36.34	50	42.43	402.4	555.83	210.84	294.29	109.2	76.8
ENSG00000121350:PYROXD1	10.33	15.3	9.87	9	15.76	13.41	0.97	1.41	8.37	2.87
ENSG00000121390:PSPC1	43.64	44.35	12.44	14.5	45.21	31.48	7.68	24.82	81.88	21.34
ENSG00000121440:PDZRN3	2.52	9.19	7.38	5.99	1.74	1.25	0.64	1.18	37.14	15.7
ENSG00000121446:RGSL1	0	0	0.53	0.24	0	0.03	0.05	0.13	0.02	0
ENSG00000121454:LHX4	2.43	3.07	0.01	0	0.03	0.07	0	0	0.15	0.05
ENSG00000121481:RNF2	26.14	25.17	49.85	37.65	65.04	62.04	6.44	10.65	31.73	5.37
ENSG00000121486:TRMT1L	9.35	12.87	21.19	18.53	17.95	23.36	6.59	13.99	2.94	3.89
ENSG00000121542:SEC22A	15.64	11.09	13.52	12.92	10.16	8.7	4.33	7.53	5.52	2.06
ENSG00000121577:POPDC2	11.01	11.78	2.2	4.18	0.27	0.09	0.81	2.96	0.29	0.75
ENSG00000121578:B4GALT4	22.7	24.83	37.99	22.41	20.64	16.37	6.2	9.54	5.76	1.51
ENSG00000121579:NAA50	54.08	54.36	51.16	34.14	59.64	57.1	4.81	6.97	127.9	76.53
ENSG00000121594:CD80	0.13	0.21	1.11	0.71	2.43	1.85	1.96	3.19	0.55	0.7
ENSG00000121621:KIF18A	1.2	0.97	1.16	0.06	2.17	1.93	0.13	0.12	1.42	0.85
ENSG00000121634:GJA8	0	0	0.02	0	0.05	0	0.02	0.07	0	0
ENSG00000121644:DESI2	21.66	20.73	20.18	13.16	15.53	8.67	5.58	12.16	25.58	8.69
ENSG00000121653:MAPK8IP1	1.18	1.01	7.51	3.9	11.67	10.13	1.64	7	21.93	73.46
ENSG00000121671:CRY2	6.82	12.03	19.72	29.07	17.3	10.92	1.73	4.81	7.21	7.83
ENSG00000121680:PEX16	10.06	11.96	41.33	31.26	69.78	62.42	1.61	3.87	22.53	37.22
ENSG00000121690:DEPDC7	0.09	0.73	2.59	24.25	9.75	8.48	2	2.55	2.53	2.68
ENSG00000121691:CAT	41.38	52.71	41.31	53.25	212.2	169.49	12.4	22.94	260.22	101.64
ENSG00000121741:ZMYM2	20.51	33.84	53.29	38.56	33.08	27.41	4.39	10.19	27.78	12.16
ENSG00000121743:GJA3	0.88	1.1	2.25	0.14	0	0	0	0	0.06	0
ENSG00000121749:TBC1D15	53.66	48.03	72.75	57.5	29.92	29.14	4.19	5.06	35.36	7.31
ENSG00000121775:TMEM39B	13.24	15.6	16.67	17.11	11.84	10.25	0.66	1.67	6.88	10.7
ENSG00000121797:CCRL2	1.89	2.13	7.79	7.37	2.55	4.07	1.68	3.95	1.1	3.68
ENSG00000121853:GHSR	0.05	0.02	0.01	0.02	0	0	9.52	12.75	0	0
ENSG00000121864:ZNF639	12.03	19.64	37.01	34.44	16.02	15.05	3.56	5.15	2.55	5.5
ENSG00000121871:SLITRK3	0	0	0	0	0	0	0.01	0.16	0.03	0.39
ENSG00000121879:PIK3CA	9.15	12.57	44.34	40.11	22.26	20.73	6.57	12.73	11.67	5.52
ENSG00000121892:PDS5A	36.05	37.82	66.17	42.24	29.51	25.84	8.02	14.02	25.9	7.74
ENSG00000121897:LIAS	6.54	8.26	27.36	24.31	13.11	15.25	2.29	3.24	17.8	6.85
ENSG00000121898:CPXM2	1.58	26.57	0.16	0.49	20.91	21.63	2.33	7.74	6.69	2.12
ENSG00000121900:TMEM54	145.68	146.1	8.17	13.23	17.01	8.33	1.62	3.88	26.04	52.74
ENSG00000121903:ZSCAN20	1.3	2.25	2.81	1.53	2.45	1.77	1.01	2.97	4.19	3.71
ENSG00000121904:CSMD2	2.35	0.99	0.06	0	0	0	0.05	0.07	0.11	0.13
ENSG00000121905:HPCA	0.4	0.65	13.02	5.66	1.24	0.75	0.07	0.09	0.05	0
ENSG00000121931:LRIF1	26.21	26.27	14.15	8.75	18.97	19.58	1.25	1.82	5.27	1.21
ENSG00000121940:CLCC1	14	19.03	25.6	23.49	16.49	15.46	3.1	5.19	9.76	5.16
ENSG00000121957:GPSM2	14.69	13.72	9.89	10.82	14.45	9.03	3.11	4.56	8.22	4.65
ENSG00000121964:GTDC1	7.43	11.41	9.05	14.01	4.31	3.69	1.09	1.76	2.06	2.96
ENSG00000121966:CXCR4	19.95	23.99	10.88	5.01	9.81	6.66	6.41	12.3	6.76	4.7
ENSG00000121988:ZRANB3	2.16	3.34	1.94	1.51	3.1	2.6	0.4	0.56	0.53	0.41
ENSG00000121989:ACVR2A	4	8.1	11.91	7.41	6.46	6.99	2.64	4.74	10.6	4.55
ENSG00000122008:POLK	9.18	13.38	9.06	6.06	11.9	10.43	2.54	4.1	6.94	0.74
ENSG00000122012:SV2C	0.04	0.01	0.27	0.07	1.09	0.91	0	0	0.11	0
ENSG00000122025:FLT3	0.03	0.03	22.01	8.13	0.49	0.49	0.01	0.03	1.16	0.09
ENSG00000122033:MTIF3	47.21	68.23	15.41	13.71	12.88	13.79	0.55	1.05	4.66	8.77
ENSG00000122034:GTF3A	23.03	29.67	26.15	20.88	15.54	12.58	2.94	6.56	3.6	8.69
ENSG00000122035:RASL11A	6.2	8.88	65.51	31.9	38.68	30.01	1.45	8.6	1.06	30.13
ENSG00000122042:UBL3	8.83	13.51	47.38	40.24	41.25	34.75	13.43	21.63	194.97	28.43
ENSG00000122068:FYTTD1	42.98	41.24	87.21	55.4	39.21	29.83	5.8	7.22	25.75	35.5
ENSG00000122121:XPNPEP2	1.64	2.3	0.09	0	1.05	2.93	0.13	0.14	3.32	5.22
ENSG00000122122:SASH3	1.84	4.78	1.69	0.83	2.8	1.15	0.35	0.82	0.32	0.22
ENSG00000122140:MRPS2	16.55	21.13	19.19	15.2	85.65	78.98	1.95	6.53	14.97	73.52
ENSG00000122145:TBX22	0	0	0.02	0	0	0	0	0	0.26	0.21
ENSG00000122176:FMOD	7.7	34.93	10.33	5.84	7.1	12.3	5.57	20.58	0.09	0
ENSG00000122180:MYOG	0.07	0	0.03	0.17	0	0	0.03	0.07	0.05	0.04
ENSG00000122188:LAX1	0.16	0.23	1.19	2.15	0.8	0.81	0.42	0.78	0.06	0.1
ENSG00000122194:PLG	2.15	7.78	0.17	7.73	15.32	3.73	0.02	0.01	1.19	0.38
ENSG00000122218:COPA	67.76	82.1	164.89	124.89	90.93	86.27	21.34	36.45	59.22	39.1
ENSG00000122223:CD244	0.11	0.31	4.14	7.27	0.22	0.11	0.37	0.06	0.15	0.08
ENSG00000122224:LY9	0.26	0.5	0.7	0.77	6.38	2	0.38	0.58	0.08	0
ENSG00000122254:HS3ST2	0.02	0.03	0.02	0	0	0	0.05	0.45	0.36	4.14
ENSG00000122257:RBBP6	122.08	129.22	52.26	39.31	47.14	48.53	3.98	8.8	88.51	22.89
ENSG00000122299:ZC3H7A	53.91	66.1	130.25	120.45	29.85	23.34	3.77	5.27	11.33	6.74
ENSG00000122335:SERAC1	3.32	4	3.89	3.75	5.02	4.69	2.35	4.33	15.04	4.31
ENSG00000122367:LDB3	1.69	3.44	1.06	1.13	0.02	0	0.02	0.21	1.11	0.37
ENSG00000122375:OPN4	0	0.04	0.14	0	0	0	0	0.07	0.21	0
ENSG00000122376:SHLD2	7.13	9.73	6.37	3.82	5.46	5.62	0.67	1.13	1.73	3.22
ENSG00000122386:ZNF205	3.98	4.37	2.86	1.91	25.72	25.87	1.45	5.35	4.22	6.75
ENSG00000122390:NAA60	31.79	42.21	35.13	34.21	41.47	34.71	3.97	12.04	27.28	8.15
ENSG00000122417:ODF2L	15.01	20.54	15.33	16.6	21.22	31.55	0.57	1.26	13.01	13.87
ENSG00000122432:SPATA1	0.39	0.25	5.42	7.32	0	0	1.03	2.69	1.88	0.65
ENSG00000122435:TRMT13	13.01	15.98	9.46	4.74	25.46	31.15	2.81	5.04	6.47	6.78
ENSG00000122477:LRRC39	1.56	2.62	1.77	1.9	0	0	0.03	0.04	1.63	0.65
ENSG00000122481:RWDD3	11.23	16.86	2.31	2.23	1.98	1.62	0.7	1.59	9.51	5.08
ENSG00000122482:ZNF644	25.63	31.33	16.77	9.44	16.96	16.44	7.1	12.2	5.12	1.38
ENSG00000122483:CCDC18	2.41	1.78	0.55	1.58	3.01	3.55	0.52	0.78	1.65	0.56
ENSG00000122484:RPAP2	8.45	7.81	13.35	9.11	6.67	6.59	3.13	4.93	3.51	5.61
ENSG00000122490:SLC66A2	6.84	11.15	19.62	15.71	40.58	30.66	1.65	3.63	3.46	0.51
ENSG00000122507:BBS9	4.3	5.24	7.64	7.81	2.35	1.95	1.23	1.88	4.15	1.1
ENSG00000122512:PMS2	10.03	14.64	5.64	7.26	4.86	4.09	0.8	1.17	4.05	3.45
ENSG00000122515:ZMIZ2	22.27	46.1	31.91	25.59	23.99	17.61	0.61	2.25	14.33	18.5
ENSG00000122545:SEPTIN7	116.67	157.53	93.1	85.48	120.81	102.83	34.85	54.8	612.86	140.27
ENSG00000122550:KLHL7	8.59	8.53	11.78	9.48	3.99	4.75	1.05	2.29	17.12	17.98
ENSG00000122557:HERPUD2	20.74	23.42	50.09	32.1	60.78	51.21	4.87	7.78	14.91	31.24
ENSG00000122566:HNRNPA2B1	579.61	793.04	426.69	330.92	861.03	821.62	40.73	87.73	578.27	433.48
ENSG00000122574:WIPF3	0.18	0.22	7.92	3.67	2.83	2.38	0.08	0.27	0.15	0.03
ENSG00000122584:NXPH1	0.15	0.15	0	0	0	0	0.02	0.02	0.42	0.13
ENSG00000122585:NPY	0	0	5.27	9.74	0.18	0.38	0	0	0	0
ENSG00000122591:HYCC1	26.31	34.8	12.62	11.32	17.23	33.27	4.39	6.32	3.17	3.37
ENSG00000122592:HOXA7	0.31	0.03	1.5	0.36	0.71	1.13	0.09	0.14	1.37	0.96
ENSG00000122641:INHBA	146.18	148.24	299.22	133.39	26.76	18.84	0.31	0.97	3.73	0.39
ENSG00000122642:FKBP9	49.52	72.72	148.81	100.62	72.76	59.1	9.35	25.8	130.07	69.22
ENSG00000122644:ARL4A	35.2	28.17	27.91	40.54	31.9	31.38	1.59	2.99	17.41	8.38
ENSG00000122678:POLM	11.92	14.64	42.03	16.55	2.35	2.35	0.59	2.18	11.96	36.19
ENSG00000122679:RAMP3	17.75	10.51	81.67	43.93	31.22	39.74	0.79	6.71	13.44	5.23
ENSG00000122687:MRM2	12.99	13.44	5.76	5.03	39.64	32.7	2.47	6.25	16.44	19.99
ENSG00000122691:TWIST1	70.88	88.36	1.01	1.92	1.66	1.18	0.51	2.09	0.3	0.74
ENSG00000122694:GLIPR2	1.74	4.73	11.18	13.24	128.47	177.59	1.59	3.7	18.62	47.28
ENSG00000122705:CLTA	130.06	167.97	222	207.68	335.32	331.66	36.63	67.97	356.88	274.49
ENSG00000122707:RECK	4.56	6.16	6.25	4.97	2.22	2.12	2.68	5.78	2.77	0.83
ENSG00000122711:SPINK4	0	0	0.74	0	0	0	2.5	0.45	0	0.34
ENSG00000122729:ACO1	14.4	14.76	37.63	28.96	35.71	25.4	11.68	24.77	31.24	13.14
ENSG00000122733:PHF24	0.09	0.21	0.12	0.05	0.04	0	0.02	0.07	0.07	0.03
ENSG00000122735:DNAI1	0.16	0.08	8.3	3.21	1.28	2.49	0	0.01	3.76	2.68
ENSG00000122741:DCAF10	9.6	8.43	19.03	12.74	9.48	6.96	2.78	6.03	4.81	4.27
ENSG00000122756:CNTFR	0.13	3.93	0.54	0.67	0.26	0.4	0.05	0.45	8.32	33.08
ENSG00000122778:KIAA1549	4.24	5.29	5.73	2.57	4.3	2.25	0.59	1.57	1.31	0.54
ENSG00000122779:TRIM24	11.63	14.34	26.37	24.28	16.78	13.5	2.78	5.16	13.11	6.53
ENSG00000122786:CALD1	136.49	221.95	141.68	83.1	409.43	347.51	45.89	104.31	316.11	13.12
ENSG00000122787:AKR1D1	0.26	0.17	0.02	0	3	0.99	0.08	0.07	0.29	0
ENSG00000122861:PLAU	58.93	67.05	56.7	38.66	24.18	26.04	21.8	44.47	8.71	53.37
ENSG00000122862:SRGN	67.52	84.55	1502.57	2308.85	434.46	563.36	6.4	9.14	27.29	12.87
ENSG00000122870:BICC1	0.31	1.64	7.33	8.08	3.6	2.21	9.48	18.51	1.74	1.27
ENSG00000122873:CISD1	7.85	8.49	32.74	67.87	34.45	40.84	17.96	29.34	56.41	168.28
ENSG00000122877:EGR2	0.21	1.08	0.46	0.27	0.17	0.54	1.65	6.79	0	0.39
ENSG00000122882:ECD	18.02	21.58	14.27	11.25	11.67	14.15	1.84	3.19	56.34	48.32
ENSG00000122884:P4HA1	16.43	20.52	140.94	106.83	23.27	26.69	11.08	20.99	76.68	111.94
ENSG00000122912:SLC25A16	20.39	24.37	12.17	8.3	12.42	8.95	1.54	2.06	9.05	3.64
ENSG00000122958:VPS26A	60.52	64.92	51.86	60.88	142.34	95.5	7.72	10.79	74.06	28.65
ENSG00000122965:RBM19	7.63	11.5	9.01	8.43	16.09	13.65	5.9	13.16	12.17	7.47
ENSG00000122966:CIT	2.32	2.36	1.38	1.14	2.68	2.77	0.07	0.14	1.12	0.23
ENSG00000122970:IFT81	2.79	4.15	5.6	5.39	3.86	2.82	0.44	0.9	28.68	8.85
ENSG00000122971:ACADS	7.77	8.81	44.88	37.73	69.07	61.13	2.73	5.13	14.88	63.57
ENSG00000122986:HVCN1	2.07	5.31	9.53	16.88	2.84	1.79	0.45	0.57	5.5	6.89
ENSG00000123064:DDX54	25	34.07	23.09	22.94	24.67	21.68	3.09	9.64	30.68	39.89
ENSG00000123066:MED13L	39.11	45.32	21.9	9.57	41.52	22.49	3.61	9.32	8.6	1.49
ENSG00000123080:CDKN2C	2.24	3.77	3.18	1.49	45.87	33.9	0.36	0.85	1.42	2.85
ENSG00000123091:RNF11	148.83	132.32	103.39	67.64	76.85	68.61	18.25	34.32	33.07	12.92
ENSG00000123094:RASSF8	23.64	20.98	91.44	73.34	76.82	79.9	1.63	2.7	16.66	0.66
ENSG00000123095:BHLHE41	6.7	19.68	35.78	14.54	6.99	8.62	0.3	1.16	2.89	0.56
ENSG00000123096:SSPN	3.55	3.05	6.19	3.69	5	5.36	3.25	8.86	0.34	0.27
ENSG00000123104:ITPR2	4.32	10.9	8.27	17.47	3.2	3.2	7.03	13.6	9.68	0.81
ENSG00000123106:CCDC91	12.14	14.3	15.79	16.79	26.17	23.19	2.44	4.68	11.48	7.8
ENSG00000123124:WWP1	34.03	38.64	15.55	11.28	36.16	17.29	3.67	6.04	27.09	6.76
ENSG00000123131:PRDX4	45.48	63.26	265.76	177.21	97.58	77.54	1.28	2.45	13.82	79.19
ENSG00000123136:DDX39A	26.06	31.35	21.44	24.52	70.47	77.53	5.16	8.81	39.8	69
ENSG00000123143:PKN1	20.34	24.94	38.64	28.1	128.16	149.05	8.45	24.68	20.12	31.67
ENSG00000123144:TRIR	154.36	194.97	93.22	121.19	173.98	179.7	17.09	36.5	60.65	64.84
ENSG00000123146:ADGRE5	45.93	21.15	35.56	39.52	46.11	42.45	3.79	9.25	3.28	3.1
ENSG00000123154:WDR83	9.11	12.28	11.94	12.01	55.15	40.55	1.12	2.71	14.8	35.74
ENSG00000123159:GIPC1	42.78	52.29	60.08	61.1	61.3	52.54	5.89	12.38	64.21	66.95
ENSG00000123171:CCDC70	0	0	0	1.2	0.57	0.11	0	0	0	0.24
ENSG00000123179:EBPL	13.47	17.54	3.59	3.89	21.31	26.89	0.71	1.7	3.79	2.98
ENSG00000123191:ATP7B	6.66	12.01	0.88	11.36	9.07	3.98	1.27	3.54	0.11	0.43
ENSG00000123200:ZC3H13	17.95	21.06	16.43	15.95	42.49	40.61	3.24	8.2	87.41	10.57
ENSG00000123213:NLN	3.31	3.93	11.03	6.44	0.72	0.26	0.41	0.68	9.44	3.91
ENSG00000123219:CENPK	5.63	5.59	0.93	0.32	5.47	5.81	0.4	0.5	3.6	2.52
ENSG00000123240:OPTN	23.8	40.84	44.24	32.37	67.06	43.32	11.93	18.19	10.05	4.89
ENSG00000123243:ITIH5	138.99	183.46	14.51	11.91	22.48	7.17	1.75	5.95	0.99	0.82
ENSG00000123268:ATF1	24.94	28.36	48.14	41.02	34.64	31.99	3.84	7.17	25.5	10.62
ENSG00000123297:TSFM	9.85	9.96	14.72	20.73	22.77	18.29	2.57	5.02	64.08	54.96
ENSG00000123338:NCKAP1L	3.89	10.27	11.05	6.2	15.73	17.67	1.18	1.65	0.91	0.54
ENSG00000123342:MMP19	10.87	10.55	3.58	3.74	35.9	34.79	0.51	0.76	23.94	25.85
ENSG00000123352:SPATS2	6.56	5.88	57.24	34.55	9.29	11.62	2.46	4.94	10.74	1.99
ENSG00000123384:LRP1	39.15	77.2	211.23	172.1	94.91	76.18	2.23	7.74	30.03	6.14
ENSG00000123411:IKZF4	4.34	5.64	0.9	5.21	0.58	0.9	0.12	0.33	2.57	2.59
ENSG00000123415:SMUG1	38.65	36.12	9.65	8.26	17.28	21.06	1.14	3.09	6.95	9.09
ENSG00000123416:TUBA1B	246.31	264.04	270.09	225.97	651.01	637.84	103.93	191.17	264.83	426.83
ENSG00000123427:EEF1AKMT3	2.02	2.45	0.41	0.03	5.53	4.14	0.54	0.87	4.13	22.16
ENSG00000123444:KBTBD4	6.6	6.03	12.27	9.21	8.5	7.97	2.21	3.65	4.19	4.34
ENSG00000123453:SARDH	0.24	1.01	2.07	5.22	0.62	0.37	0	0	3.93	3.98
ENSG00000123454:DBH	1.03	1.31	0	0	0	0	0	0	0.06	0.3
ENSG00000123472:ATPAF1	41.59	46.15	15.41	13.87	22.97	19.74	4.23	7.83	60.43	39.88
ENSG00000123473:STIL	1.91	1.42	0.39	0.81	1.83	1.68	0.44	0.8	3.73	3.16
ENSG00000123485:HJURP	2.92	2.37	35.58	11.76	7.12	5.36	0.04	0.08	0.91	0.59
ENSG00000123496:IL13RA2	13.44	2.66	0.06	0.27	0	0	0.03	0.05	0.1	0.05
ENSG00000123545:NDUFAF4	10.18	8.99	5.62	6.48	11.35	9.62	1.34	2.3	4.43	4.26
ENSG00000123552:USP45	5.68	8.13	6.73	4.1	4.97	3.81	1.19	2.23	3.1	0.83
ENSG00000123560:PLP1	0	0	0.95	1.13	0	0	0.32	0.53	0.74	0.76
ENSG00000123561:SERPINA7	0	0.02	0.2	0	0	0	0	0	0.11	0.1
ENSG00000123570:RAB9B	0.18	0.19	0.15	0	0.14	0.02	0	0	0	0
ENSG00000123595:RAB9A	15.96	25.84	41.78	43.65	84.5	82.75	13.71	26.56	76.56	43.67
ENSG00000123600:METTL8	4.64	4.21	7.3	5.91	2.98	3.16	0.39	0.9	19.8	14.32
ENSG00000123607:TTC21B	7.19	7.4	2.19	2.58	4.78	5.6	1.23	1.74	6.89	3.38
ENSG00000123610:TNFAIP6	0.18	0.4	0.25	0.1	46.3	60.8	6.27	15.22	0.53	0.22
ENSG00000123612:ACVR1C	0.21	0.11	0.04	0.02	0	0	0	0	0.48	0.12
ENSG00000123636:BAZ2B	45.39	47.95	30.1	14.19	7.12	7.01	2.69	4.9	46.73	3.39
ENSG00000123684:LPGAT1	7.91	8.79	40.83	32.75	26.19	16.31	1.38	2.87	3.42	1.38
ENSG00000123685:BATF3	2.63	4.75	13.5	7.76	12.02	4.6	0.45	0.83	1.35	0.59
ENSG00000123700:KCNJ2	3.74	7.42	0.8	1.38	0.56	0.4	0.31	0.45	0.62	0.41
ENSG00000123728:RAP2C	25.61	22.65	32.74	19.52	88.14	98.59	4.18	6.93	6.73	6.71
ENSG00000123737:EXOSC9	17.16	19.97	20.08	19.75	28.83	29.32	1.42	2.18	55.49	76.73
ENSG00000123810:B9D2	2.62	3.33	5.52	3.97	5.93	5.84	0.63	1.3	9.45	49.17
ENSG00000123815:COQ8B	5.73	9.79	15.58	15.31	15.33	18.63	1.03	2.36	9.15	25.59
ENSG00000123836:PFKFB2	1.49	2.94	17.47	12.07	14.42	10.48	1.72	3.12	2.81	1.33
ENSG00000123892:RAB38	9.22	6.89	0	0	12.65	5.68	0.51	1.31	3.7	4.23
ENSG00000123901:GPR83	0.06	0.08	0.08	0	4.19	4.63	0.01	0	0.04	0
ENSG00000123908:AGO2	11.7	16.19	30.45	16.55	22.29	13.2	2.54	7.96	1.39	0.46
ENSG00000123933:MXD4	35.97	57.39	92.48	74.92	39.48	34.67	2.34	6.55	59.27	34.01
ENSG00000123975:CKS2	20.89	18.49	19.2	19.64	113.04	95.76	14.79	41.96	19.88	38.3
ENSG00000123983:ACSL3	32.36	46.54	41.1	35.69	112.47	105.18	7.09	15.58	14.24	2.67
ENSG00000123989:CHPF	110.42	92.97	49.92	39.69	49.61	45.54	0.69	2.66	16.77	26.74
ENSG00000123992:DNPEP	36.1	40.32	86.05	120.91	45.54	33.88	4.87	13.98	31.73	63.37
ENSG00000123999:INHA	74.1	32.22	5.62	7.51	0.31	0.45	0.1	0.36	1.1	0
ENSG00000124006:OBSL1	73.87	101.65	82.31	61.1	8.43	10.32	1.49	5.4	1.58	2.07
ENSG00000124019:FAM124B	7.09	10.43	0.95	0.91	1.04	1.41	1.63	2.52	0.14	0
ENSG00000124067:SLC12A4	67.67	76.18	40.53	33.51	29.82	22.51	2.35	6.18	18.78	23.61
ENSG00000124074:ENKD1	10.23	14.39	1.77	1.27	2.41	3.04	0.06	0.25	4.93	6.77
ENSG00000124089:MC3R	0	0	0.02	0	0	0	0	0	0	0
ENSG00000124091:GCNT7	0.33	0.54	0.27	0.5	0.65	1.81	0.32	0.63	3.17	1.14
ENSG00000124092:CTCFL	0.19	0.05	0.36	0.11	0.06	0	0.05	0.02	0	0
ENSG00000124098:FAM210B	25.63	22.73	8.78	26.46	123.31	128.11	4.7	8.57	1.94	0.4
ENSG00000124104:SNX21	5	8.86	35.18	25.09	16.82	11.79	0.69	2.01	3.43	21.27
ENSG00000124116:WFDC3	0.15	0.9	1.53	0.79	3.8	1.95	0.07	0.03	0	0
ENSG00000124120:TTPAL	3.18	3.45	25.88	27.48	8.85	3.33	1	2.42	0.57	0.29
ENSG00000124126:PREX1	6.38	10.82	49.48	26.57	9.17	7.81	1.33	4.35	4.17	1.15
ENSG00000124134:KCNS1	0.03	0.04	0.27	0.5	0.06	0.03	0	0	0.34	0.18
ENSG00000124140:SLC12A5	0.48	1.47	0.3	0.47	0	0.06	0.05	0.13	0.02	0
ENSG00000124145:SDC4	21.07	35.9	169.81	148.3	307.57	259.16	33.66	63.91	490.32	191.91
ENSG00000124151:NCOA3	65.93	70.78	28.6	15.47	21.68	17.05	3.36	7.6	7.01	1.54
ENSG00000124155:PIGT	55.39	68.5	62	46.36	35.67	26.3	3.32	7.72	76.58	193.19
ENSG00000124159:MATN4	0.15	0.07	0.38	0.26	1.4	0.4	0	0	2.33	3.04
ENSG00000124160:NCOA5	19.48	23.36	28.19	20.76	19.35	17.28	2.32	4.8	15.31	6.19
ENSG00000124164:VAPB	25.76	30.33	38.25	41.52	0	0	6.35	15.64	66.36	22.92
ENSG00000124177:CHD6	10.05	11.58	15.89	13.17	4.56	4.25	1.57	5.05	24.19	3.36
ENSG00000124181:PLCG1	22.32	37.31	66.09	39.85	37.12	26.13	1.23	3.39	22.6	10.28
ENSG00000124191:TOX2	0.95	3.92	8.47	3.35	0.7	0.97	0.02	0.09	1.86	1.55
ENSG00000124193:SRSF6	127.58	176.29	109.33	90.65	111.79	107.68	16.33	40.26	202.47	116.53
ENSG00000124194:GDAP1L1	0.12	0.03	0.33	0.32	0	0	0.02	0.02	0	0.03
ENSG00000124198:ARFGEF2	15.54	13.82	19.86	13.42	21.07	20.6	4.6	10.47	12.23	1.25
ENSG00000124201:ZNFX1	9.1	11.04	25.9	16.33	22.2	16.56	2.94	6.76	17.71	6.96
ENSG00000124205:EDN3	0.06	0.12	0.29	1.16	0	0	1.07	2.89	44.98	7.7
ENSG00000124207:CSE1L	47.61	46.27	42.47	25.25	33.8	28.66	9.43	13.73	20.81	8.52
ENSG00000124209:RAB22A	8.61	10.35	34.21	23.53	30.05	19.41	2.3	4.64	73.42	23.8
ENSG00000124212:PTGIS	0.23	0.8	3.36	3.25	0.61	0.35	1.08	2.73	0.27	0.15
ENSG00000124214:STAU1	43.41	50.99	71.94	50.27	72.43	63.88	6.39	15.06	64.97	23.58
ENSG00000124216:SNAI1	10.35	10.68	36.15	20.69	13.86	8.27	3.48	14.84	1.87	6.11
ENSG00000124217:MOCS3	3.14	3.44	6.18	4.43	5.94	5.9	1.75	2.65	3.68	7.53
ENSG00000124222:STX16	45.04	61.34	39.79	30.84	20.84	19.59	2.69	5.88	43.04	16.12
ENSG00000124225:PMEPA1	0.75	2.63	90.87	25.93	53.96	54.24	0.69	1.73	5.63	2.83
ENSG00000124226:RNF114	57.93	67.83	50.43	44.74	41.35	35.68	5.59	9.4	187.6	224.24
ENSG00000124228:DDX27	15.24	20.67	38.21	26.55	35.1	35.04	2.03	5.37	25.66	38.16
ENSG00000124232:RBPJL	0	0	0.05	0.02	1.73	1.54	0.01	0.01	1.24	3.2
ENSG00000124237:CIMIP1	0	0	0	0	0	0	0	0	1.98	1.12
ENSG00000124249:KCNK15	0	0.02	0.05	0	0.04	0	0	0	0	0.05
ENSG00000124253:PCK1	0.02	0.43	0.4	0.36	0.04	0.11	0.05	0.05	238.41	124.33
ENSG00000124275:MTRR	20.84	22.14	7.1	7.74	7.97	7.88	1.24	3.64	3.66	0.83
ENSG00000124279:FASTKD3	3.73	5.09	12.5	15.73	2.51	1.98	0.64	0.95	2.47	2.66
ENSG00000124299:PEPD	12.59	26.56	47.3	39.73	155.61	146.51	15.5	32.44	22.45	47.66
ENSG00000124302:CHST8	0.02	0.97	7.68	10.57	0.45	0.32	3.85	0.68	0	0.06
ENSG00000124313:IQSEC2	5.32	8.86	6.46	4.47	3.1	2.49	0.5	1.49	8.04	4.6
ENSG00000124334:IL9R	0	0	0.28	0.18	0.18	0.09	0.05	0.09	0	0.03
ENSG00000124356:STAMBP	24.64	24.55	17.33	17.44	22.26	19.31	2.19	3.6	12.05	43.1
ENSG00000124357:NAGK	82.99	103.56	61.79	58.32	45.64	64.54	5.24	11.54	91.36	219.24
ENSG00000124370:MCEE	8.62	18.37	26.1	36.31	22.45	19.33	2.17	4.73	59.42	44.05
ENSG00000124374:PAIP2B	0.75	0.63	14.63	9.36	2.83	3.28	1.51	3.47	15.79	7.16
ENSG00000124383:MPHOSPH10	15.61	21.44	19.25	17.47	15.74	16.04	2.55	3.1	50.17	29.25
ENSG00000124391:IL17C	0.15	0.06	0.16	0	0.25	0	0.02	0.11	0	0.05
ENSG00000124406:ATP8A1	5.51	0.37	4.74	4.99	14.48	16.27	19.19	43.09	6.64	1.25
ENSG00000124422:USP22	48.01	57.97	69.56	38.1	161.71	155.65	3.74	10.53	53.84	41.29
ENSG00000124429:POF1B	0.54	4.25	0.06	0	2.86	2.36	0	0	20.94	3.59
ENSG00000124449:IRGC	0	0.08	0.06	0	0.68	0.35	0.03	0.4	0	0
ENSG00000124479:NDP	0	0.13	0.02	0	18.98	26.3	0.01	0.02	0.26	0.15
ENSG00000124490:CRISP2	0.03	0.04	0.04	0	2.7	17.07	0	0	0.07	0.07
ENSG00000124491:F13A1	115.44	307.73	3.29	9.75	7.31	1.61	2.48	3.81	3.18	0.68
ENSG00000124493:GRM4	0.04	0.09	1.03	1.09	0.06	0	0	0.01	0.05	0.15
ENSG00000124496:TRERF1	1.41	2.67	2.27	1.75	1.95	1.78	0.12	0.39	0.56	0.22
ENSG00000124507:PACSIN1	0.05	0.08	1.68	0.09	3.65	1.23	0.02	0.1	0.36	0.09
ENSG00000124508:BTN2A2	1.02	3.41	0.73	1.15	0.05	0.08	0.24	1.09	3.7	1.55
ENSG00000124523:SIRT5	8.66	10.51	28.26	15.59	27.95	26.66	1.49	2.45	0.76	1.79
ENSG00000124532:MRS2	19.29	24.9	16.58	14.2	30.06	20.86	5.35	7.27	1.85	3.14
ENSG00000124535:WRNIP1	34.6	45.4	20.79	25.84	36.37	32.58	5.16	16.01	9.78	10.83
ENSG00000124541:RRP36	28.86	33.16	29.48	21.73	10.87	12.19	2.69	5.75	38.78	19.92
ENSG00000124557:BTN1A1	0.04	0.3	2.61	2.63	0	0	0.03	0	2.4	0.27
ENSG00000124571:XPO5	9.75	9.85	16.47	12.48	11.39	10.52	6.41	13.64	12.13	11.06
ENSG00000124574:ABCC10	24.84	33.51	6.61	6.79	3.92	3.94	1.42	5.11	19.43	14.57
ENSG00000124587:PEX6	4.04	9.47	27.39	23.44	14.94	17.21	0.88	2.64	15.19	15.98
ENSG00000124602:UNC5CL	0.94	3.84	0.84	2.01	0.18	0.18	0.07	0.15	0.19	0.14
ENSG00000124608:AARS2	3.35	3.86	5.87	6.88	8.67	9.87	0.67	2.27	6.49	14.09
ENSG00000124615:MOCS1	15.31	22.38	11.61	11.24	21.42	10.38	1.04	5.17	1.3	0.48
ENSG00000124641:MED20	9.31	11.86	17.28	14.08	11.04	11.03	0.65	1.2	18.44	25.37
ENSG00000124659:TBCC	8.34	9.21	26.48	24.57	50.09	55.94	1.57	3.76	14.22	12.71
ENSG00000124664:SPDEF	0.03	0.06	0.39	0.65	0.66	0.04	0.01	0.01	0.35	24.85
ENSG00000124688:MAD2L1BP	8.51	7.25	16.39	20.94	6.65	5.79	0.57	1.1	9.36	9.14
ENSG00000124701:APOBEC2	1.12	3.05	0.72	4.4	0.31	0.29	0.06	0.07	2.02	10.39
ENSG00000124702:KLHDC3	42.51	46.23	54.59	62.14	79.36	75.71	3.42	8.97	10.52	39.57
ENSG00000124721:DNAH8	0.19	0.2	0.45	0	0	0	0.03	0.03	0.01	0.01
ENSG00000124731:TREM1	39.93	6.84	0.14	0.19	2.69	2.77	0.05	0	0.41	0.97
ENSG00000124743:KLHL31	1.04	2.18	0.01	0.01	0.06	0.06	0	0.01	0.44	0.03
ENSG00000124762:CDKN1A	85.31	53.8	58.26	63.57	129.67	93.36	13.22	31.07	163.64	206.57
ENSG00000124766:SOX4	3.4	6.12	31.07	12.48	24.99	18.66	1.79	4.44	16.96	11.89
ENSG00000124772:CPNE5	0.27	1.06	2.51	1.51	0	0.06	0.05	0.09	0.35	0.7
ENSG00000124783:SSR1	68.63	61.7	75.16	52.54	144.4	118.9	11.7	21.76	43.06	23.63
ENSG00000124784:RIOK1	12.78	15.49	19.34	16.01	12.88	10.09	0.61	1.33	25.62	18.96
ENSG00000124785:NRN1	21.09	37.06	2.8	2.37	7.27	5.2	0.01	0.02	0.06	0
ENSG00000124786:SLC35B3	17.78	19.4	37.58	24.7	10.15	11.25	0.82	1.31	2.99	2.67
ENSG00000124787:RPP40	3.23	3.78	6.12	6.47	2.47	2.54	0.44	1.33	2.57	2.23
ENSG00000124788:ATXN1	4.19	9.17	5.88	6.25	4.18	3.31	0.64	2.14	2.83	2.26
ENSG00000124789:NUP153	29.82	28.12	42.3	22.88	31.12	32.09	5.44	10.67	18.18	8.86
ENSG00000124802:EEF1E1	13.02	11.73	11.51	6.45	27.35	19.95	1.35	2.17	9.45	12.29
ENSG00000124812:CRISP1	0	0	0	0	0	0	0.3	1.09	0	0
ENSG00000124813:RUNX2	0.74	1.9	4.41	3.68	2.41	1.33	0.08	0.14	2.65	1.82
ENSG00000124818:OPN5	0.04	0	0	0	0	0	0	0	0	0
ENSG00000124827:GCM2	0	0	0.02	0	0	0	0	0.03	0.06	0
ENSG00000124831:LRRFIP1	37.33	66.54	39.47	41.3	154.09	134.49	15.84	34.39	106.7	19.69
ENSG00000124839:RAB17	16.25	15.05	0.62	18.66	3.23	9.4	2.35	6.24	17.19	14.68
ENSG00000124882:EREG	0.13	0.09	0.04	0.02	0.1	0.14	0.31	0.25	0.26	0.05
ENSG00000124942:AHNAK	72.75	114.37	189.39	125.82	278.85	330.32	16.7	50.31	105.86	11.37
ENSG00000125037:EMC3	31.11	25.48	83.48	72.27	174.17	164.14	4.92	7.16	89.33	91.68
ENSG00000125046:SSUH2	0.41	0.29	0.97	1.33	4.17	3.44	0	0.01	2.03	1.33
ENSG00000125084:WNT1	0	0	0	0	0	0	0	0.02	0	0
ENSG00000125089:SH3TC1	3.34	8.47	37.05	30.42	5.74	5.07	0.5	1.23	9.2	9.62
ENSG00000125107:CNOT1	71.34	92.63	68.86	53.5	46.2	37.91	7.05	14.03	69.57	23.36
ENSG00000125124:BBS2	16.73	16.98	7.82	6.83	9.83	8.07	0.63	1.67	8.06	7.28
ENSG00000125149:PHAF1	9.49	12.81	28.01	48.44	17.12	16.82	2.73	5.31	8.96	5.12
ENSG00000125166:GOT2	23.38	23.02	65.32	54.13	69.84	66.47	15.67	25.9	115.41	189.14
ENSG00000125170:DOK4	5.07	6.35	8.82	16.52	11.31	8.89	1.68	5.16	14.16	10.44
ENSG00000125207:PIWIL1	0.05	0.03	0	0.06	0	0	0	0	0.36	0.05
ENSG00000125245:GPR18	0.34	0.49	0.16	0.11	1.66	0.78	0.31	0.19	0.41	0.23
ENSG00000125246:CLYBL	1.68	2.45	12.39	13.77	14.11	12.27	0.43	0.9	4.51	5.71
ENSG00000125247:TMTC4	4.54	5.49	5.13	3.09	24.65	18.42	0.81	1.84	4.44	3.2
ENSG00000125249:RAP2A	8.43	15.31	18.12	10.59	5.14	4.25	3.12	6.84	4.08	0.77
ENSG00000125255:SLC10A2	0.03	0.07	0	0	0.77	0.68	0.01	0.01	0.08	0.25
ENSG00000125266:EFNB2	17.19	27.05	29.34	16.97	53.72	73.09	3.29	12.05	5.83	1.86
ENSG00000125304:TM9SF2	171.28	151.46	140.92	113.99	220.2	228.4	27.92	49.66	61.36	53.79
ENSG00000125319:HROB	1.31	1.01	0.24	0.2	1.39	1.27	0.01	0	0.32	0.42
ENSG00000125347:IRF1	28.8	30.17	30.99	22.86	14.78	12.06	4.06	10.05	5.61	29.67
ENSG00000125351:UPF3B	7.02	8.19	12.88	10.25	24.76	27.67	0.53	0.79	52.9	27.39
ENSG00000125354:SEPTIN6	35.3	41.69	9.57	6.03	4.51	3.3	0.32	0.74	19.55	3.13
ENSG00000125355:TMEM255A	0.07	0.08	0.93	1.61	0.8	0.32	0.04	0.1	0.21	0.06
ENSG00000125375:DMAC2L	5.46	6.77	17.61	21.37	8.25	17.44	1.9	2.34	2.78	1.02
ENSG00000125378:BMP4	7.91	22.65	32.13	18.4	19.99	15.18	2.61	7.35	5.2	10.36
ENSG00000125384:PTGER2	2.51	7.98	0.78	0.23	5.26	1.05	0.22	0.09	0.75	1.03
ENSG00000125386:FAM193A	12.48	19.83	27.76	16.21	19.01	15.24	1	4.53	25.84	9.12
ENSG00000125388:GRK4	1.6	2.76	3.35	5.83	11.72	9.36	0.29	0.93	14.36	7.66
ENSG00000125398:SOX9	0.01	0.4	10.99	3.62	0.29	0.08	0.42	0.87	0.96	0.56
ENSG00000125409:TEKT3	0.28	0.78	0	0	0.25	0.39	0	0	0.04	0.08
ENSG00000125445:MRPS7	30.33	32.44	35.37	32.13	42.25	35.71	4	6.2	49.47	46.7
ENSG00000125450:NUP85	20.98	37.93	24.48	27.08	36.3	30.72	1.49	3.57	35.82	71.72
ENSG00000125454:SLC25A19	2.68	4.33	11.36	8.07	9.38	11.42	0.18	0.46	9.82	5.29
ENSG00000125457:MIF4GD	11.8	15.42	19.33	26.9	30.84	23.86	3.79	9.4	95.78	39.04
ENSG00000125458:NT5C	11.92	18.05	24.28	34.22	22.94	20.98	0.98	3.05	27.62	42.31
ENSG00000125459:MSTO1	19.23	23.69	16.09	12.89	19.54	16.48	0.58	1.61	5.45	20.42
ENSG00000125482:TTF1	5.07	6.88	13.55	9.75	14.07	15.56	1.38	4.07	18.33	6.99
ENSG00000125484:GTF3C4	4.66	5.12	11.45	6.66	6.82	4.44	1.06	2.53	1.31	1.1
ENSG00000125485:DDX31	2.25	1.95	4.79	3.15	80.87	73.73	0.35	1.53	1.48	2.16
ENSG00000125492:BARHL1	0	0.06	0.07	0	0	0	0	0	0.41	0
ENSG00000125505:MBOAT7	35.26	39.91	58.66	40.49	25.47	16.63	1.94	5.15	17.19	57.09
ENSG00000125508:SRMS	0	0	0.56	0.65	0.79	0.71	0	0.02	0.07	8.54
ENSG00000125510:OPRL1	0.55	0.88	0.06	0.13	0.03	0.06	0.01	0.04	0	0
ENSG00000125531:FNDC11	0.05	0.43	0	0	0.17	0.08	0	0	0.06	0
ENSG00000125533:BHLHE23	0	0	0	0	0	0	0	0	0	0
ENSG00000125611:CHCHD5	15.04	17.84	12.83	14.71	22.68	18	0.6	1.03	19.9	52.39
ENSG00000125630:POLR1B	2.96	3.84	10.22	6.12	13.54	11.57	2.87	4.29	7.87	7.95
ENSG00000125633:CCDC93	30.65	29.27	12.08	8.81	14.5	13.01	2.83	5.81	37.91	13.54
ENSG00000125657:TNFSF9	0.15	0.04	11.93	21.64	0.34	0.53	0.31	0.81	3.6	2.16
ENSG00000125675:GRIA3	0.12	0	1.05	0.7	2.26	1.67	0	0.01	8.75	1.48
ENSG00000125686:MED1	12.42	13.2	15.71	11.64	26.03	21.14	2.42	4.09	17.19	5.29
ENSG00000125691:RPL23	403.59	539.95	515.62	637.03	2582.08	2256.74	343.49	534.03	38.04	174.2
ENSG00000125703:ATG4C	11.82	11.31	11.66	8.95	6.99	6.48	3.85	6.71	33.87	9.85
ENSG00000125726:CD70	0.18	0.14	0	0	0	0	0.01	0	0.18	0.45
ENSG00000125730:C3	4.3	28.63	17.41	123.91	9.58	4.39	1.22	1.67	7.08	42.41
ENSG00000125733:TRIP10	87.58	119.04	24.39	26.74	60.42	32.98	5.49	13.31	63.81	87.22
ENSG00000125734:GPR108	53.56	61.47	45.95	36.82	41.87	44.6	3.12	6.61	31.9	57.7
ENSG00000125735:TNFSF14	0.14	0.4	0.05	0.09	0.17	0.04	0	0	0	1.19
ENSG00000125740:FOSB	21.73	54.5	5.01	2.37	1.59	4.48	4.58	17.83	0.48	0.71
ENSG00000125741:OPA3	9.36	9.65	22.32	20.02	3.97	1.98	1.01	1.7	72.88	31.73
ENSG00000125743:SNRPD2	52.57	60.83	22.38	22.8	319.71	341.03	24.09	41.89	153.93	390.58
ENSG00000125744:RTN2	11.5	18.44	15.12	12.05	6.7	5.75	0.35	1.09	1.32	1.69
ENSG00000125746:EML2	59.96	66.02	51.29	30.98	19.92	22.67	5.55	12.18	16.81	36.27
ENSG00000125755:SYMPK	76.88	103.47	49.2	50.1	18.51	21.59	2.55	8.29	18.17	43.02
ENSG00000125772:GPCPD1	14.81	19.17	60.73	32.35	28.99	26.67	3.55	5.14	18.63	8.24
ENSG00000125775:SDCBP2	3.85	4.38	4.04	6.29	85.06	17.65	2.23	2.35	36.38	11.13
ENSG00000125779:PANK2	8.67	12.8	28.91	24.3	10.69	8.31	2.34	5.07	26.41	14.44
ENSG00000125780:TGM3	0.05	0.11	0.07	0.15	2.36	2.38	0.49	0.31	0.19	0.11
ENSG00000125798:FOXA2	0	0	2.84	24.09	0	0.03	0	0	18.54	24.31
ENSG00000125810:CD93	92.14	84.78	24.84	20.8	29.23	39.98	12.41	33.47	7.17	7.25
ENSG00000125812:GZF1	5.41	5.98	16.33	13.48	12.39	11.19	0.92	2.2	23.33	0.81
ENSG00000125813:PAX1	0.03	0	0	0	0	0	0	0	17.9	2.78
ENSG00000125814:NAPB	13.12	18.04	1.02	0.83	12.76	13.07	0.44	1.01	0.29	0.11
ENSG00000125816:NKX2-4	0	0	0	0	0	0	0	0	0	0
ENSG00000125817:CENPB	18.89	19.68	33.71	30.55	43.42	33.2	5.94	15.68	71.95	50.32
ENSG00000125818:PSMF1	46.37	57.3	21	16.98	35.78	33.36	3.2	7.08	28.73	42.64
ENSG00000125820:NKX2-2	0	0	0	0	0	0	0.02	0.01	0	0
ENSG00000125821:DTD1	1.52	1.87	3.98	8.72	49.35	41.27	2.62	5.23	28.5	13.75
ENSG00000125826:RBCK1	45.36	72.74	46.07	39.3	36.98	31.56	2.12	5.93	22.28	42.94
ENSG00000125841:NRSN2	7.2	11.79	0	0	0.04	0.11	0	0	0.1	0.6
ENSG00000125843:AP5S1	7.86	7.83	11.51	10.91	12.42	13.96	0.62	1.73	4.6	4.19
ENSG00000125844:RRBP1	137.2	164.59	390.27	346.39	279.22	258.8	14.51	40.46	36.35	4.73
ENSG00000125845:BMP2	1.7	4.84	3.84	2.35	4.5	5.53	0.41	0.89	3.5	6.22
ENSG00000125848:FLRT3	0.11	0.86	5.86	3.8	0.11	0.02	0.06	0.14	24.21	5.16
ENSG00000125850:OVOL2	0.16	0.11	13.21	9.95	68.23	51.96	1.67	4.65	26.99	23.2
ENSG00000125851:PCSK2	0.02	0.13	0.01	0.03	0	0	0.01	0	0	0.04
ENSG00000125861:GFRA4	0	0	2.34	3.03	0.39	0.43	0	0	0	0
ENSG00000125863:MKKS	8.39	9.35	4.02	3.51	10.51	9.56	1.97	3.49	9.9	20.15
ENSG00000125864:BFSP1	1.12	2.05	0.84	1.15	6.23	8.8	0.61	1.29	0.23	0.14
ENSG00000125868:DSTN	199.57	236.41	369.95	419.49	1203.17	1267.27	110.08	166.84	828.79	638.45
ENSG00000125869:LAMP5	0	0.07	0	0	0	0.06	0	0	1.23	2.77
ENSG00000125870:SNRPB2	41.61	49.33	25.6	17.79	100.39	103.11	5.61	7.85	12.96	23.97
ENSG00000125871:MGME1	17.67	19.36	3.73	4.85	11.1	10.96	1.01	2.28	3.8	5.8
ENSG00000125875:TBC1D20	29	40.68	85.42	61.45	21.9	18.1	2.65	6.3	31.68	12.94
ENSG00000125877:ITPA	10.84	16.3	31.9	26.36	79.85	69.49	1.66	2.67	14.68	32.45
ENSG00000125878:TCF15	1.87	2.86	1.75	2.44	0.54	2.64	0.31	0.5	0.97	1.27
ENSG00000125885:MCM8	3.96	4.81	1.4	0.86	2.85	2.4	0.82	1.29	1.43	0.59
ENSG00000125888:BANF2	0	0	0.44	0	0	0.44	0	0	0	0
ENSG00000125895:TMEM74B	30.46	25.64	0.34	0.12	0.1	0	0.12	0.26	0.12	0
ENSG00000125898:FAM110A	5.99	10.23	7.33	8.35	24.6	23.87	1.42	3.6	3.64	3.38
ENSG00000125901:MRPS26	12.75	18.15	31.19	26.71	47.23	43.16	5.68	10.52	18.03	44.14
ENSG00000125910:S1PR4	1.04	1.46	0.9	1.54	0.03	0.08	0.3	1.13	0.21	0.07
ENSG00000125912:NCLN	12.99	17.28	67.12	57.22	37.53	35	1.96	7.21	13.13	13
ENSG00000125944:HNRNPR	102.52	107.63	43.27	29.17	74.9	72.79	11.54	20.95	90.88	33.28
ENSG00000125952:MAX	34.36	45.4	137.81	103.84	264.34	138.08	14.95	31.54	34.51	40.97
ENSG00000125965:GDF5	0.09	0.19	0.2	0.16	0	0	0	0.01	0	0.12
ENSG00000125966:MMP24	0.24	0.39	0.43	0.38	0.08	0.08	0.05	0.14	0.08	0.08
ENSG00000125967:NECAB3	15.85	20.39	0.59	0.14	2.84	2.51	0.36	1.12	0.14	0.03
ENSG00000125968:ID1	50.28	62.42	33.84	51.45	101.1	126.16	29.33	68.39	23.14	71.69
ENSG00000125970:RALY	67.92	87	113.96	109.73	184.97	172.11	5.82	15.52	62.31	52
ENSG00000125971:DYNLRB1	239.89	290.06	137.03	173.28	190.65	156.24	10.88	24.7	124.73	198.76
ENSG00000125977:EIF2S2	53.41	54.64	82.23	77.6	71.5	70.18	13.16	19.09	289.93	67.94
ENSG00000125991:ERGIC3	109.48	142.99	142.12	130.22	137.89	126.78	9.23	17.47	37.5	65.39
ENSG00000125998:FAM83C	0	0	0.14	0	0.86	1.22	0.33	0.65	0.27	0.92
ENSG00000125999:BPIFB1	0.03	0.03	0.12	0.1	0.45	0.7	0	0	0.11	0.8
ENSG00000126001:CEP250	7.02	11.05	8.37	6.06	7.63	8.3	0.75	2.47	6.46	2.67
ENSG00000126003:PLAGL2	3.41	4.94	9.42	9.03	9.19	6.01	0.85	1.85	5.07	1.96
ENSG00000126010:GRPR	0.06	0.17	0.02	0.09	0	0	0	0.03	0	0
ENSG00000126016:AMOT	21.65	27.68	146.66	89.02	64.32	77.7	2.56	4.22	8.46	14.95
ENSG00000126062:TMEM115	33.86	36.48	45.67	37.74	35.12	32.69	6.73	14.7	57.77	43.05
ENSG00000126070:AGO3	7.9	9.98	4.57	3.81	3.85	1.96	3.96	9.08	2.07	0.73
ENSG00000126088:UROD	33.95	48.15	41.11	26.38	43.97	45.12	8.78	17.03	53.93	149.77
ENSG00000126091:ST3GAL3	9.25	10.78	6.86	7.79	10.45	8.12	1.12	1.46	1.12	2.56
ENSG00000126106:TMEM53	4.94	5.54	3.45	2.45	2.91	1.75	0.69	1.79	13.23	40.01
ENSG00000126214:KLC1	79.81	107.87	109.02	85.89	43.76	39.87	9.62	23.27	58.64	25.24
ENSG00000126215:XRCC3	9.52	11.01	10.01	6.78	5.93	7.85	0.84	1.86	4.98	1.71
ENSG00000126216:TUBGCP3	8.25	11.81	26.12	16.53	21.74	20.13	2.55	5.33	18.35	1.57
ENSG00000126217:MCF2L	5.54	5.83	19.33	17.62	19.15	25.17	1.87	6.95	17.55	1.81
ENSG00000126218:F10	0.84	2.68	0.77	3.57	0.17	0.21	0.04	0.17	4.99	1.47
ENSG00000126226:PCID2	24.3	28.35	14.3	12.5	62.44	63.53	3.7	9.23	7	11.73
ENSG00000126233:SLURP1	0	0	0	1.8	0	0	0	0	0	0.23
ENSG00000126243:LRFN3	1.36	1.82	1.63	2.18	2.92	2.36	0.01	0	0.27	2.33
ENSG00000126246:IGFLR1	3.66	11.83	0	0.08	6.86	8.17	0.04	0.07	2.69	13.62
ENSG00000126254:RBM42	28.82	31.41	47.17	42.82	78.41	90.9	8.4	19.58	105.28	105.26
ENSG00000126259:KIRREL2	0.02	0	0	0	0	0	0.02	0.05	0.04	0.03
ENSG00000126262:FFAR2	0.26	0.99	0	0	0	0.03	0.05	0.08	0.25	0.71
ENSG00000126264:HCST	7.23	13.55	0.5	0	0	0.38	0	0.1	0.41	0.44
ENSG00000126337:KRT36	0	0	0.49	0.44	0	0	0	0.04	0	0.05
ENSG00000126353:CCR7	1.15	1.71	0.45	0.04	0.18	0.04	0.19	1.1	0.4	2.68
ENSG00000126368:NR1D1	3.94	6.95	9.68	9.07	5.49	3.06	0.07	0.15	7.8	11.02
ENSG00000126391:FRMD8	9.02	10.53	18.4	24.09	15.3	14.29	1.53	4.23	13.59	46.96
ENSG00000126432:PRDX5	154.51	180.24	170.36	184.2	449.06	544.65	8.83	24.38	36.68	254.67
ENSG00000126456:IRF3	36.68	63.24	66.59	63.16	100.15	108.83	6.66	13.91	17.79	74.91
ENSG00000126457:PRMT1	79.7	95.12	57.94	63.25	93.65	84.98	20.09	42.03	49.48	89.16
ENSG00000126458:RRAS	30.05	50.93	116.89	135.08	72.92	79.15	3.47	8.9	19.59	40.59
ENSG00000126460:PRRG2	5.19	5.2	43.73	34.06	12.65	10.59	1.95	4.13	8.82	3.51
ENSG00000126461:SCAF1	16.63	19.96	44.57	31.32	35.81	35.5	1.04	5.36	15.71	92.85
ENSG00000126464:PRR12	4.72	7.89	12.27	11.87	13.23	16.89	0.46	2.6	108.78	155.54
ENSG00000126467:TSKS	8.04	5.01	0.12	0.09	1.26	1.01	0.01	0.07	3.85	10.43
ENSG00000126522:ASL	7.51	7.61	19.11	36.51	60.32	56.5	4.56	10.1	82.7	53.26
ENSG00000126524:SBDS	127.58	146.93	96.28	103.34	90.29	86.6	19.76	29.17	84.43	108.72
ENSG00000126562:WNK4	0.52	0.85	9.67	11.99	1.14	1.45	0.04	0.07	7.37	8.88
ENSG00000126581:BECN1	43.73	54.72	93.24	101.69	84.16	70.94	6.17	11.96	0.1	0.19
ENSG00000126602:TRAP1	28.99	34.55	30.37	24.83	20.47	23.56	5.51	11.27	49.87	26.41
ENSG00000126603:GLIS2	17.8	27.7	8.78	14.36	8.1	10.72	1.07	4.1	7.23	2.83
ENSG00000126653:NSRP1	28.64	37.94	11.68	8.22	64.46	65.02	1.87	2.51	18.58	13.02
ENSG00000126698:DNAJC8	64.08	76.43	137.81	107.44	82.87	79.8	9.29	15.35	180.56	96.25
ENSG00000126705:AHDC1	6.1	14.49	33.57	15.53	3.18	3.09	0.28	0.52	3.93	5.55
ENSG00000126746:ZNF384	35.08	50.18	37.63	25.81	30.16	26.85	1.8	5.43	25.65	73.68
ENSG00000126749:EMG1	25.83	28.97	48.62	40.8	52.9	32.02	6.27	10.65	13.71	39.54
ENSG00000126759:CFP	0.98	1.31	3.34	2.72	56.59	28.39	0.34	0.71	5.84	33.75
ENSG00000126767:ELK1	23.93	18.17	5.89	5.12	44.89	43.42	3.03	8.31	4.38	17.75
ENSG00000126768:TIMM17B	22.89	28.12	29.26	21.96	69.61	75.41	4.46	9.5	29.25	75.78
ENSG00000126773:PCNX4	18.53	27.59	10.63	7.09	2.47	1.53	1.2	2.42	12.28	5.77
ENSG00000126775:ATG14	11.1	12.53	20.76	20.8	9.78	9.6	1.33	2.29	10.43	3.32
ENSG00000126777:KTN1	57.12	65.55	61.65	43.09	56.37	53.78	17.67	26.47	85.13	11.41
ENSG00000126778:SIX1	0	0.06	0.03	0.19	5.58	7.09	0.23	0.41	10	10.26
ENSG00000126785:RHOJ	4.22	7.46	27.73	29.1	8.47	8.55	6.6	15.58	3.4	0.25
ENSG00000126790:L3HYPDH	11.6	13.25	3.13	2.2	2.85	1.38	0.15	0.35	1.68	1.5
ENSG00000126804:ZBTB1	20.34	34.54	2.83	2.26	13.62	12.76	2.96	4.56	16.32	4.34
ENSG00000126814:TRMT5	5	5.77	11.07	7.61	7.69	6.68	0.64	0.93	1.45	3.53
ENSG00000126821:SGPP1	76.63	110.43	52.75	38.25	59.6	66.09	6.73	14.18	21.51	13.15
ENSG00000126822:PLEKHG3	34.15	42.66	10.76	13.91	61.68	45.4	7.52	16.44	51.26	45.1
ENSG00000126858:RHOT1	24.58	32.02	30.35	28.47	26.02	28.64	9.47	14.33	29.92	16.68
ENSG00000126860:EVI2A	3.15	8.72	1.63	1.14	8.03	4.63	0.63	0.5	1.3	0.9
ENSG00000126870:DYNC2I1	4.14	10.18	16.72	8.88	38.84	23.02	0.39	1.32	13.88	1.38
ENSG00000126882:FAM78A	2.23	4.75	0.61	0.7	4.42	3.5	0.17	0.21	0.58	1.11
ENSG00000126883:NUP214	19.39	25.25	22.46	13.84	12.18	11.76	0.8	3.32	3.91	4.67
ENSG00000126903:SLC10A3	28.28	27.11	20.68	18.46	16.06	12.88	3.56	10.32	14.42	20.55
ENSG00000126934:MAP2K2	37.87	59.32	90.12	78.69	144.38	83.28	6.33	14.54	51.15	29.77
ENSG00000126950:TMEM35A	0.05	0	0.12	0.13	3.01	3.72	0.03	0.09	17.49	5.31
ENSG00000126970:ZC4H2	0.32	0.65	2.11	2.06	1.53	1.11	0.52	1.16	1.35	0.28
ENSG00000127054:INTS11	103.76	189.86	19.25	17.63	48.16	42.17	2.63	6.45	16.65	45.75
ENSG00000127074:RGS13	0.03	0	0	0	0	0	0.17	0.23	0	0
ENSG00000127080:IPPK	7.5	7.73	27.44	15.96	23.01	19.69	1.39	2.28	20.72	18.86
ENSG00000127084:FGD3	2.37	6.07	25.86	13.9	4.49	2.32	0.5	0.63	5.09	9.03
ENSG00000127129:EDN2	0	0	22.08	13.45	3.48	2.15	0	0.01	1.24	3.99
ENSG00000127152:BCL11B	0.08	0.15	0.06	0.01	0.09	0	0.01	0.01	0.5	0.01
ENSG00000127191:TRAF2	9.13	11.22	11.68	8.82	18.62	24.68	7.22	22.22	18.35	6.18
ENSG00000127220:ABHD8	7.9	11.8	15.25	11.3	20.39	17.23	0.35	1.39	1.41	1.74
ENSG00000127241:MASP1	1.03	2.6	112.13	81.18	14.9	25.53	0.03	0.07	7.03	9.07
ENSG00000127249:ATP13A4	0.55	0.2	0.24	0	13.2	6.44	0.01	0	10.22	30.59
ENSG00000127252:PLAAT1	0.13	0.15	0.87	0.42	0.05	0.45	1.62	3.89	0	0
ENSG00000127311:HELB	1.19	1.45	3.02	2.81	2.64	2.63	0.77	1.96	1.35	0.1
ENSG00000127325:BEST3	0.09	0.14	0.58	0.15	1.38	2.27	0.01	0	0.04	0
ENSG00000127328:RAB3IP	18.14	17.18	41.74	38.32	84.54	42.19	8.17	8.77	43.26	40.13
ENSG00000127329:PTPRB	17.14	22.57	18.61	11.65	17.73	22.79	7.74	20.01	15.6	5.38
ENSG00000127337:YEATS4	11.96	12.82	25.53	32.67	27.85	22.55	2.35	3.23	22.23	25.27
ENSG00000127364:TAS2R4	0.9	1.46	0.05	0	0	0	0	0	0	0
ENSG00000127377:CRYGN	0.42	0.45	3.34	0.95	0	1.18	0.1	0.53	0.72	8.46
ENSG00000127399:LRRC61	5.23	4.41	12.36	7.41	6.99	8.84	0.59	1.55	0.84	0.71
ENSG00000127412:TRPV5	0.09	0.09	0.01	0.48	1.17	2.14	2.22	6.3	3.1	2.01
ENSG00000127415:IDUA	1.93	3.25	21.43	15.31	22.88	20.75	1.01	3.16	11.32	22.18
ENSG00000127418:FGFRL1	1.2	2.23	30.26	18.05	3.7	3.99	1	4.57	38.71	12.26
ENSG00000127419:TMEM175	25.51	38.35	22.35	17.67	12.1	11.25	0.43	1.37	3.34	14.17
ENSG00000127463:EMC1	33.22	40.15	23	11.22	47.85	44.31	1.94	6.69	51	23.47
ENSG00000127472:PLA2G5	19.31	34.17	0.89	1.51	0.81	0.09	0	0.01	0.65	1.28
ENSG00000127483:HP1BP3	168.18	203.35	107.17	76.14	57.84	49.49	4.35	10.12	70.04	21.47
ENSG00000127511:SIN3B	97.69	159.22	1241.43	715.28	20.47	18.02	2.15	5.99	6.83	2.3
ENSG00000127526:SLC35E1	51.66	45.46	24.28	18.3	25.04	19.96	4.56	9.24	11.67	4.28
ENSG00000127527:EPS15L1	11.43	19.72	42.45	35.77	33.52	30.15	2.04	5.09	19.52	4.79
ENSG00000127533:F2RL3	0.14	0.15	3.15	2.19	0.31	0.41	0.01	0.06	0.88	1.03
ENSG00000127540:UQCR11	23.83	31.2	134.78	166.75	357.7	369.95	2.39	4.41	141.65	365.39
ENSG00000127561:SYNGR3	23.31	30.88	0.44	0.09	1.72	1.04	0.17	0.38	3.41	2.02
ENSG00000127564:PKMYT1	3.22	4.72	7.73	8.71	7.33	5.9	0.07	0.14	1.86	1.46
ENSG00000127580:WDR24	4.83	5.73	12.83	13.82	16.14	14.67	1.4	5.01	10.31	10.69
ENSG00000127585:FBXL16	0.85	0.5	1.71	0.87	0.99	0.82	0.17	0.59	0	0.24
ENSG00000127586:CHTF18	5.86	9.41	1.27	0.9	6.55	6.11	0.17	0.64	1.21	0.46
ENSG00000127588:GNG13	0	0	0.71	0	0.83	1.23	0.03	0	0	0
ENSG00000127603:MACF1	87.73	112.67	246.36	160.24	67.43	60.66	11	26.69	51.79	18.54
ENSG00000127616:SMARCA4	37.95	49.57	38.56	28.85	32.39	30.93	3.41	9.57	87.44	25
ENSG00000127663:KDM4B	22.24	29.2	14.41	12.98	19.58	13.86	1.71	5.52	10.55	2.69
ENSG00000127666:TICAM1	2.79	5.42	16.85	13.64	5.57	4.56	0.35	1.22	3.82	2.02
ENSG00000127720:METTL25	3.93	4.28	4.12	4.91	3.07	2.89	1.4	2.78	3.08	1.97
ENSG00000127743:IL17B	0	0.39	0.08	4.63	7.71	3.31	1.32	7.32	0	0.18
ENSG00000127824:TUBA4A	14.15	11.53	44.82	32.97	15.82	6.68	0.68	1.37	36.48	118.45
ENSG00000127831:VIL1	0.2	0.12	0.78	12.74	0.03	0.06	0.07	0.03	2.45	8.89
ENSG00000127837:AAMP	62.5	77.85	192.16	147.07	58.7	46.5	4.75	10.36	38.41	70.34
ENSG00000127838:PNKD	19.49	36.35	37.42	31.34	11	12.24	1.25	3.16	21.2	59.44
ENSG00000127863:TNFRSF19	2.17	5.94	1.93	1.93	10.08	8.41	3.36	4.06	6.2	0.91
ENSG00000127870:RNF6	33.8	27.58	26.68	17.54	19.89	18.52	1.47	3.48	16.81	2.61
ENSG00000127914:AKAP9	37.32	45.36	21.6	16.85	13.78	13.16	4.71	9.79	37.95	2.95
ENSG00000127946:HIP1	9.4	16.18	15.14	13.63	16.46	12.22	1.95	5.9	17.01	7.36
ENSG00000127948:POR	75.12	92.64	153.81	157.83	123.78	150.77	5.9	18.51	39.92	45.72
ENSG00000127951:FGL2	1.86	10.56	23.64	18.4	28.65	9.74	12.21	15.43	1.02	1.24
ENSG00000127952:STYXL1	26.68	33.97	1.03	0.68	1.21	1.42	0.13	0.95	1.75	2.64
ENSG00000127955:GNAI1	72.89	88.21	2.35	12.79	146.68	170.5	14.49	20.44	171.95	33.07
ENSG00000127980:PEX1	18.13	23.27	20.59	20.29	7.56	7.84	1.47	2.32	14.36	10.45
ENSG00000127990:SGCE	57.71	74.25	54.63	65.58	25.11	30.73	8.93	14.4	6.95	15.37
ENSG00000127993:RBM48	5.63	6.17	7.33	5.36	30.21	32.32	0.94	1.58	6.45	2.01
ENSG00000127995:CASD1	21.89	29.83	21.47	19.96	27.31	29.36	2.38	4.15	7.16	9.86
ENSG00000128011:LRFN1	0.35	0.62	1.8	2.08	1.69	1.81	0.01	0.24	0.85	1.99
ENSG00000128016:ZFP36	48.99	104.21	59.29	58.32	117.08	123.69	19.22	92.05	14.6	87.61
ENSG00000128039:SRD5A3	6.97	9.42	43.04	32.01	8.25	7.45	2.95	5.41	4.24	16.66
ENSG00000128045:RASL11B	6.75	28.45	36.98	31.66	4.28	4.41	2.46	10.33	13.78	7.87
ENSG00000128050:PAICS	44.91	45.59	55.33	64.98	52.94	51.39	0.68	0.77	140.9	78.13
ENSG00000128052:KDR	48.87	64.1	76.29	50.37	40.16	51.1	21.96	47.39	25.85	8.44
ENSG00000128059:PPAT	8.75	9.15	5.76	4.74	22.71	23.3	0.92	1.03	10.92	5.35
ENSG00000128159:TUBGCP6	16.54	25.09	9.79	8.07	9.31	8.91	1.12	5.1	3.65	3.61
ENSG00000128165:ADM2	0.1	0.2	0.42	0.72	0.22	0.21	0.24	0.88	50.2	187.75
ENSG00000128191:DGCR8	39.96	47	26.24	16.6	40.9	39.33	2.13	5.67	35.6	27.39
ENSG00000128203:ASPHD2	0.19	0.34	0.29	0	2.59	2.64	0.08	0.23	59.37	35.51
ENSG00000128228:SDF2L1	13.39	9.82	37.18	61.55	29.26	37.62	2.7	6.81	101.98	183.07
ENSG00000128245:YWHAH	57.63	70.85	128.02	154.18	247.71	241.54	15.26	32.41	134.45	54.13
ENSG00000128266:GNAZ	0.2	0.27	1.46	1.03	0.07	0	0.22	0.51	0.23	0.04
ENSG00000128268:MGAT3	8.53	10.82	8.2	17.69	4.05	5.21	0.57	1.42	21.8	2.21
ENSG00000128271:ADORA2A	1.25	1.13	2.8	3.61	3.7	3.57	0.92	1.5	2.74	10.24
ENSG00000128272:ATF4	246.01	333.57	171.11	151.4	276.54	277.94	34.16	100.97	282.96	253.47
ENSG00000128274:A4GALT	8	11.97	110.8	91.69	162.65	147.43	7.44	20.03	4.3	7.21
ENSG00000128283:CDC42EP1	27.54	34.3	22.17	28.53	62.55	87.68	1.96	10.5	6.35	14.11
ENSG00000128285:MCHR1	0.12	0.38	1.63	4.69	0.14	0.07	0.01	0.05	0	0
ENSG00000128294:TPST2	30.6	42.94	70.46	62.13	28.74	28.88	0.04	0.04	38.02	56.35
ENSG00000128298:BAIAP2L2	0.4	0.77	2.28	2.31	19.18	9.56	0.11	0.23	0.64	0.15
ENSG00000128309:MPST	6.56	11.97	5.87	10.37	24.33	16.19	0.23	0.49	18.61	28.81
ENSG00000128311:TST	4.76	5.28	6.65	24.61	14.86	10.13	4.86	10.48	45.62	26.16
ENSG00000128340:RAC2	3.29	7.1	1.69	1.42	19.05	18.56	0.18	0.69	0.49	3.28
ENSG00000128342:LIF	0.41	1.14	4.63	1.45	0.09	0.09	12.94	29.87	0.23	1.8
ENSG00000128346:C22orf23	3.42	5.47	6.71	9.34	0.44	0.49	0.21	0.17	5.06	13.78
ENSG00000128408:RIBC2	0.09	0.24	0.21	0.18	0.15	0	0.03	0.1	3.47	1.14
ENSG00000128422:KRT17	0.56	4.64	0.56	6.14	0.9	0.52	3.36	11.35	22.05	23.96
ENSG00000128463:EMC4	78.88	92.85	75.39	70.74	161.1	150.49	12.52	27.89	14.67	67.27
ENSG00000128482:RNF112	0.81	0.38	0.01	0.08	0.75	0.96	0.01	0.02	3.48	5.35
ENSG00000128487:SPECC1	2.38	5.79	29.7	17.1	21.46	8.17	1.93	4.58	38.14	8.98
ENSG00000128510:CPA4	1.38	4.29	0.57	0.03	218.63	228.72	0.78	0.96	5.23	23.79
ENSG00000128512:DOCK4	5.49	10.24	2.37	1.36	5.73	7.3	2.37	5.15	2	0.29
ENSG00000128519:TAS2R16	0	0	0	0	0	0	0	0	0	0
ENSG00000128564:VGF	0.13	0.05	4.53	3.73	1.38	1.11	0.05	0.15	1.04	1.08
ENSG00000128567:PODXL	18.7	20.27	94.48	269.83	25.87	33.15	1.56	4.8	37.8	2.67
ENSG00000128578:STRIP2	4.53	2.79	2.84	0.71	2.35	2.31	0.1	0.12	8.75	5.87
ENSG00000128585:MKLN1	15.95	19.93	170.6	124.07	16.17	11.58	5.52	8.77	20.28	9.38
ENSG00000128590:DNAJB9	125.86	78.15	55.07	62.8	37.58	48.81	8.9	18.05	62.19	5.54
ENSG00000128591:FLNC	0.73	1.65	27.01	16.2	2.9	0.96	0.52	1.61	17.3	15
ENSG00000128594:LRRC4	1.99	4.13	1.97	0.84	0.4	0.2	0.35	1.76	0	0
ENSG00000128595:CALU	357.98	298.91	392.52	293.56	83.38	62.22	28.12	54.03	378.09	30.8
ENSG00000128596:CCDC136	0.95	2.63	5.28	3.37	0.56	0.35	0.03	0.09	35.13	0.58
ENSG00000128602:SMO	0.77	2.15	10.07	7.64	19	10.58	0.48	1.33	33.72	13.52
ENSG00000128604:IRF5	3.73	5.86	1.67	1.47	8.29	5.75	1.64	2.66	0.56	0.92
ENSG00000128606:LRRC17	0.18	0.25	1.81	0.9	0.04	0	0.02	0.03	0.44	0.61
ENSG00000128607:KLHDC10	8.45	10.72	21.86	16.39	20.23	15.18	10.04	18.19	9.18	2.09
ENSG00000128610:FEZF1	0	0	0.04	0.43	0	0	0.01	0	0	0
ENSG00000128617:OPN1SW	0.05	0	0.03	0	0.04	0	0.03	0	0.62	0.8
ENSG00000128641:MYO1B	27.93	36.56	33.82	23.82	149.25	163.24	7.19	12.76	35.84	9.02
ENSG00000128645:HOXD1	0	0.03	0.03	0.04	0.11	0.04	0.05	0.09	0	0.14
ENSG00000128652:HOXD3	0	0.03	0.19	0.22	4.45	4.54	0.14	0.54	1.6	1
ENSG00000128654:MTX2	30.34	33.64	38.88	32.49	37.29	31.03	5.6	7.92	30.15	14.56
ENSG00000128655:PDE11A	0.01	0.01	0.14	0	0.89	0.48	0.08	0.36	0	0.04
ENSG00000128656:CHN1	39.08	45.49	9.24	5.02	8.51	7.18	3.47	5.38	3.8	6.43
ENSG00000128683:GAD1	0.28	0.48	0.87	0.28	1.78	1.84	0	0.02	0.19	1.27
ENSG00000128694:OSGEPL1	3.31	4.35	5.15	4.84	4.18	6.55	3.14	4.12	6.51	10.2
ENSG00000128699:ORMDL1	99.92	162.1	16.25	19.35	19.01	18.63	7.81	16.1	14.15	35.91
ENSG00000128708:HAT1	23.05	24.71	26.99	28.69	36.7	35.91	2.49	3.46	52.58	36.63
ENSG00000128709:HOXD9	0.21	0.06	15.02	8.58	7.62	4.63	0.42	0.82	2.13	4.15
ENSG00000128710:HOXD10	0.06	0.07	10.34	7.49	4.25	2.95	0.38	0.77	1.54	2.44
ENSG00000128713:HOXD11	0	0	2.01	0.84	6.86	4.36	0.22	0.4	0	0.3
ENSG00000128714:HOXD13	0.04	0	0.75	0.03	0.08	0.23	0.43	0.74	0	0
ENSG00000128731:HERC2	19.67	34.94	26.97	15.6	12.19	14.38	2.58	6.69	11.06	2.48
ENSG00000128739:SNRPN	9.39	14.65	8.17	6.56	25.72	32.92	6.39	15.23	80.54	160.24
ENSG00000128791:TWSG1	11.91	21.79	227.13	121.54	21.24	17.97	6.79	12.84	6.2	1.99
ENSG00000128805:ARHGAP22	2.63	4.43	30.11	24.09	12.77	14.7	0.42	0.62	1.29	0.37
ENSG00000128815:WDFY4	0.31	0.95	0.55	0.18	0.94	0.67	0.85	2.35	0.11	0.07
ENSG00000128829:EIF2AK4	9.12	17.76	12.16	9.85	12.5	12.64	3.64	8.23	1.35	2.62
ENSG00000128833:MYO5C	1.93	3.71	1.35	3.03	1.88	0.98	0.02	0.02	7.26	3.44
ENSG00000128849:CGNL1	18.34	23.04	58.25	40.61	11.5	11.93	4.65	11.53	61.76	1.96
ENSG00000128872:TMOD2	1.01	2.07	0.67	0.37	0.26	0.27	0.66	1.32	27.73	6.07
ENSG00000128881:TTBK2	12.65	15.24	5.08	2.98	4.15	5.06	0.81	1.76	0.69	0.09
ENSG00000128886:ELL3	3.08	5.4	0.98	3.43	20.58	20.8	0.02	0.08	39.7	66.82
ENSG00000128891:CCDC32	17.15	20.15	22.62	17.04	22.45	21.94	2.68	4.01	5.3	11.17
ENSG00000128908:INO80	15.11	13.68	11.82	8.58	11.87	9.59	2.22	4.89	7.29	8.18
ENSG00000128915:ICE2	23.91	29.1	7.41	5.95	3.24	2.77	0.97	1.9	0.63	0.48
ENSG00000128917:DLL4	6.68	17.06	6.16	5.09	28.96	25.19	3.29	10.83	14.56	7.82
ENSG00000128918:ALDH1A2	2.27	3.66	37.85	18.24	3.58	5.88	0.03	0.11	3.3	2.7
ENSG00000128923:MINDY2	28.88	21.97	7.93	6.42	27.55	23.99	2.84	5.25	16.53	0.9
ENSG00000128928:IVD	11.6	19.41	26.3	47.69	28.5	33.12	0.59	1.12	25.44	9.76
ENSG00000128944:KNSTRN	13.88	16.08	4.25	3	15.31	15.23	0.4	0.62	3.19	2.21
ENSG00000128965:CHAC1	0.29	0.62	2.94	3.87	44.71	58.84	0.15	0.18	23.36	72.65
ENSG00000128973:CLN6	15.63	13.39	46.35	105.9	16.81	12.26	2.25	6.4	8.74	10.06
ENSG00000128989:ARPP19	53.57	55.98	135.69	151.66	28.19	27.07	20.12	27.39	46.83	21.08
ENSG00000129003:VPS13C	16.99	28.09	13.25	7.14	7.13	5.72	3.45	5.87	8.76	1.07
ENSG00000129007:CALML4	4.14	6.1	7.45	13.53	15.72	14.51	1.09	1.82	1.37	4.13
ENSG00000129009:ISLR	1.95	6.02	4.9	7.32	0.07	0.07	2.18	5.89	9.56	17.16
ENSG00000129038:LOXL1	5.46	20.24	3.79	5.56	8.27	11.38	0.69	2.11	10.49	14.22
ENSG00000129048:ACKR4	0.73	1	1.51	1.89	3.71	1.52	0.06	0.15	1.62	0.66
ENSG00000129055:ANAPC13	34.44	48.35	57.24	66.18	22.69	29.04	2.52	2.45	49.64	23.27
ENSG00000129083:COPB1	64.8	65.7	87.62	72.48	76.36	76.88	17.8	27.84	25.01	40.29
ENSG00000129084:PSMA1	93.81	129.25	97.7	95.25	70.34	64.63	9.21	14.47	70.98	169.09
ENSG00000129116:PALLD	23.89	64.26	61.47	38.05	130.39	103.51	6.38	15.99	40.61	15.01
ENSG00000129151:BBOX1	4.03	2.78	0	0.65	0.89	1.22	0.61	0.85	0.38	0.71
ENSG00000129152:MYOD1	0.11	0.2	0	0	0	0	0	0	0.09	0
ENSG00000129158:SERGEF	3.11	3.28	3.75	2.06	5.16	4.26	0.72	1.53	1.43	4.29
ENSG00000129159:KCNC1	0.07	0.2	0.27	0.05	0.16	0.09	0	0.02	0	0
ENSG00000129167:TPH1	0.18	0.65	1.45	264.67	0	0	0	0	0.11	0.05
ENSG00000129170:CSRP3	0.04	0	0.68	0	0.11	0	0	0	0.45	1.54
ENSG00000129173:E2F8	3.69	3.08	15.85	9.64	2.01	2.01	0.05	0.14	4.44	0.73
ENSG00000129187:DCTD	15.6	23.99	1.01	0.19	13.74	14.7	0.83	1.92	0.52	1.15
ENSG00000129197:RPAIN	17.08	25.25	32.78	48.4	23.45	25.22	3.18	4.34	5.75	19.82
ENSG00000129219:PLD2	16.18	34	25.39	18.73	18.19	19.92	1.6	3.19	10.12	23.79
ENSG00000129221:AIPL1	0.15	0.2	0.12	0.03	0	0	0.01	0.01	0.46	0.87
ENSG00000129244:ATP1B2	4.28	5.67	1.7	2.27	0.3	0.53	0.01	0.1	25.91	1.25
ENSG00000129245:FXR2	33.11	40.85	62.74	48.29	39.75	39.21	5.12	10.4	106.21	74.93
ENSG00000129250:KIF1C	23.72	24.62	104.57	62.16	81.45	73.66	4.41	12.67	147.19	95.43
ENSG00000129295:DNAAF11	1.25	1.14	0	0	0.1	0.13	0	0	0.87	0.16
ENSG00000129315:CCNT1	15.95	17.22	16.93	10.58	20.03	13.91	4.05	8.9	9.19	0.9
ENSG00000129347:KRI1	14.84	17.27	22.39	17.79	21.45	20.19	1.54	4.75	29.93	41.3
ENSG00000129351:ILF3	79.23	93.58	26.21	19.17	43.1	36.6	12.88	30.16	45.8	24.77
ENSG00000129353:SLC44A2	276.66	283.38	108.36	79.21	236.84	153.07	14.84	36.07	66.63	30.74
ENSG00000129354:AP1M2	34.03	31.67	36.37	51.34	144.14	123.58	9.15	18.02	72.55	57.95
ENSG00000129355:CDKN2D	4.5	6.59	13.64	11.47	12.98	12.52	1.33	3.25	5.49	7.82
ENSG00000129422:MTUS1	45.13	83.74	84.79	90.38	89.41	102.9	16.31	34.98	28.51	18.17
ENSG00000129437:KLK14	0.43	0.79	2.46	0.93	0.06	0.06	0.01	0	0.04	0.29
ENSG00000129467:ADCY4	44.38	77.89	9.65	10.69	5.57	8.47	0.67	2.68	8.28	9.48
ENSG00000129472:RAB2B	17.93	26.03	11.33	10.84	15.96	13.61	3.45	5.41	28.92	14.19
ENSG00000129474:AJUBA	15.65	15.9	38.02	28.37	32.58	22.02	3.04	8.41	42.08	28.95
ENSG00000129484:PARP2	14.89	19.85	17.46	14.01	59.28	68	1.47	3.06	12.36	10.29
ENSG00000129514:FOXA1	0.01	0.08	0.53	1.13	0.07	0.11	0.26	0.19	0.54	0.74
ENSG00000129515:SNX6	63.37	82.54	62.2	84.44	42.11	37.9	12.08	18.39	90.2	16.44
ENSG00000129518:EAPP	35.37	37.15	40.6	42.78	10.19	10.5	5.28	8.75	37.42	13
ENSG00000129521:EGLN3	0.92	4.91	49.79	110.96	30.07	15.45	1.04	2.66	20.41	4.37
ENSG00000129534:MIS18BP1	17.18	22.33	0.59	0.6	4.47	4.44	2.35	3.29	1	0.44
ENSG00000129535:NRL	0.77	0.46	0.15	0.21	0	0	0	0	0	0
ENSG00000129559:NEDD8	131.25	146.75	131.58	148.89	0	0	8.42	13.11	358.54	338.37
ENSG00000129562:DAD1	123.74	128.81	158.72	154.58	105.78	132.91	5.4	4.24	88.64	247.13
ENSG00000129566:TEP1	9.72	17.91	8.57	9.18	17.1	19.1	0.79	2.81	22.61	20.09
ENSG00000129595:EPB41L4A	7.2	12.74	17.45	5.67	12.89	16.85	2.13	4	0.94	0.51
ENSG00000129596:CDO1	97.27	132.25	82.75	217.12	85.62	42.63	0.1	0.09	2616.08	1055.34
ENSG00000129625:REEP5	139.44	124.35	194.54	152.29	219.72	243.65	11.5	21.44	346.92	268.69
ENSG00000129636:ITFG1	98.57	103.09	44.77	40.14	40.87	38.47	6.89	11.01	65.89	62.55
ENSG00000129646:QRICH2	1.88	2.79	0.02	0.04	3.39	2.96	0.07	0.13	0.86	1.18
ENSG00000129654:FOXJ1	0	0.02	0.86	1.36	2.02	0.51	0.01	0.1	13.2	29.4
ENSG00000129657:SEC14L1	52.77	72.14	63.99	38.42	58.93	35.1	3.35	8.96	50.51	31.69
ENSG00000129667:RHBDF2	6.1	18	10.41	7.88	12.46	11.88	0.47	1.89	1.87	6.24
ENSG00000129675:ARHGEF6	15.76	29.18	391.8	203.85	5.74	5.74	0.77	1.85	3.59	2.92
ENSG00000129691:ASH2L	28.69	37.29	81.29	53.21	25.15	25.61	1.41	3.11	18.56	27.8
ENSG00000129696:TTI2	3.76	3.75	9.27	7.58	13.24	10.61	4.71	7.73	8.17	21.7
ENSG00000129810:SGO1	1.68	1.43	0.63	0.62	2.8	2.24	0.07	0.07	4.69	2.53
ENSG00000129910:CDH15	0.31	0.93	0.04	0.05	0.1	0.05	0	0	0.05	0.82
ENSG00000129911:KLF16	3.33	4.5	15.34	10.33	20.62	15.68	1.35	3.88	1.47	1.47
ENSG00000129925:PGAP6	89.74	123.15	13.43	13.34	30.11	19.62	0.76	2.91	37.49	49.52
ENSG00000129932:DOHH	3.97	5.25	26.37	23.83	21.94	22.62	2.54	5.75	33.62	41.05
ENSG00000129933:MAU2	37.99	52.29	53.93	51.52	32.01	28.77	4.02	10	17.24	8.9
ENSG00000129951:PLPPR3	0.29	0.1	1.84	1.33	2.54	3.27	0.06	0.25	0.23	0.37
ENSG00000129988:LBP	0	0	73.63	143.36	1.03	0.34	0.1	0.55	13.14	190.33
ENSG00000129993:CBFA2T3	2.97	5.2	5.23	4.53	4.09	5.69	0.02	0.1	1.87	0.52
ENSG00000130005:GAMT	2.98	3.79	4.11	4.39	14.09	20.42	0.94	2.16	514.28	337.45
ENSG00000130024:PHF10	30.43	37.11	44.42	45.28	53.74	59.26	1.48	3.86	39.88	46.37
ENSG00000130037:KCNA5	0.11	0.73	0	0.58	0.01	0	0.9	2.59	0.04	0.04
ENSG00000130038:CRACR2A	0.31	0.6	0.18	0.23	0.48	0.45	0.02	0.05	0.4	0.04
ENSG00000130045:NXNL2	0.38	1.19	2.07	0.89	1.76	1.5	0.07	0.02	0.81	0.8
ENSG00000130052:STARD8	13.41	15.69	52.72	42.64	7.66	7.6	0.8	1.34	3.14	2.72
ENSG00000130054:NALF2	0.04	0.03	0.02	0	0.17	0	0.1	0.12	0	0.08
ENSG00000130055:GDPD2	0.07	0.26	1.02	1.52	0.21	0.4	1.37	2.04	1.16	16.19
ENSG00000130066:SAT1	1573.97	1337.91	231.32	249.91	795.67	385.08	277.05	389.65	1240.94	895.53
ENSG00000130119:GNL3L	7.84	9.96	16.29	9.09	41.69	45.96	4.42	8.43	9.12	10.3
ENSG00000130147:SH3BP4	9.33	14.43	14.94	10.05	10.19	8.97	2.71	7.86	9.32	12.07
ENSG00000130150:MOSPD2	18.65	27.81	15.29	12.79	39.86	30.68	4.75	7.57	16.16	2.19
ENSG00000130159:ECSIT	8.28	8.33	9.54	8.43	24.26	21.33	4.31	8.9	18.3	13.64
ENSG00000130164:LDLR	14.32	13.45	38.19	29.48	7.62	3.78	6.92	15.35	40.16	4.9
ENSG00000130165:ELOF1	14.56	19.63	42.73	40.02	77.45	73.39	3.04	5.79	30.09	84.53
ENSG00000130173:ANGPTL8	0.12	0	0.37	0.84	3.01	0.76	0	0.03	0.33	0
ENSG00000130175:PRKCSH	172.18	168.72	247.26	202.28	119.15	119.11	10.06	19.96	262.7	168.06
ENSG00000130176:CNN1	1.69	10.05	6.53	3.72	18.48	13.18	7.21	27.39	2.64	8.95
ENSG00000130177:CDC16	38.03	51.58	45.69	36.13	24.28	21.95	2.54	4.58	6.73	6.68
ENSG00000130182:ZSCAN10	0.18	0.03	0.1	0.13	0.1	0.06	0	0	0.24	0.35
ENSG00000130193:THEM6	8.65	9.1	1.9	3.2	0.99	1	0.01	0.18	0.38	0.37
ENSG00000130202:NECTIN2	33.83	43.58	117.79	91.12	162.76	170.64	10.26	31.59	5.28	11.86
ENSG00000130203:APOE	17.1	62.13	254.26	1492.62	665.81	590.08	33.04	42.11	353.46	890.99
ENSG00000130204:TOMM40	13.54	14.09	35.29	31.76	51.95	47.26	5.44	12.17	14.59	56.3
ENSG00000130222:GADD45G	138.8	118.25	247.22	269.57	34.98	33.36	3.13	9.59	0.73	1.49
ENSG00000130224:LRCH2	1.45	4	0.69	1.06	0.09	0.13	0.07	0.12	0.5	0.2
ENSG00000130226:DPP6	0.02	0	0.11	0.24	0	0.11	0	0	0.32	0.21
ENSG00000130227:XPO7	35.34	40.11	23.62	17.54	23.45	22.01	6.13	10.16	18.69	9.1
ENSG00000130234:ACE2	2.64	1.41	43.21	44.61	0.73	0.56	0.16	0.17	40.63	19.66
ENSG00000130244:FAM98C	6.4	8.78	10.48	14.77	3.52	3.33	2.19	5.25	7.99	65.3
ENSG00000130254:SAFB2	32.04	51.07	60.64	49.97	54.74	61.66	5.21	15.58	87.5	36.38
ENSG00000130270:ATP8B3	1.2	1.23	0.73	0.3	0.05	0.08	0.02	0.12	2.72	0.35
ENSG00000130287:NCAN	0	0	0	0	0.06	0.02	0	0	0.08	0.16
ENSG00000130294:KIF1A	0.1	0.03	1.05	0.94	0.1	0	0.03	0.08	0.03	0.09
ENSG00000130299:GTPBP3	8.04	12.95	10.03	8	15.87	20.38	1.36	2.53	3.37	38.41
ENSG00000130300:PLVAP	19.15	33.85	163.73	144.7	70.85	138.13	24.77	87.36	144.95	350.33
ENSG00000130304:SLC27A1	5.75	10.83	21.14	17.14	83.42	99.42	0.66	3.29	23.05	26.29
ENSG00000130305:NSUN5	8.29	9.85	9.66	8.76	9.26	11.13	0.79	2.26	3.45	15.16
ENSG00000130307:USHBP1	9.45	13.21	6.46	9.89	6.01	9.49	1.39	3.69	5.06	1.79
ENSG00000130312:MRPL34	24.74	29.21	48.55	54.18	18.02	19.86	8.97	17.57	38.64	100.42
ENSG00000130313:PGLS	24.09	35.45	39.47	44.24	39.19	40.27	4.73	11.35	31.09	87.16
ENSG00000130332:LSM7	50.7	62.36	33.75	23.51	24.56	20.98	2.16	5.44	14.79	75.73
ENSG00000130338:TULP4	15.65	15.97	49.64	46	7.81	8.56	1.34	4.66	7.22	1.58
ENSG00000130340:SNX9	84.18	66.56	91.07	71.29	59.98	64.76	8.05	20.17	69.6	32.47
ENSG00000130347:RTN4IP1	0.81	1.36	4.9	4.02	6.39	6.76	0.97	2.07	11.67	29.83
ENSG00000130348:QRSL1	7.44	5.75	5.82	5.39	7.21	6.39	1.88	2.74	5.52	11.53
ENSG00000130349:MTRES1	9.19	12.05	43.74	41.68	10.82	10.45	0.55	0.79	57.47	32.55
ENSG00000130368:MAS1	0.1	0.12	0.35	0.69	0	0	0.01	0.13	0	0
ENSG00000130382:MLLT1	287.47	411.21	19.03	15.67	49.64	34.77	1.23	3.21	17.19	6.08
ENSG00000130385:BMP15	0.08	0.05	0.04	0.08	0	0	0	0	0	0.93
ENSG00000130396:AFDN	64.2	98.97	102.81	70.91	68.75	58.64	7.34	25.68	117.86	4.95
ENSG00000130402:ACTN4	215.41	251.6	301.64	229.45	544.37	508.39	18.24	56.5	273.66	94.01
ENSG00000130413:STK33	1.06	1.85	0.4	0.13	0.03	0.1	0.01	0.04	1.62	0.65
ENSG00000130414:NDUFA10	51.17	48.42	47.38	40.19	93	77.06	8.04	20.7	92.49	107.89
ENSG00000130427:EPO	0.27	0.54	0	0	0	0.06	0.01	0	0.16	0
ENSG00000130449:ZSWIM6	2.55	4.37	4.33	3.11	4.57	3.29	2.03	4.01	2.67	1.19
ENSG00000130475:FCHO1	0.48	1.81	0.54	0.69	7.69	7.14	0.03	0.11	0.39	0.63
ENSG00000130479:MAP1S	10.66	15.63	20.8	12.43	13.16	13.3	0.36	0.95	5.28	10.78
ENSG00000130508:PXDN	15.62	21.29	36.27	27.69	32.41	55.54	2.1	10.26	19.6	21.23
ENSG00000130513:GDF15	2328.92	1048.64	0.57	1.03	0.66	0.43	0.45	0.92	0.07	1.32
ENSG00000130518:IQCN	2.89	3.61	0.01	0	1.2	0.71	0.01	0.02	0.02	0.01
ENSG00000130520:LSM4	35.95	42.38	29.52	33.62	85.3	55.37	7.67	13.98	41.44	57.69
ENSG00000130540:SULT4A1	0.02	0.08	0.29	0.2	1.59	3.22	0.2	0.62	0.59	0.61
ENSG00000130558:OLFM1	0.46	0.44	4.75	4.42	0.12	0.19	0.44	0.54	2.35	1.09
ENSG00000130559:CAMSAP1	5.29	6.31	17.4	7.76	44.77	45.41	2.53	11.81	8.13	0.84
ENSG00000130560:UBAC1	21.04	34.33	42.19	30.62	86.31	89.74	5.83	15.84	38.62	6.58
ENSG00000130561:SAG	0.94	0.3	2.04	0.68	0.73	1.03	0.18	0.43	0.32	0.68
ENSG00000130584:ZBTB46	4.64	5.79	4.02	3.87	2.77	4.36	0.43	1.42	5.04	0.66
ENSG00000130590:SAMD10	2.57	3.83	9.25	8.07	2.39	2.45	0.04	0.11	2.64	2.11
ENSG00000130635:COL5A1	14.45	43.34	57.05	46.29	19.81	16.09	0.95	4.27	45.43	7.52
ENSG00000130653:PNPLA7	0.65	1.43	8.74	6.84	2.77	3.75	0.94	3.34	1.52	0.61
ENSG00000130669:PAK4	24.3	32.9	18.93	27.29	84	72.28	1.98	7.13	17.16	39.87
ENSG00000130675:MNX1	0.09	0.07	0.1	0.12	5.23	4.74	0	0.03	0.19	0.18
ENSG00000130695:CEP85	29.53	29.26	18.84	41.21	5.87	5.39	0.52	0.75	2.29	2.28
ENSG00000130700:GATA5	0.05	0.28	0.13	0.26	0.11	0.07	0.42	2.73	5.3	7.98
ENSG00000130701:RBBP8NL	1.22	1.69	0.72	0.28	4.33	5.82	0.4	1.65	2.47	0.68
ENSG00000130702:LAMA5	68.46	163.73	140.06	268.65	105.55	112.98	8.24	39.85	20.92	8.06
ENSG00000130703:OSBPL2	34.11	38.88	59.71	31.02	57.3	53.01	5.1	13.51	28.16	4.34
ENSG00000130707:ASS1	39.74	41.04	81.23	88.01	120.29	81.72	14.09	45.73	36.31	64.44
ENSG00000130711:PRDM12	0	0	0	0	0	0	0	0	0	0.06
ENSG00000130713:EXOSC2	16.82	19.27	12.61	13.67	19.23	17.17	1.6	4.05	12.15	5.19
ENSG00000130714:POMT1	8.72	12.93	13.83	8	11.27	13.86	1	3.62	18.65	25.06
ENSG00000130717:UCK1	12.52	12.67	45.54	33.75	17.82	15.66	3.28	11.15	46.41	23.7
ENSG00000130720:FIBCD1	0.61	0.78	0.22	0.1	0	0	0	0	0.02	0.09
ENSG00000130731:METTL26	10.5	13.48	28.53	25.72	58.58	52.2	1.01	1.93	10.95	45.23
ENSG00000130733:YIPF2	76.48	91.36	45.23	44.95	53.28	49.57	6.11	13.4	10	15.45
ENSG00000130734:ATG4D	13.52	21.41	36.23	34.11	29.56	21.53	2.64	6.41	14.27	41.33
ENSG00000130748:TMEM160	2.61	5.02	20.58	27.45	111.46	94.48	5.54	14.68	7.2	51.13
ENSG00000130749:ZC3H4	6.79	9.49	27.57	15.35	20	14.95	0.65	2.62	30.96	11.45
ENSG00000130751:NPAS1	0.07	0.25	0.07	0	2.88	1.33	0.11	0.4	0.68	6.38
ENSG00000130755:GMFG	29.07	39.34	11.13	20.52	123.66	92.05	10.55	9.55	11.49	30.39
ENSG00000130758:MAP3K10	2.72	5.54	11.19	12.82	8.6	7.21	0.5	1.76	0.58	1.05
ENSG00000130762:ARHGEF16	11.08	16.66	66.02	42.47	31.15	34.91	2.11	6.49	13.35	32.42
ENSG00000130764:LRRC47	19.76	22.89	27.48	19.64	24.29	23.21	1.69	4.68	29.74	19.25
ENSG00000130766:SESN2	6.94	7.44	20.78	16.81	35.69	40.33	0.83	2.15	16.29	47.05
ENSG00000130772:MED18	6.64	6.98	3.9	3.14	11.17	12.98	2.59	3.78	7.4	15.98
ENSG00000130775:THEMIS2	1.63	6.11	1.37	0.79	2.77	1.4	0.2	0.43	0.06	0.06
ENSG00000130779:CLIP1	189.6	191.83	44.23	53.25	26.78	32.77	14.12	37.81	45.04	24.89
ENSG00000130783:CCDC62	0.26	0.39	6.67	6.9	0.49	0.38	0.9	1.76	5.91	3.09
ENSG00000130787:HIP1R	9.24	11.89	31.2	38.89	86.53	84.06	6.14	20.46	71.28	56.83
ENSG00000130810:PPAN	9.66	13.65	22.73	18.62	23.36	19.75	3.53	6.52	7.48	13.87
ENSG00000130812:ANGPTL6	1.77	2.41	0.84	1.5	0.59	0.1	1.21	2.55	15.2	24.59
ENSG00000130813:SHFL	11.45	18.94	17.43	17.12	19.76	18.61	0.6	1.17	4.98	43.58
ENSG00000130822:PNCK	1.16	2.95	1.6	1.67	0.1	0.05	0.02	0	9.69	16.6
ENSG00000130826:DKC1	21.13	26.35	3.33	2.23	57.36	59.68	3.96	7.46	56.94	61.33
ENSG00000130827:PLXNA3	20.38	43.99	0.41	0.64	4.79	4.42	0.34	1.31	20.58	14.56
ENSG00000130829:DUSP9	58.44	65.77	346.12	174.26	0	0	0	0.02	0.13	0.32
ENSG00000130856:ZNF236	4.48	6.19	19.64	10.89	8.52	9.98	0.95	2.38	1.63	0.5
ENSG00000130876:SLC7A10	4.34	6.41	1.05	2.07	0.09	0	0.5	1.16	0	0
ENSG00000130881:LRP3	1.66	4.45	3.41	2.18	2.56	1.24	0.87	2.65	3.18	1.04
ENSG00000130921:MTRFR	10.11	14.76	5.46	4.69	5.48	4.34	0.67	1.19	27.84	17.12
ENSG00000130935:NOL11	23.93	27.93	12.17	8.43	19.27	17.99	4.81	7.24	10.84	9.57
ENSG00000130939:UBE4B	25.6	24.84	48.21	43.13	47.01	43.35	2.64	9.7	23.07	12.45
ENSG00000130948:HSD17B3	0	0.09	0	0	0	0.1	0	0.14	0	0.19
ENSG00000130956:HABP4	1.29	1.87	24.69	18.51	6.22	6.76	2.69	5.73	69.08	24.03
ENSG00000130957:FBP2	0.04	0	1.17	29.45	9.97	17.25	1.06	0.11	0.13	0.12
ENSG00000130958:SLC35D2	19.85	27.97	7.38	11.16	5.94	5.9	0.71	0.7	3.13	0.78
ENSG00000130962:PRRG1	19.01	16.92	1.11	0.75	9.57	4.34	0.41	0.83	15.87	1.28
ENSG00000130985:UBA1	87.42	80.74	89.63	66.46	111.09	97.04	9.43	29.34	197.54	176.13
ENSG00000130988:RGN	3.32	13.52	0.78	0.15	0.63	1.1	5.67	6.91	2.53	2.46
ENSG00000130997:POLN	0.47	0.9	0.29	0.62	0.31	0.1	1.43	2.36	1.18	0.29
ENSG00000131013:PPIL4	25.77	35.03	18.44	15.61	16.3	15.26	1.08	2.18	14.08	19.31
ENSG00000131016:AKAP12	17.52	16.71	15.14	13.04	19.01	22.35	6.68	16.44	27.32	5.09
ENSG00000131023:LATS1	14.89	17.47	17.08	10.14	5.96	6.72	2.86	5.19	2.68	0.62
ENSG00000131043:AAR2	12.03	11.32	17.18	13.19	7.27	7.38	2.89	6.3	7.88	8.32
ENSG00000131044:TTLL9	0.26	0.33	0.1	0	0	0	0.03	0.03	10.84	18.21
ENSG00000131051:RBM39	390.77	551.91	258.37	212.22	131.12	138.5	28.25	45.94	134.16	126.19
ENSG00000131055:COX4I2	67.19	51.11	11	16.5	8.07	12.56	14.27	33.92	10.46	11.96
ENSG00000131061:ZNF341	3.35	4.66	2.91	2.54	9.09	6.78	0.54	1.59	2.41	4.48
ENSG00000131067:GGT7	5.44	9.15	0.62	0.52	2.96	3.62	0.17	0.35	0.36	1.05
ENSG00000131069:ACSS2	22.57	37.21	14.24	7.63	10.5	8.07	1.37	2.69	19.86	16.57
ENSG00000131089:ARHGEF9	2.94	5.03	1.17	0.68	3.99	4.58	0.68	1.74	7.26	4.03
ENSG00000131094:C1QL1	0.03	0	0.63	0.23	19.2	2.99	0.09	0.11	0.13	0.21
ENSG00000131095:GFAP	0.21	0.19	1.07	0.21	0	0.05	1.02	2.11	0	0
ENSG00000131096:PYY	0	0.26	1.33	1.85	0.87	0.56	1.66	0.33	0	0.28
ENSG00000131097:HIGD1B	27.98	40.62	14.19	13.57	21.48	18.02	16.78	24.04	1.99	8.79
ENSG00000131143:COX4I1	192.37	194.69	350.82	336.55	287.4	278.62	55.89	113.19	333.13	508.33
ENSG00000131149:GSE1	148.64	225.02	30.43	9.63	36.11	34.81	1.07	5.39	36.54	6.2
ENSG00000131153:GINS2	1.83	2.14	19.58	17.46	7.07	4.12	0.52	1	1.24	0.45
ENSG00000131165:CHMP1A	25.32	32.84	107	92.6	56.45	49.74	7.66	20.65	45.9	23.33
ENSG00000131183:SLC34A1	0	0	0.24	0	0	0.03	0	0	0	0.04
ENSG00000131187:F12	0.08	0	0.05	0.04	1.14	0.46	0.05	0.18	0.49	1.25
ENSG00000131188:PRR7	0.16	0.29	1.02	0.87	10.46	7.3	0.4	0.37	0.39	3.27
ENSG00000131196:NFATC1	1.63	3.1	17.8	12.46	7.07	8.16	0.73	3.34	3.39	3.82
ENSG00000131203:IDO1	51.09	60.28	0.62	0.79	1.73	0.51	0.23	0.01	1.38	6.17
ENSG00000131236:CAP1	113.69	123.18	171.99	158.17	387.82	367.55	27.9	40.24	247.32	98.78
ENSG00000131242:RAB11FIP4	15.11	16.18	22.11	21.86	53.15	51.35	6.42	25.3	25.05	5.39
ENSG00000131269:ABCB7	10.14	12.92	3.15	3.36	13.28	14.84	7.87	11.42	7.14	1.34
ENSG00000131323:TRAF3	10.92	10.39	11.67	6.5	20.25	11.57	0.6	1.39	0.2	0.34
ENSG00000131351:HAUS8	7.64	9.76	9.8	8.67	24.4	20.9	0.72	1.56	8.43	8.57
ENSG00000131368:MRPS25	22.01	23.94	12.38	9.8	52.56	49.41	3.57	7.13	37.66	67.2
ENSG00000131370:SH3BP5	36.91	40.9	15.94	23.32	98.74	94.73	17.12	36.72	25.66	34.36
ENSG00000131373:HACL1	7.15	7.11	10.46	9.19	11.48	15.01	2.12	3.43	3.79	0.98
ENSG00000131374:TBC1D5	12.53	15.77	10.76	6.67	7.12	7	1.36	3.33	3.41	6.11
ENSG00000131375:CAPN7	27.52	31.39	22.69	19.65	17.63	12.62	2.51	4.58	9.57	7.47
ENSG00000131378:RFTN1	19.35	25.46	18.63	10.44	39.78	29.29	2.25	4.12	10.94	9.55
ENSG00000131381:RBSN	9.53	11.39	15.53	10.01	11.94	10.45	1.74	3.18	10.61	2.25
ENSG00000131386:GALNT15	5.1	12.39	4.93	7.44	0.63	0.3	1.29	2.59	1.05	0.21
ENSG00000131389:SLC6A6	26.76	23.96	111.47	100.06	22.25	18.72	3.35	6.68	14.86	2.7
ENSG00000131400:NAPSA	2.05	2.62	3.41	4.67	0.13	0.05	0.46	1.52	0	0
ENSG00000131435:PDLIM4	7.31	25.99	24.65	17.77	30.04	22.14	1.4	4.3	12.4	13.34
ENSG00000131437:KIF3A	12.96	13.69	27.87	30	19.36	13.98	1.99	3.53	22.46	5.28
ENSG00000131446:MGAT1	199.73	130.77	209.61	123.48	55.8	45.39	9.95	18.82	21.26	11.59
ENSG00000131459:GFPT2	13.27	15.3	6.44	5.98	34.56	29.5	2.4	7.17	7.08	4.07
ENSG00000131462:TUBG1	24.26	22.94	19.64	14.38	18.8	20.4	2.03	5.66	11.07	41.23
ENSG00000131467:PSME3	32.66	35.49	52.15	45.1	48.27	42.21	6.17	12.3	179.65	44.97
ENSG00000131469:RPL27	413.48	485.3	152.97	174.99	1753.81	1529.43	186.22	244.48	125.96	418.91
ENSG00000131473:ACLY	31.07	39.53	99.52	62.98	32.91	27.75	15.2	35.67	30.17	35.01
ENSG00000131475:VPS25	42.97	45.09	78.91	87.48	100.6	84.03	9.24	17.35	50.75	62.96
ENSG00000131477:RAMP2	53.46	47.64	48.91	44.32	99.28	119.45	12.43	34.36	39.6	44.15
ENSG00000131480:AOC2	0.33	0.45	2.45	2.12	2.37	2.89	0.18	0.49	0.33	0.66
ENSG00000131482:G6PC1	0.05	0.08	0	0	0	0.03	0.01	0.01	8.2	0.14
ENSG00000131503:ANKHD1	66.31	78.94	33.68	23.74	18.48	16.04	5.46	11.9	42.89	19.71
ENSG00000131507:NDFIP1	51.81	60.82	158.46	140.5	160.62	167.02	23.49	44.12	98.54	77.87
ENSG00000131508:UBE2D2	90.94	92.07	141.86	107.48	134.83	112.97	14.17	23.18	124.62	84.32
ENSG00000131558:EXOC4	12.8	15.66	14.29	17.48	12.41	12.07	7.38	19.11	14.98	12.04
ENSG00000131591:C1orf159	3.9	5.4	13.93	9.9	4.86	5.11	0.67	1.22	7.03	19.2
ENSG00000131620:ANO1	28.02	18.99	38.34	81.44	2.54	2.13	0.22	1.19	5.74	5
ENSG00000131626:PPFIA1	66.98	102.44	73.34	44.11	139.17	78.83	2.72	7.87	103.62	33
ENSG00000131634:TMEM204	6.17	7.22	12.66	18.37	36.37	46.95	1.81	3.51	48.53	24.01
ENSG00000131650:KREMEN2	0.04	0.12	0.22	0.15	0.12	0.2	0.49	1.15	0.35	0.27
ENSG00000131652:THOC6	20.64	23.17	9.39	8.2	18.68	20.42	2.62	5.65	8.22	33.9
ENSG00000131653:TRAF7	13.05	14.61	104.37	81.67	126.12	121.67	6.15	27.53	14.29	11.51
ENSG00000131668:BARX1	0	0	0.91	0.72	6.5	4.01	0.03	0.04	0.04	0.08
ENSG00000131669:NINJ1	38.58	63.8	103.01	105.24	35.62	30.08	0.33	1.01	4.5	15.53
ENSG00000131697:NPHP4	1.25	2.35	0.23	0.77	1.13	0.95	0.04	0.22	0.79	0.96
ENSG00000131711:MAP1B	2.97	3.54	36.76	13.35	2.31	2.48	0.07	0.48	1.01	0.08
ENSG00000131724:IL13RA1	14.91	22.57	13.34	12.23	65.09	32.94	11.03	24.43	18.96	28.03
ENSG00000131725:WDR44	4.57	6.35	4.54	3.57	13.43	13.55	1.99	3.22	14.03	5.24
ENSG00000131730:CKMT2	0.52	0.73	0	0	0	0	0.02	0.02	0	0
ENSG00000131732:ZCCHC9	10.48	17.98	13.23	11.17	10.24	10.19	2.18	3.52	26.59	10.78
ENSG00000131746:TNS4	57.08	68.38	78.15	31.86	0.24	0.33	0.64	2.78	0.26	0.66
ENSG00000131747:TOP2A	12.06	8.82	3.67	3.18	17.71	16.57	0.74	0.9	9	1.51
ENSG00000131748:STARD3	43.16	50.8	45.73	32.14	27.62	32.29	2.94	6.47	22.34	50.34
ENSG00000131759:RARA	7.53	12.09	10.23	12.39	34.72	36.41	2.48	7.68	6.64	23.38
ENSG00000131771:PPP1R1B	0.08	0.05	0.17	0.14	0	0.06	0.56	1.28	0	0.46
ENSG00000131773:KHDRBS3	1.75	1.83	11.05	14.54	13.93	18.19	0.88	1.83	2.02	1.36
ENSG00000131778:CHD1L	7.81	14.45	5.79	5.6	9.59	9.25	0.7	1.47	1.83	2.07
ENSG00000131779:PEX11B	19.9	21.78	26.94	24.83	14.09	12.59	1.97	3.97	6.72	12.2
ENSG00000131781:FMO5	1.91	3.09	6.92	12.34	3.11	2.04	0.56	0.75	11.99	3.38
ENSG00000131788:PIAS3	13.85	20.25	31.63	17.01	18.17	16.68	1.32	3.59	14.12	17.96
ENSG00000131808:FSHB	0	0	0	0	0	0	0.01	0	0	0
ENSG00000131831:RAI2	3.59	5.11	3.91	4.01	2.4	0.59	0.06	0.14	24.91	11.51
ENSG00000131844:MCCC2	26.28	25.63	5.93	8.51	8.33	7.32	1.34	3.42	36.76	24.93
ENSG00000131871:SELENOS	73.07	66.03	109.97	102.27	108.87	96.57	18.15	41.83	642.2	320.18
ENSG00000131873:CHSY1	108.88	134.26	16.03	10.65	23.71	16.41	3.08	8.67	31.15	4.59
ENSG00000131876:SNRPA1	39.08	37.7	27.34	27.78	57.7	61.09	6.4	9.63	16.75	15.56
ENSG00000131899:LLGL1	4.79	6.25	18	13.83	17.63	14.52	1.96	6.3	13.74	30.51
ENSG00000131910:NR0B2	0	0	0.04	0	0	0	0	0	0.11	0.13
ENSG00000131931:THAP1	7.1	10.42	7.44	4.95	4.61	5.57	0.84	1.98	7.44	8.49
ENSG00000131941:RHPN2	3.93	11.15	24.36	34.23	93.76	56.52	5.8	6.91	39.52	41.96
ENSG00000131943:C19orf12	13.31	15.07	24.19	22.65	3.84	5.97	0.4	0.69	2.84	1.65
ENSG00000131944:FAAP24	1.16	1.81	6.78	7.5	10.05	8.06	0.06	0.03	3.78	3.5
ENSG00000131951:LRRC9	0	0.16	0.32	0	0	0	0	0.01	0.42	0.24
ENSG00000131966:ACTR10	63.98	96.49	108.64	90.48	59.37	56.13	6.57	10.96	19.78	40.64
ENSG00000131979:GCH1	3.33	2.92	17.79	12.71	10.73	14.64	0.89	1.64	13.91	1.9
ENSG00000131981:LGALS3	28.97	61.76	962.93	923.8	1940.53	1517.18	10.67	9.04	4.84	61.55
ENSG00000132000:PODNL1	1.93	6.67	0.02	0.13	2.6	2.54	0.09	0.4	0.04	0.33
ENSG00000132002:DNAJB1	76.17	73.01	62.19	52.9	50.72	71.02	53.8	219.18	50.69	84.04
ENSG00000132003:ZSWIM4	3.39	3.65	38.42	21.63	8.83	10.26	3.21	10.74	11.17	8.06
ENSG00000132004:FBXW9	2.12	3.09	23.82	26.17	3.07	1.99	0.48	0.84	7.07	18.6
ENSG00000132005:RFX1	6.68	7.83	12.89	11.73	8.25	9.15	0.81	4	5.44	12.16
ENSG00000132016:BRME1	0.8	1.1	1.78	1.52	1.09	1.21	0.07	0	0.18	0.11
ENSG00000132024:CC2D1A	15.74	24.4	24.42	20.96	32.15	31.71	1.25	4.59	54.99	34.85
ENSG00000132026:RTBDN	0	0.03	0	0	0	0	0.01	0.05	1.3	7.14
ENSG00000132122:SPATA6	2.22	4.53	13.83	13.09	4.41	2.5	0.85	2.19	0.61	0.95
ENSG00000132128:LRRC41	47.02	49.72	53.46	42.51	42.14	41.77	2.68	6.96	30.35	14.65
ENSG00000132141:CCT6B	0.98	0.95	2.7	3.15	0.71	0.55	0.05	0	1.25	1
ENSG00000132153:DHX30	21.38	28.41	35.64	24.76	25.11	24.54	1.94	6.15	42.45	40.7
ENSG00000132155:RAF1	52.54	62.3	62.88	62.42	48.22	41.93	7.32	14.85	78.43	26.98
ENSG00000132164:SLC6A11	1.05	0.85	0	0	33.9	28.5	0	0	0	0.04
ENSG00000132170:PPARG	26.36	31.58	125.96	63.08	18.99	22.79	6.25	9.33	2.63	1.46
ENSG00000132182:NUP210	6.72	5.69	10.46	4.99	0.81	1.66	2.04	0.83	2.12	4.52
ENSG00000132196:HSD17B7	4.13	6.41	10.09	11.66	9.56	9.62	7.56	12.66	7.33	14.96
ENSG00000132205:EMILIN2	6.79	13.11	68.71	49.44	9.64	6.93	2.07	6.3	9.45	8.7
ENSG00000132254:ARFIP2	52.21	68.76	36.09	45.83	65.79	57.63	3.29	8.22	46.71	133.86
ENSG00000132259:CNGA4	0.03	0.12	0.05	0	0	0	0.1	0.44	0.79	1.57
ENSG00000132275:RRP8	6.51	9.76	20.07	13.16	3.34	3.66	1.13	3.03	5.07	11.13
ENSG00000132286:TIMM10B	16.11	18.46	49.1	41.84	7.61	6.5	6.74	14.84	5.97	19.72
ENSG00000132294:EFR3A	20.05	25.56	39.97	28.27	57.01	41.16	7.27	12.25	46.05	4.36
ENSG00000132297:HHLA1	4.48	8.61	0	0	0	0	0	0	0	0
ENSG00000132300:PTCD3	58.63	67.22	25.16	18.96	17.27	15.87	3.06	5.38	22.72	34.06
ENSG00000132305:IMMT	37.16	42.35	56.43	54.84	40.07	42.3	13.15	23.5	161.4	75.97
ENSG00000132313:MRPL35	12.98	18.17	12.79	10.06	34.29	28.65	2.64	4.08	47.17	106.39
ENSG00000132323:ILKAP	19.99	25.77	79.77	73.87	68.73	74.42	3.12	7.61	10.77	37.32
ENSG00000132326:PER2	4.37	5.64	3.5	5.91	3.62	4.11	0.36	1.14	2.67	4.94
ENSG00000132330:SCLY	2.35	2.83	17.18	17.29	14.1	15.4	0.1	0.47	12.46	39.28
ENSG00000132334:PTPRE	4.48	6.99	3.9	3.21	5.14	3.66	0.25	0.37	3.05	1.74
ENSG00000132356:PRKAA1	31.97	37.94	13.69	10.82	27.79	20.72	6.06	7.45	10.69	12.09
ENSG00000132359:RAP1GAP2	22.71	50.17	2.43	6.59	0.21	0.12	0.03	0.05	4.55	1.07
ENSG00000132376:INPP5K	25.97	33.05	50.67	54.58	38.1	49.42	2.53	5.93	51.99	31.09
ENSG00000132383:RPA1	17.73	22.98	16.95	17.32	41.12	36.7	3.06	5.78	9.83	5.09
ENSG00000132386:SERPINF1	112.08	246.62	3.14	10.83	20.96	18.59	21.26	47.84	72.62	111.7
ENSG00000132388:UBE2G1	20.93	21.69	18.95	14.53	49.14	46.53	7.8	16.65	2.4	0.34
ENSG00000132394:EEFSEC	7.86	7.81	8.14	8.29	12.67	12.68	0.99	3.39	12.16	12.57
ENSG00000132405:TBC1D14	16.73	21.21	20.76	16.66	18.09	14.01	0.17	0.45	11.47	1.15
ENSG00000132406:TMEM128	21.96	23.12	56.32	51.4	99.1	103.08	9.25	11.81	9.1	19.56
ENSG00000132423:COQ3	1.8	2.34	7.75	5.9	23.87	21.68	4.05	9.01	8.01	8.04
ENSG00000132424:PNISR	93.44	140.05	81.33	65.1	73.75	92.61	9.32	18.54	181.52	31.55
ENSG00000132429:POPDC3	1.15	0.83	14.13	6.42	0.3	0.33	0.2	0.08	0.83	0.43
ENSG00000132432:SEC61G	58.96	53.36	17.88	19.58	848.12	756.31	21.86	29.89	56.93	54.83
ENSG00000132434:LANCL2	12.28	12.43	6.36	5.47	25.24	21.59	2.11	4.45	11.62	9.12
ENSG00000132436:FIGNL1	6.16	6.86	2.41	1.08	2.69	2.02	0.11	0.15	2.2	1.16
ENSG00000132437:DDC	0	0.38	6.54	11.59	4.02	1.81	0.15	0.68	0.07	0.03
ENSG00000132463:GRSF1	31.64	28.88	59.95	53.01	94.87	74.36	2.07	3.63	357.55	86.28
ENSG00000132464:ENAM	0	0	0.01	0.01	0	0	0.01	0	0	0.02
ENSG00000132465:JCHAIN	0.25	0.1	0.56	0.6	4.18	3.43	0.56	1.1	0.43	0.82
ENSG00000132466:ANKRD17	23.32	31.38	99.61	58.8	21.35	18.6	4.86	10.29	33.15	7.58
ENSG00000132467:UTP3	18.62	19.45	27.2	30.13	29.66	25.43	1.23	2.04	37.74	35.54
ENSG00000132470:ITGB4	95.12	116.51	6.01	19.09	91.37	106.07	8.8	34.98	56.53	44.69
ENSG00000132478:UNK	22.67	30.31	23.14	12.94	9.93	9.14	0.65	2.6	2.37	3.29
ENSG00000132481:TRIM47	1.39	4.68	12.96	30.61	6.09	6.94	2.06	5.61	2.18	3.65
ENSG00000132485:ZRANB2	63.94	71.25	38.14	27.01	47.28	53.15	11.67	16.85	24.3	26.13
ENSG00000132518:GUCY2D	0	0.14	0.03	0	0.09	0.15	0.3	1.5	0.44	0.07
ENSG00000132522:GPS2	56.88	87.01	48.97	38.48	96.92	89.96	2.95	7.81	53	95.77
ENSG00000132535:DLG4	6.33	9.65	8.26	5.12	3.04	3.06	0.24	0.69	3.22	1.56
ENSG00000132541:RIDA	4.45	6.08	7.53	14.08	66.44	48.05	2.95	4.74	422.16	249.63
ENSG00000132549:VPS13B	5.78	8.92	9.13	6.61	6.96	6.9	2.6	4.39	3.41	0.67
ENSG00000132554:RGS22	0	0.36	0.15	0.04	0.34	0.3	0.16	0.3	3.67	0.85
ENSG00000132561:MATN2	12.66	49.36	24.57	34.12	5.25	6.41	0.11	0.3	0.13	0.18
ENSG00000132563:REEP2	0.22	1.63	1.06	0.84	1.39	1.68	0.35	0.92	0.71	0
ENSG00000132581:SDF2	30.81	34.96	88.86	92.68	60.58	66.58	12.58	22.14	49.25	185.74
ENSG00000132589:FLOT2	47.23	62.72	23.56	25.19	27.58	22.12	1.49	4.47	24.72	28.25
ENSG00000132591:ERAL1	18.34	25.5	10.51	10.05	20.44	18.86	1.58	4.42	9.73	32.31
ENSG00000132600:PRMT7	15.48	22.38	10.9	8.63	13.38	15.58	3.41	7.44	21.58	17.13
ENSG00000132603:NIP7	8.96	8.07	27.06	27.05	14.51	8.2	4.24	7.45	7.92	19.35
ENSG00000132604:TERF2	13.05	21.8	26.72	25.32	39.36	34.87	1.79	3.48	8.77	7.86
ENSG00000132612:VPS4A	23.05	27.55	37.41	34.86	66.64	58.37	0.93	2.16	106.33	60.13
ENSG00000132613:MTSS2	30.99	52.55	42.39	14.19	11.37	13.59	0.95	3.84	9.1	6.03
ENSG00000132622:HSPA12B	9.87	12.54	17.33	12.6	14.48	18.7	1.53	3.02	7.96	13.35
ENSG00000132623:ANKEF1	1.12	0.58	0.02	0	0.06	0	0.01	0	0.27	0.12
ENSG00000132639:SNAP25	0.42	0.15	0	0	0	0	0.03	0.09	0.18	0.12
ENSG00000132640:BTBD3	44.04	54.23	101.88	68.97	86.29	67.83	4.4	7.33	162.32	28.2
ENSG00000132664:POLR3F	8.33	10.38	11.53	7.01	18.87	16.64	1.87	3.11	0	0
ENSG00000132669:RIN2	14.86	23.13	61.38	33.58	45.36	32.36	1.57	4.52	25.81	4.64
ENSG00000132670:PTPRA	38.64	45.76	155.87	94.49	43.28	43.72	5.29	10.94	35.76	50.24
ENSG00000132676:DAP3	41.02	54.5	54.8	66.5	26.32	25.33	7.55	13.54	37.96	29.65
ENSG00000132677:RHBG	0.24	0.17	0	0	17.09	28.74	0.42	0.5	0	0.02
ENSG00000132680:KHDC4	48.93	67.65	40.34	30.76	41.76	41.81	8.25	14.49	16.72	12.35
ENSG00000132688:NES	5.99	6.1	9.38	8.4	19.82	20.89	1.31	2.14	5.29	4.11
ENSG00000132692:BCAN	0	0	0.1	0	0	0	0.12	0.24	0	0
ENSG00000132694:ARHGEF11	17.84	25.72	39.14	24.91	26.09	24.67	1.08	4.14	17.19	15.05
ENSG00000132698:RAB25	20.72	28.89	2.2	1.53	127.28	105.75	3.93	8.27	98.42	115.31
ENSG00000132703:APCS	0.12	0.49	0	0.46	0	0	0	0.01	0	0
ENSG00000132718:SYT11	3.74	4.69	25.65	12.86	4.87	2.91	0.87	2.43	1.73	0.76
ENSG00000132740:IGHMBP2	12.94	12.74	4.09	3.09	22.2	25.87	1.31	5.16	9.14	6.89
ENSG00000132749:TESMIN	0.59	0.78	0.13	0	0	0.05	0.04	0.04	0	0.14
ENSG00000132763:MMACHC	1.16	1.41	6.01	6.04	4.7	6.48	0.14	1.11	8.41	44.64
ENSG00000132768:DPH2	8.14	7.82	4.23	3.43	9.7	10.33	1.06	2.07	1.12	7.78
ENSG00000132773:TOE1	15.78	11.57	15.37	10.99	15.65	13.22	0.86	2.02	34.82	69.39
ENSG00000132780:NASP	100.59	129.17	21.51	20.74	122.04	100.93	8.18	15.19	60.66	67.28
ENSG00000132792:CTNNBL1	29.37	29.86	42.16	26.08	31.31	25.63	5.87	11.28	40.49	20.69
ENSG00000132793:LPIN3	7.67	9.47	18.74	18.11	12.04	9.4	0.84	1.82	0.04	0
ENSG00000132801:ZSWIM3	0.58	1.13	9.5	6.66	0.5	0.28	0.26	0.73	2.53	2.3
ENSG00000132819:RBM38	4.27	5.7	17.37	22.73	65.53	72.58	0.29	0.6	28.21	17.17
ENSG00000132821:VSTM2L	0.1	0.91	0.22	0	2.82	1.28	0	0	0.92	0.65
ENSG00000132823:OSER1	52.27	59.35	73.9	69.13	45.03	46.04	11.1	18.25	37.35	43.65
ENSG00000132824:SERINC3	134.3	138.94	226.38	201.13	89.3	76.1	25.66	40.28	40.75	37.74
ENSG00000132825:PPP1R3D	4.41	5.99	2.12	2.04	1.97	1.91	3.22	6.7	0.82	0
ENSG00000132837:DMGDH	0.45	0.59	8.76	7.36	0.46	0.36	0	0	0.26	0.36
ENSG00000132842:AP3B1	17.71	19.73	32.54	35.76	106.79	117.84	7.64	13.4	40.41	18.04
ENSG00000132855:ANGPTL3	0.46	0.5	0.28	3.26	0	0	0.07	0.14	0	0
ENSG00000132872:SYT4	0.05	0	0	0	6.11	5.51	0.01	0.01	0.03	0.03
ENSG00000132874:SLC14A2	0.41	0.33	1.05	0.42	7.74	6.08	0	0.01	0.64	0.33
ENSG00000132881:CPLANE2	2.38	1.5	1.13	0.63	3.79	3.66	0.02	0.09	1.85	6.35
ENSG00000132906:CASP9	10.14	14.7	15.5	12.76	13.23	14.02	1.47	3.72	2.96	8.15
ENSG00000132911:NMUR2	0.09	0.03	0	0	0	0.04	0.01	0	0	0
ENSG00000132912:DCTN4	42.63	57.22	46.82	26.6	42.82	28.36	3.86	9.76	13.05	3.84
ENSG00000132915:PDE6A	1.52	2.24	0.54	0.37	0.6	0.81	0.83	1.16	0.3	2.12
ENSG00000132932:ATP8A2	0.14	0.31	1.56	1.9	0.16	0.12	0.06	0.08	1.56	0.37
ENSG00000132938:MTUS2	0.01	0.08	5.83	8.12	0.05	0.25	0.89	2.41	48.97	2.87
ENSG00000132952:USPL1	7.67	8.91	40.96	25.23	9.04	9.83	1.72	3.51	5.5	9.01
ENSG00000132953:XPO4	5.4	7.52	5.79	3.52	18.38	13.75	2.59	6.33	2.1	2.72
ENSG00000132963:POMP	34.64	39.4	100.93	93.71	248.08	244.69	12.08	18.85	48.83	152.89
ENSG00000132964:CDK8	6.04	8.73	20.87	18.29	60.23	60.69	3.27	6.67	22.54	5.22
ENSG00000132965:ALOX5AP	8.77	27.78	8.28	12.3	1.81	3.81	2.1	3.41	1.98	7.03
ENSG00000132970:WASF3	0.27	0.6	1.38	1.06	1.25	0.87	0.26	1.55	0.33	0.06
ENSG00000132972:RNF17	0.56	0.07	7.65	4.33	0	0.06	0.15	0.33	0.01	0
ENSG00000133019:CHRM3	1.06	0.71	0.43	0.18	0.34	0.07	0.43	0.34	0.22	0.04
ENSG00000133020:MYH8	0.01	0.01	0.11	0.14	0	0	0.01	0.03	0	0
ENSG00000133027:PEMT	6.26	8.35	2.89	5.32	24.17	24.59	4.49	11.69	6.45	18.26
ENSG00000133030:MPRIP	89.9	142.05	178.7	123.41	157.8	142.57	8.94	36.59	57.57	19.93
ENSG00000133048:CHI3L1	2.5	4.55	1.26	12.74	15.4	3.48	40.66	133.24	1.44	24.54
ENSG00000133055:MYBPH	0.83	0.68	0.13	0.48	0.61	0.26	2.81	6.5	0.05	0.3
ENSG00000133056:PIK3C2B	40.78	73.53	3.28	1.88	4.94	5.05	1.87	4.51	23.3	5.47
ENSG00000133059:DSTYK	3.3	4.65	24.14	13.3	7.66	7.34	1.77	3.59	5.33	0.27
ENSG00000133065:SLC41A1	3.7	6.01	26.32	12.23	4.2	3.94	0.62	1.2	2.02	0.78
ENSG00000133067:LGR6	0.86	1.01	2.18	1.73	0.07	0.11	0	0.01	0.33	0.35
ENSG00000133069:TMCC2	0.79	2.32	7.61	6.15	0.21	0.23	0.13	0.22	4.05	2.77
ENSG00000133083:DCLK1	0.01	0.05	0.49	0.2	0.09	0.09	0.43	1.03	0.4	0.08
ENSG00000133101:CCNA1	0	0.07	0	0	4.72	4.25	0.06	0.08	0.69	0.22
ENSG00000133103:COG6	16.34	14.15	20.08	16.57	16.45	16.37	2.11	3.86	12.82	4.54
ENSG00000133104:SPART	94.77	106.84	36.51	34.55	69.53	75.14	13.8	32.68	6.24	0.84
ENSG00000133105:RXFP2	0	0	2.35	1.51	7.3	10.14	0.01	0.02	0.04	0
ENSG00000133106:EPSTI1	4.61	8.28	1.15	1.78	21.07	19.13	0.38	0.28	1.94	1.49
ENSG00000133107:TRPC4	0.25	0.16	0.38	0.22	0	0	0.18	0.26	1.71	0.38
ENSG00000133110:POSTN	87.22	97.07	58.01	34.24	6.16	14.78	98.78	180.85	46.84	36.92
ENSG00000133115:STOML3	0.21	0.16	0.38	0.09	3.62	10.41	0.27	0.97	1.91	2.23
ENSG00000133119:RFC3	9.36	5.92	9.28	10.28	24.32	20.09	1.11	1.25	4.47	5.48
ENSG00000133121:STARD13	22.69	28.72	15.97	8.73	23.7	18.37	1.41	2.65	12	3.74
ENSG00000133124:IRS4	0	0.06	0.01	0	0	0.05	0	0.02	0.45	0.03
ENSG00000133131:MORC4	103.68	169.61	59.84	51.81	2.94	2.1	2.35	4.69	72.26	85.58
ENSG00000133135:RNF128	5.4	15.51	183.1	135.43	12.84	14.86	10.81	18.68	17	30.05
ENSG00000133138:TBC1D8B	16.34	15.28	9.22	6.8	1.72	1.23	0.82	1.7	11.06	1.13
ENSG00000133195:SLC39A11	4.85	5.29	13.04	13.78	16.43	16.11	10.84	25.5	15.08	11.47
ENSG00000133216:EPHB2	5.69	8.96	0.6	1.15	0.25	0.03	0	0.02	0.12	0.07
ENSG00000133226:SRRM1	95.97	153.3	124.56	70.56	84.95	76.02	5.09	12.22	100.4	18.83
ENSG00000133243:BTBD2	24.61	32.5	17.38	18.31	49.35	49.38	7.02	19.02	16.92	9.06
ENSG00000133250:ZNF414	14.37	14.4	23.1	23.66	16.3	17.44	0.46	1.07	3.4	7.93
ENSG00000133256:PDE6B	0.77	1.47	0.02	0	0.06	0.02	0	0.03	0.02	0.02
ENSG00000133265:HSPBP1	5.33	6.31	21.24	20.8	20.15	18.01	1.79	5.15	12.81	35.76
ENSG00000133275:CSNK1G2	27.24	36.5	97.6	84.03	57.37	51.74	5.66	15.13	38.9	30.91
ENSG00000133302:SLF1	1.61	3.04	6.3	5.75	4.62	3.25	0.6	0.96	1.07	0.41
ENSG00000133313:CNDP2	80.52	84.96	83.58	172.04	378.28	383.18	15.34	25.07	59.4	76.33
ENSG00000133316:WDR74	17.61	19.63	28.59	19.88	19.86	18.63	3.42	6.61	6.23	23.44
ENSG00000133317:LGALS12	0.03	0	0.26	0	0	0	0	0.04	0.07	0
ENSG00000133318:RTN3	44.44	72.05	116.38	107.83	143.47	162.36	11.09	18.5	158.45	233.16
ENSG00000133392:MYH11	28.02	46.61	15.12	11.49	71.86	46.29	19.58	75.25	58.28	49.61
ENSG00000133398:MED10	15.73	22.5	78.54	67.67	65.33	50.75	3.78	5.78	1.16	3.14
ENSG00000133424:LARGE1	1.95	8.89	30.95	31.85	9.53	5.01	1.35	3.64	1.42	2.3
ENSG00000133454:MYO18B	0.21	0.58	16.96	17.16	1.19	0.03	0	0.03	0.18	0.06
ENSG00000133466:C1QTNF6	68.03	72.48	76.11	59.71	18.42	17.01	1.06	2.51	3.2	9.82
ENSG00000133477:FAM83F	0.07	0.12	5.62	4.3	7.31	7.58	2.09	6.25	2.29	7.22
ENSG00000133488:SEC14L4	0.19	0.47	0.18	0.4	3.24	2.86	0.01	0.01	1.15	0.07
ENSG00000133561:GIMAP6	14.93	24.36	9.3	9.8	1.75	0.96	0.81	1.6	18.57	7.85
ENSG00000133597:ADCK2	8.09	12.23	26.78	21.21	13.87	11.37	0.64	2.53	3.21	2.72
ENSG00000133612:AGAP3	21.31	40.72	85.93	63.07	38	36.51	2.33	7.59	9.08	22.42
ENSG00000133619:KRBA1	3.32	4.76	8.72	5.31	4.65	8.49	0.1	0.28	0.97	0.86
ENSG00000133636:NTS	0.82	0.45	0	0	62.48	30.33	0	0.01	0	0
ENSG00000133639:BTG1	82.36	82.58	113.79	70.36	202.76	139.53	33.35	67.95	495.12	290.96
ENSG00000133641:RLIG1	4.45	6.09	2.61	2.15	15.98	15.67	1.44	2.23	13.34	5.23
ENSG00000133657:ATP13A3	35.97	39.63	88	52.09	136.53	137.01	16.19	20.31	9.04	9.43
ENSG00000133665:DYDC2	0.04	0.1	0.13	0	0	0	0.01	0.02	0.7	0.11
ENSG00000133678:TMEM254	23.28	23.43	13.58	1.71	149.26	191.97	3.67	7.62	8.18	31.34
ENSG00000133687:TMTC1	1.39	2.52	6.39	10.38	3.12	3.75	1.6	3.61	2.95	1.53
ENSG00000133703:KRAS	15.52	19.2	52.3	37.39	20.75	14.15	4.28	6.2	19.59	0
ENSG00000133704:IPO8	13.62	18.41	17.63	14.77	11.81	10.39	2.36	4.24	22.99	23.35
ENSG00000133706:LARS1	31.87	44.01	48.52	39.74	23.04	19.06	3.82	6.41	21.51	13.95
ENSG00000133710:SPINK5	3.66	5.24	0.06	0.03	0.63	0.59	0.26	0.1	0.17	0.2
ENSG00000133740:E2F5	6.77	7.29	6.34	6.06	26.3	20.06	0.44	0.52	33.97	14.49
ENSG00000133789:SWAP70	40.31	47.23	26.22	22.92	210.31	198.48	8.08	13.22	14.16	6.92
ENSG00000133794:BMAL1	9.89	8.15	26.71	13.1	45.77	15.12	1.04	2.59	13.91	10.23
ENSG00000133800:LYVE1	34.96	75.6	25.21	26.87	20.88	18.43	5.76	9.2	24.03	37.54
ENSG00000133805:AMPD3	7.07	10.17	65.23	67.38	33.4	6.85	0.74	1.77	5.4	1.09
ENSG00000133812:SBF2	20.48	30.25	18.9	16.53	26.22	22.85	5.19	9.5	10.99	2.83
ENSG00000133816:MICAL2	4.48	9.2	41.56	31.46	4.25	4.53	1.27	2.56	9.35	2.24
ENSG00000133835:HSD17B4	88.28	103.54	83.96	52.36	53.35	54.9	6.9	12.78	62.58	57.67
ENSG00000133858:ZFC3H1	51.42	88.22	56.58	50.1	22.26	21.05	5.25	11.1	24.13	6.38
ENSG00000133863:TEX15	0	0.01	4.33	1.45	0.41	0.18	0.02	0.02	0.45	0.05
ENSG00000133872:SARAF	224.72	216.88	203.23	152.9	161.59	176.7	23.39	38.37	142.52	45.85
ENSG00000133874:RNF122	0.72	1.13	4.26	3.94	23.11	21.11	0.64	1.39	4.79	48.22
ENSG00000133878:DUSP26	0	0	0.16	0.14	19.4	30.61	0.29	0.63	3.73	17.16
ENSG00000133884:DPF2	35.75	33.75	40.36	39.96	68.01	61.13	4.66	12.22	0	0
ENSG00000133958:UNC79	0.03	0.15	0.08	0	0.03	0.01	0.32	1.08	0.18	0.21
ENSG00000133961:NUMB	44.95	55.36	70.98	41.82	34.9	35.67	4.08	8.58	18.6	15.72
ENSG00000133980:VRTN	0	0	0	0	0.04	0	0	0	0.04	0.07
ENSG00000133983:COX16	14.57	14.29	41.61	38.18	43.29	43.99	1.64	2.51	21.53	9.54
ENSG00000133985:TTC9	5.87	7.15	1.12	0.36	25.93	8.4	0.57	1.06	15.03	2.91
ENSG00000133997:MED6	19.05	20.3	31.87	30.13	44.58	39.97	4.27	6.5	13.09	29.93
ENSG00000134001:EIF2S1	42.08	36.04	40.6	40.51	58.66	44.56	6.8	9.91	106.57	85.62
ENSG00000134013:LOXL2	12.54	19.53	46.03	36.43	43.99	33.83	1.57	3.69	6.4	1.85
ENSG00000134014:ELP3	13.92	12.84	34.07	27.99	8.23	6.69	1.78	3.93	19.08	13.8
ENSG00000134020:PEBP4	0.3	0.36	0	0	3.92	0.55	0.02	0	0.61	2.83
ENSG00000134030:CTIF	2.46	5.43	12.86	6.39	9.41	8.66	0.64	2.18	20.88	3.08
ENSG00000134042:MRO	0.39	1.25	0	0.95	0.16	0	0	0.01	0.04	0.07
ENSG00000134046:MBD2	86.41	102.31	147.57	163.83	85.29	49.89	1.76	4.81	168.24	45.56
ENSG00000134058:CDK7	25.01	36.36	46.1	36.43	88.53	86.61	9.27	17.57	54.62	35.84
ENSG00000134061:CD180	1.56	2.22	1.87	1.17	0.4	0.28	0.23	0.32	0.18	0.07
ENSG00000134070:IRAK2	0.97	1.55	79.56	53.22	13.23	7.59	0.77	1.53	46.5	24.81
ENSG00000134072:CAMK1	2.77	3.72	62.99	53.03	17.67	23.03	3.86	12.79	14.03	13.22
ENSG00000134077:THUMPD3	23.36	25.79	33.7	25.34	25.12	28.51	3.73	6.36	13.04	12.75
ENSG00000134107:BHLHE40	13.21	45.3	101.7	64.65	95.87	69.18	16.49	52.84	29.33	39.48
ENSG00000134108:ARL8B	120.97	114.09	74.72	48.7	91.74	70.67	11.92	26.92	84.87	13.28
ENSG00000134109:EDEM1	29.87	32.39	75.93	74.52	51.11	45.15	17.96	36.71	35.9	4.9
ENSG00000134115:CNTN6	0.08	0.1	0.14	0.13	0	0	0	0	0	0.08
ENSG00000134121:CHL1	0	0	0.03	0.01	0	0	0.64	0.5	3.27	0.22
ENSG00000134138:MEIS2	4.3	8.07	20.82	11.99	17.62	21.12	2.48	6.54	2.92	6.21
ENSG00000134146:DPH6	7.31	7.85	6.64	4.24	7.47	6.84	0.82	1.68	2.05	1.16
ENSG00000134153:EMC7	75.31	94.48	21.6	20.01	112.24	117.37	11.01	20.02	80.7	177.42
ENSG00000134160:TRPM1	0.32	0.37	0.68	0.23	0.11	0.18	0	0	0	0
ENSG00000134183:GNAT2	0.42	0.27	3.73	0.6	0.8	0.59	0.07	0.14	1.54	0.58
ENSG00000134193:REG4	0	0	0	0	45.98	24.28	0	0	0	0
ENSG00000134198:TSPAN2	0.3	0.95	7.29	5.05	3.55	2.97	0.32	1.78	4.79	4.2
ENSG00000134200:TSHB	0	0	0.23	0	0	0	0	0	0	0
ENSG00000134202:GSTM3	5.28	4.45	14.75	40	85.07	39.42	3.19	0.31	434.75	592.2
ENSG00000134207:SYT6	0.12	0.59	0.03	0	0.05	0.15	0.08	0.16	0.44	0
ENSG00000134215:VAV3	94.34	106.92	5.62	4.96	32.67	12.59	2.79	4.35	27.21	25.93
ENSG00000134222:PSRC1	3.64	2.72	1.79	3.53	16.19	12.43	0.73	1.01	0.16	0.77
ENSG00000134242:PTPN22	0.26	0.41	0.77	1.26	1.43	0.96	0.04	0.03	0.53	0
ENSG00000134243:SORT1	38.85	45.85	4.29	3.47	11.63	7.8	2.86	6.67	15.93	4.92
ENSG00000134245:WNT2B	5.26	10.6	1.14	0.61	2.13	2.45	0.52	1.16	0.09	0.23
ENSG00000134247:PTGFRN	44.91	40.62	30.31	16.56	87.83	50.09	0.78	2.67	6.61	4.9
ENSG00000134250:NOTCH2	13.99	29.44	31.21	11.33	9.74	3.64	2.59	8.56	4.9	0.64
ENSG00000134253:TRIM45	4.08	7.1	3.54	2.73	7.52	8.8	0.51	1.17	4.15	20.69
ENSG00000134255:CEPT1	33.81	33.33	30.03	32.97	32.32	24.77	5.28	8.57	18.07	28.67
ENSG00000134256:CD101	0.75	1.19	0.12	0	2.03	3.45	0	0.01	0.38	0.32
ENSG00000134258:VTCN1	0.62	1.29	16.34	11.64	0.09	0	1.16	2.66	2.31	7.91
ENSG00000134259:NGF	0.3	1.14	1.19	1.71	0.28	0.43	0.23	0.48	5.74	4.39
ENSG00000134262:AP4B1	6.39	15.72	17.98	13.22	12.15	13.9	0.77	1.68	16.22	16.58
ENSG00000134265:NAPG	23.02	24.08	21.33	17.94	29.13	27.4	1.08	2.53	0	0
ENSG00000134278:SPIRE1	2.22	4.06	28.12	18.62	12.12	10.5	1.84	5.31	3.3	1.38
ENSG00000134283:PPHLN1	28.4	33.19	31.18	14.46	16.6	18.56	4.75	8.08	19.99	6.07
ENSG00000134294:SLC38A2	158.57	217.84	112.14	67.99	71.84	56.36	24.08	29.12	38.37	17.5
ENSG00000134313:KIDINS220	20.73	31.75	40.09	38.91	101.22	122.45	6.17	14.67	42.11	2.7
ENSG00000134317:GRHL1	43.54	56.88	8.18	4.02	26.94	35.89	3.28	9.9	38.28	4.16
ENSG00000134318:ROCK2	17.16	22.08	57.8	40.49	29.63	29.39	8.57	14.25	58.46	2.15
ENSG00000134321:RSAD2	3.9	3.41	25.1	26.1	6.68	8.3	0.2	0.06	13.49	1.07
ENSG00000134324:LPIN1	12.24	17.39	8.08	27.97	4.61	3.57	0.83	3.18	6.77	3.55
ENSG00000134326:CMPK2	3.46	3.74	7.49	8.72	7.6	8.04	0.31	0.63	3.82	1.02
ENSG00000134330:IAH1	14.3	20.94	24.91	49.55	34.18	36.78	3.23	7.72	41.43	83.7
ENSG00000134343:ANO3	1.83	2.24	0.01	0	0.96	0.97	2.56	6	1.04	0.91
ENSG00000134352:IL6ST	87.24	200.74	122.91	80.4	49.31	56.94	31.99	54.95	54.99	34.15
ENSG00000134363:FST	0.86	8.03	11.55	10.18	77.45	56.78	0.49	1.97	73.64	2.6
ENSG00000134369:NAV1	8.35	24.26	38.61	17.47	3.71	4.01	0.56	2.13	5.83	4.52
ENSG00000134375:TIMM17A	31.51	36.3	95.31	73.06	45.98	30.47	8.11	16.63	20.46	48.96
ENSG00000134376:CRB1	0	0.06	0.03	0	0.04	0.02	0.01	0	0	0
ENSG00000134398:ERN2	0.04	0	0.03	0	0.3	0.13	0	0	0.97	6.98
ENSG00000134438:RAX	0	0	0	0	0	0	0	0	0	0
ENSG00000134440:NARS1	47.13	54.36	93.59	107.26	87.42	79.87	17.02	27.94	89.85	38.96
ENSG00000134443:GRP	0	0	0.05	0	0.86	0.85	0	0	0	0.13
ENSG00000134444:RELCH	18.21	17.79	20.03	12.61	17.31	13.36	3.03	5.86	21.23	3.29
ENSG00000134452:FBH1	32.45	41.81	65.99	39.25	25.82	19.35	1.36	3.32	15.69	4.73
ENSG00000134461:ANKRD16	1.51	2.2	39.09	32.16	11.24	12.19	0.56	1.87	1.33	0.06
ENSG00000134463:ECHDC3	7.58	11.03	4.51	8.07	6.67	6.43	0.57	1.55	7.77	15.54
ENSG00000134480:CCNH	67.66	71.63	11.21	8.22	20.83	18.93	2.2	3.81	44.57	40.51
ENSG00000134489:HRH4	0.05	0.06	0	0	0.44	0	0.03	0.08	0	0
ENSG00000134490:TMEM241	4.84	4.41	7.74	7.25	4.42	3.51	0.36	0.87	2.15	1.18
ENSG00000134504:KCTD1	24.19	33.25	7.23	4.5	3.62	6.16	0.39	0.8	17.54	10.4
ENSG00000134508:CABLES1	11.71	15.81	18.13	14.44	16.63	15.73	0.8	1.84	2.75	2.09
ENSG00000134516:DOCK2	1.52	4.95	0.95	1.95	2.07	1.02	0.44	0.82	0.15	0.03
ENSG00000134531:EMP1	36.03	37.07	79.75	165.56	53.22	41.86	108.8	109.52	18.46	33.54
ENSG00000134532:SOX5	2.23	5.85	5.33	5.56	1.5	1.5	4.73	10.36	1.51	0.57
ENSG00000134533:RERG	23.11	24.12	4.39	5.4	0.56	0.48	0.43	0.92	7.7	1.29
ENSG00000134548:SPX	1.41	11.29	3.95	0.7	1.52	1.59	0.6	0.88	0	0
ENSG00000134569:LRP4	3.06	3.69	5.71	11.87	5.97	5.16	0.52	1.98	2.56	0.22
ENSG00000134571:MYBPC3	0.28	0.2	0.28	0.06	0.26	0.47	0.31	0.97	1.52	1.32
ENSG00000134575:ACP2	61.19	40.84	37.75	29.44	22.29	19.94	2.4	6.7	36.43	46.97
ENSG00000134594:RAB33A	0.28	0.14	0.17	0	12.93	13.82	0.01	0.05	4.87	6.89
ENSG00000134595:SOX3	0	0	2.12	1.41	0	0	0	0.05	0.23	0.07
ENSG00000134602:STK26	49.73	50.46	0.87	1.54	40.07	49	11.42	14.82	35.87	4.58
ENSG00000134627:PIWIL4	2.23	2	0.13	0.11	0	0	0.05	0.01	0.47	0.43
ENSG00000134644:PUM1	47.39	50.83	42.83	28.89	50.26	41.32	9.75	20.32	22.49	11.15
ENSG00000134668:SPOCD1	0.44	0.56	0.44	0.05	0.3	0.63	0.08	0.13	0.35	0.63
ENSG00000134684:YARS1	26.42	33.86	41.88	43.9	24.02	21.93	3.97	8.88	43.45	44.05
ENSG00000134686:PHC2	29.31	44.42	75.65	54.62	53.35	53.5	3.94	8.79	10.82	9.03
ENSG00000134690:CDCA8	3.41	2.47	1.9	3.49	9.53	6.97	0.24	0.28	1.54	0.28
ENSG00000134697:GNL2	23.34	30.88	35.62	36.93	34.32	34.45	3.17	5.76	55.31	27.79
ENSG00000134717:BTF3L4	32.17	38.32	10.51	5.35	101.12	78.59	6.64	8.46	0	0.19
ENSG00000134744:TUT4	37.19	56.96	47.66	52.07	16.69	13.5	1.65	3.28	21.35	10.2
ENSG00000134748:PRPF38A	24.28	24.8	26.38	26.47	18.88	16.38	3.26	5.82	12.9	14.94
ENSG00000134755:DSC2	29.71	32.36	64.85	27.02	16.6	13.75	11.46	13.95	3.39	1.16
ENSG00000134757:DSG3	0.12	0.07	0.26	0.06	0.04	0.15	0.01	0.01	2.98	0.27
ENSG00000134758:RNF138	15.97	16.86	24.11	12.48	6.17	4.67	2.33	3.56	0	0
ENSG00000134759:ELP2	44.41	40.93	35.13	27.96	15.69	11.77	2.15	3.36	6.66	10.33
ENSG00000134762:DSC3	13.27	17.9	0.17	0.14	0	0	0.03	0.1	17.62	1.99
ENSG00000134765:DSC1	0.12	0.11	0.12	0	0	0.01	0.24	0.19	0.17	0
ENSG00000134769:DTNA	1.37	2.37	26.29	16.59	0.57	1.04	0.51	1.1	8.63	3.73
ENSG00000134775:FHOD3	0.36	0.39	4.58	7.83	4.9	4.83	0.07	0.2	1.46	0.7
ENSG00000134802:SLC43A3	3.1	5.82	62.5	54.07	4.4	7.16	2.26	5.81	17.84	227.94
ENSG00000134809:TIMM10	12.51	14.76	21.32	17.22	78.02	62.44	4.21	9.41	92.01	149.56
ENSG00000134812:CBLIF	0.07	0.17	0	0	0.29	0.85	0	0	0	0
ENSG00000134815:DHX34	6	8.15	8.33	7.48	6.08	4.02	0.89	3.32	5.46	8.08
ENSG00000134817:APLNR	87.92	104.76	1.77	2.97	4.06	8.29	4.4	12.4	1.95	1.98
ENSG00000134824:FADS2	11.87	18.8	32.66	29.31	250.74	267.86	4.56	7.94	26.95	8.31
ENSG00000134825:TMEM258	47.22	42.49	97.6	125.21	178.45	202.07	19.69	36.6	22.55	118.67
ENSG00000134830:C5AR2	0.99	1.99	5.1	8.3	14.6	10.3	0.23	1.2	0.8	1.08
ENSG00000134851:TMEM165	57.65	83.11	99.13	98.61	49.47	43.14	6.67	11.56	151.6	86.44
ENSG00000134852:CLOCK	11.02	9.02	12.73	8.53	3.44	2.78	2.99	5.22	3.74	0.41
ENSG00000134853:PDGFRA	3.5	22.83	276.62	62.83	15.31	10.63	5.4	13.48	18.37	1.65
ENSG00000134864:GGACT	2.09	1.73	5.54	31.69	14.22	9.41	6.22	9.33	4.91	15.2
ENSG00000134871:COL4A2	265.11	398.39	461.16	365.78	495.3	429.23	32.73	138.82	200.96	66.1
ENSG00000134873:CLDN10	0.09	0.05	1.5	1.88	0	0	0.01	0.07	1.06	7.47
ENSG00000134874:DZIP1	4.84	7.08	2.93	1.89	4.65	4.64	1.39	3.87	1.89	0.5
ENSG00000134882:UBAC2	42.28	59.99	39.52	33.63	30.95	26.58	4.06	8.81	47.36	22.32
ENSG00000134884:ARGLU1	129.95	206.05	53.94	43.13	197.68	203.62	11.64	23.39	193.88	37.64
ENSG00000134900:TPP2	30.35	53.01	51.94	33.19	10.39	9.84	9.69	16.86	5.59	6.91
ENSG00000134901:POGLUT2	5.11	6.62	38.06	29.39	17.55	16.57	0.77	1.88	9.75	12.59
ENSG00000134905:CARS2	20.85	30.45	11.29	10.3	31.43	22.14	2.24	6.94	8.66	15.38
ENSG00000134909:ARHGAP32	14.26	15.41	8.79	3.27	21	17.46	1.29	2.69	8.9	0.53
ENSG00000134910:STT3A	127.34	115.04	195.34	128.58	101.48	99.63	22.3	34.16	59.58	56.08
ENSG00000134954:ETS1	24.61	31.93	16.34	12.45	29.4	22.38	7.94	15.49	17.85	6.24
ENSG00000134962:KLB	0.3	0.56	1.46	1.99	0.1	0.14	0.15	0.35	1.49	0.37
ENSG00000134970:TMED7	53.29	45.22	63.73	50.16	127.71	113.61	20.07	26.47	138.43	109.52
ENSG00000134982:APC	5.1	6	19.39	9.38	15.67	17.63	2.38	4.84	20.35	3.65
ENSG00000134986:NREP	64.83	76.92	22.36	33.5	8.24	8.63	6.42	12.97	5.51	0.61
ENSG00000134996:OSTF1	45.98	54.38	133.66	143.16	263.09	257.23	17.06	26.93	92.32	49.27
ENSG00000135018:UBQLN1	68.05	70.92	69.6	56.17	94.93	83.59	14.25	25.51	119	19.77
ENSG00000135040:NAA35	8.57	8.49	47.45	39.79	27.93	19.96	2.22	3.83	44.24	17.66
ENSG00000135045:C9orf40	2.81	2.98	15.74	16.62	21.15	16.5	0.83	1.51	0.71	2.57
ENSG00000135046:ANXA1	873.18	925.61	307.1	367.98	469.3	450.21	62.34	70.03	987.59	913.64
ENSG00000135048:CEMIP2	163.97	182.4	9.36	5.88	18.9	18.21	5.92	12.95	11.53	4.32
ENSG00000135049:AGTPBP1	4.41	6.5	11.54	13.62	2.84	2.56	0.4	0.74	9.39	4.67
ENSG00000135052:GOLM1	18.56	17.68	53.82	42.82	37.14	28.95	3.54	7.48	84.28	8.26
ENSG00000135063:ENTREP1	1.15	2.17	26.32	19.81	4.57	2.46	4.54	12.91	75.77	46.64
ENSG00000135069:PSAT1	2.21	1.37	7.29	27.01	4.26	4.38	1.59	3.96	2.41	1.7
ENSG00000135090:TAOK3	11.29	17.41	10.1	15.33	37.8	38.49	1.9	3.72	11.02	6.88
ENSG00000135093:USP30	7.14	10.44	16.67	9.8	31.07	28.01	0.75	2.38	2.28	3.39
ENSG00000135094:SDS	0.65	0.34	0.36	0	5.58	7.93	0.49	0.95	3.49	1.62
ENSG00000135097:MSI1	0.7	0.3	1.97	1.91	0	0	0.53	2.07	1.98	1.88
ENSG00000135100:HNF1A	0.17	0.5	0.25	4.72	0	0	0.02	0.05	1.76	3.4
ENSG00000135108:FBXO21	15.5	13.45	64.68	26.9	124.18	137.43	2.35	5.57	2.22	3.06
ENSG00000135111:TBX3	274.45	238.52	17.2	10.11	51.05	52.36	8.48	22.48	9.56	16.31
ENSG00000135116:HRK	0.12	0.28	7.19	3.63	0	0	0	0	0	0
ENSG00000135119:RNFT2	1.7	0.44	5.53	2.05	1.44	1.11	0.13	0.43	0.35	0.11
ENSG00000135124:P2RX4	47.92	71.19	88.03	110.53	37.86	39.33	5.52	10.59	61.13	46.79
ENSG00000135127:BICDL1	2.7	5.55	83.2	52.99	15.83	15.25	0.1	0.24	7.46	3.36
ENSG00000135144:DTX1	0.31	0.5	20.69	16.03	1.38	1.46	0.01	0.02	0.91	0.29
ENSG00000135148:TRAFD1	14.49	15.77	49.89	48.88	97.28	123.58	7.95	12.88	11.36	14.37
ENSG00000135185:TMEM243	23.55	32.14	21.76	18.65	9.8	6.96	7.96	17.03	4.52	8.3
ENSG00000135205:CCDC146	2.77	5.2	0.07	0.31	0.17	0.19	0.25	0.45	1.86	1.03
ENSG00000135222:CSN2	0	0	0.08	3.74	0	0	0	0	0	0.07
ENSG00000135241:PNPLA8	28.12	31.76	51.84	38.31	15.86	13.46	5.39	8.28	32.96	24.12
ENSG00000135249:RINT1	9.5	11.17	19.02	20.69	9.99	8.69	2.04	3.7	16.19	23.92
ENSG00000135250:SRPK2	11.48	15.01	15.97	10.05	28.72	28.66	3.69	7.75	0.45	0
ENSG00000135272:MDFIC	9	17.89	35.38	21.79	32.3	20.44	8.22	12.41	61.71	15.54
ENSG00000135297:MTO1	8.12	10.48	7.78	6.23	7.44	5.79	1.14	1.87	8.6	5.42
ENSG00000135298:ADGRB3	0	0.15	0.16	0.18	0.01	0	0.02	0.01	0	0
ENSG00000135299:ANKRD6	3.55	10.36	2.65	1.68	6.28	4.56	0.12	0.12	16.37	7.84
ENSG00000135312:HTR1B	1.53	3.83	0.31	0.27	2.05	2.43	0.07	3.05	8.49	4.44
ENSG00000135315:CEP162	2.99	4.03	3.09	4.03	1.51	1.83	1.22	3.19	1.84	1.34
ENSG00000135317:SNX14	65.99	75.91	42.49	27.13	33.48	38.34	8.87	9.28	33.18	30.1
ENSG00000135324:MRAP2	0.04	0.05	2.54	0.24	0	0	0.2	0.35	0.12	0.19
ENSG00000135333:EPHA7	0.16	0.27	0.57	0.5	1.12	0.75	0.34	0.71	4.75	2.26
ENSG00000135334:AKIRIN2	25.95	31.84	73.89	61.15	40.7	40.54	4.03	9.7	55.59	35.62
ENSG00000135336:ORC3	13.09	13.37	37.08	27.46	8.07	8.12	1.25	2.11	17.13	10.8
ENSG00000135341:MAP3K7	25.52	29.81	33	16.62	22.02	22.59	5.33	9.26	10.02	1.5
ENSG00000135346:CGA	10409.76	4069.93	0	0	0	0	0.24	0.79	0.06	0.05
ENSG00000135355:GJA10	0	0	0	0	0.12	0.09	0.06	0.04	0	0
ENSG00000135362:PRR5L	0.58	2.21	14.54	16.76	3.99	2.18	0.36	0.89	0.71	2.66
ENSG00000135365:PHF21A	13.41	21.05	30.76	21.17	12.36	9.87	0.84	2.03	37.69	19.55
ENSG00000135372:NAT10	13.14	16.3	11.11	8.71	13.07	12.56	1.11	2.42	6.86	11.65
ENSG00000135373:EHF	0.45	0.02	2.47	1.63	67.72	32.83	0.04	0.04	12.24	3.57
ENSG00000135374:ELF5	1.48	1.31	0.05	0.02	5.5	3.62	0.39	0.78	0.69	0.87
ENSG00000135378:PRRG4	14.02	22.16	27.48	7.52	7.75	6.97	3.89	5.41	10.16	2.58
ENSG00000135387:CAPRIN1	114.06	114.52	130.23	82.3	87.61	81.39	15.51	30.04	155.61	79.35
ENSG00000135406:PRPH	0.7	0.85	1.42	10.16	0.96	0.7	0.09	0.1	3.4	0.93
ENSG00000135407:AVIL	9.82	17.75	2.73	2.93	0.14	0.11	0.37	1.3	2.83	8.02
ENSG00000135423:GLS2	0.17	0.17	5.39	5.82	0.44	0.34	0.31	0.68	0.14	0.04
ENSG00000135451:TROAP	4.36	2.68	1.62	1.13	11.64	11.45	0.01	0.04	1.8	7.16
ENSG00000135452:TSPAN31	38.35	35.31	82.09	77.92	101.05	101.9	25.6	39.18	8.49	15.76
ENSG00000135454:B4GALNT1	0.37	0.24	45.43	53.96	0.21	0.21	0.19	0.31	1.81	2.43
ENSG00000135472:FAIM2	0	0.01	0.04	0.08	0.07	0	0.09	0.04	0.13	0.52
ENSG00000135476:ESPL1	2.69	1.66	1.42	0.97	4.96	4.43	0.07	0.25	1.72	0.45
ENSG00000135506:OS9	108.38	106.52	95.12	104.42	179.87	161.22	11.28	24.5	182.18	66.2
ENSG00000135517:MIP	0.11	0.14	0.09	0	0.09	0.37	0.03	0	0	0
ENSG00000135521:LTV1	15.28	16.94	31.17	23.39	25.2	19.95	1.51	2.39	50.8	31.08
ENSG00000135525:MAP7	14.55	12.45	16.48	19.46	32.78	25.45	1.85	3.62	116.03	16.93
ENSG00000135535:CD164	363.75	337.27	348.79	202.37	737.78	795.05	42.25	58.05	95.49	141.13
ENSG00000135537:AFG1L	2.01	2.61	7.65	9.46	1.17	1.51	0.61	0.84	4.87	4.62
ENSG00000135540:NHSL1	19.24	21.29	11.36	8.49	24.02	22.86	0.69	2.39	4.68	1.32
ENSG00000135541:AHI1	7.7	8.27	3.04	2.85	5.69	5.33	1.02	1.44	5.32	0.76
ENSG00000135547:HEY2	2.42	2.3	0.72	0.81	3.01	4.05	1.83	4.41	1.08	1.07
ENSG00000135577:NMBR	0	0.05	0.15	0	0	0	0	0	0	0
ENSG00000135596:MICAL1	37.92	58.58	42.94	39.42	26.01	37.54	2.04	2.82	11.25	6.37
ENSG00000135597:REPS1	29.65	38.46	61.24	40.19	76.46	88.63	6.59	12.44	15.82	6.61
ENSG00000135604:STX11	8.58	6.77	8.89	8.39	1.87	1.47	1.46	2.55	11.7	1.72
ENSG00000135605:TEC	1.67	2.43	22.94	23.72	38.89	42.85	4.76	6.94	3.72	0.98
ENSG00000135617:PRADC1	4.06	4.58	11.36	10.16	24.97	26.22	0.58	1.08	3.33	10.41
ENSG00000135622:SEMA4F	0.76	1	0.36	0.11	4.21	6.06	0.23	0.52	0.53	5.2
ENSG00000135624:CCT7	63.22	68.11	96.41	89.57	120.6	113.83	13.08	26.19	196.59	193.18
ENSG00000135625:EGR4	0	0	0	0	0	0	0.66	2.32	0.05	0
ENSG00000135636:DYSF	43.46	74.36	33.4	23.95	8.78	9.2	0.92	3.5	9.1	5.41
ENSG00000135637:CCDC142	6.17	6.05	0.81	2.15	6.07	7.58	0.25	0.78	17.44	28.01
ENSG00000135638:EMX1	0.02	0.06	0	0	0.12	0.12	0	0	0.23	0.19
ENSG00000135643:KCNMB4	1.55	3.17	0.16	0.25	1.57	1.65	0.02	0.21	4.58	0.65
ENSG00000135678:CPM	47.67	51.38	28.38	11.87	7.53	4.96	7.46	14.21	136.5	106.13
ENSG00000135679:MDM2	89.53	91.54	68.33	43.92	45.64	42.01	4.43	8.64	188.55	16.48
ENSG00000135686:KLHL36	8.94	12.41	3.27	3.57	21.66	15.07	1.6	4.56	2.68	1.51
ENSG00000135697:BCO1	0.06	0.36	0.92	1.5	0.13	0	0.05	0.01	23.22	8.14
ENSG00000135709:KIAA0513	1.36	2.21	7.14	5.93	24.47	21.31	0.98	3.19	27.4	1.19
ENSG00000135720:DYNC1LI2	51.58	63.48	43.89	33.66	72.99	53.04	12.58	21.56	21.35	4.43
ENSG00000135723:FHOD1	9.21	22.2	37.04	23.26	9.06	10.98	1.35	4.47	3.98	6.68
ENSG00000135736:CCDC102A	4.03	5.79	2.96	4.56	7.6	5.89	1.77	2.76	0.41	0.06
ENSG00000135740:SLC9A5	0.64	1.12	5.38	3.55	0.58	0.79	0.08	0.35	0.62	0.83
ENSG00000135744:AGT	0.09	0.03	0.28	82.1	0.12	0.09	1.47	4.79	18.75	13.44
ENSG00000135749:PCNX2	1.55	2.85	0.22	0.28	0.17	0.07	0.17	0.19	0.06	0.03
ENSG00000135750:KCNK1	4.2	6.59	28.5	13.12	83.52	112.66	5.47	10.84	2.53	1.83
ENSG00000135766:EGLN1	19.65	34.36	28.75	28.72	112.35	79.61	2.67	6.43	20.34	11.12
ENSG00000135775:COG2	8.44	12.15	22.17	17.94	19.28	16.54	3.7	6.76	15.32	9.03
ENSG00000135776:ABCB10	5.47	7.09	16.88	15.8	25.2	22.42	4.82	9.27	7.13	3.29
ENSG00000135778:NTPCR	10.42	20.4	9.54	12.38	61.37	49.7	0.63	4.89	13.13	12.01
ENSG00000135823:STX6	7.15	11.01	28.08	20.55	26.22	31.74	4.34	10.59	21.65	5.48
ENSG00000135824:RGS8	0	0	0.04	0.13	0	0	0.15	0.57	0	0
ENSG00000135828:RNASEL	3.17	4.83	15.99	14.28	1.95	1.45	1.42	2.68	116.72	7.88
ENSG00000135829:DHX9	58.83	69.84	56.97	36.6	65.21	59.68	17.18	37	51.66	38.77
ENSG00000135837:CEP350	16.91	13.94	41.6	17.02	11.17	10.8	5.97	11.97	21.23	2.93
ENSG00000135838:NPL	18.29	30.76	3.45	67.07	12.36	8.22	30.72	73.24	22.86	33.43
ENSG00000135842:NIBAN1	1.58	5.69	22.16	14.56	11.37	5.4	1.56	3.82	13.3	1.03
ENSG00000135862:LAMC1	108.04	211.79	203.87	181.14	84.44	61.53	15.59	31.64	1094.71	103.35
ENSG00000135870:RC3H1	7.85	9.64	23.2	11.18	14.07	11.1	3.79	7.38	9.54	1.78
ENSG00000135898:GPR55	0.07	0.08	0.13	10.48	0.04	0.06	0.01	0.01	0	0
ENSG00000135900:MRPL44	15.91	17.97	22.29	21.78	26	21.12	2.76	4.36	34.88	34.06
ENSG00000135902:CHRND	0	0.02	0	0	0	0	0	0	0.09	0
ENSG00000135903:PAX3	0	0	0.71	0.08	0	0	0	0	0	0
ENSG00000135912:TTLL4	24.05	29.37	12.79	10.22	7.9	6.13	0.7	1.87	5.36	6.43
ENSG00000135913:USP37	5.64	5.51	9.61	4.14	6.84	6.37	2.45	4.62	21.72	6.68
ENSG00000135914:HTR2B	0.32	1.04	56.67	37.39	1	1.41	0.95	1.57	3.01	3.33
ENSG00000135916:ITM2C	69.11	51.13	106.67	136.63	47.94	47.67	61.68	134.18	10.83	22.14
ENSG00000135919:SERPINE2	92.42	452.21	518.98	231.7	59.36	51.52	17.5	36.64	41.37	52.74
ENSG00000135924:DNAJB2	46.31	55.34	52.17	46.28	34.33	36.32	3.07	10.62	12.79	9.06
ENSG00000135925:WNT10A	0.45	1.71	0.3	3.32	0.51	1.17	0	0	0.06	0.05
ENSG00000135926:TMBIM1	193.98	191.64	125.22	147.76	254.59	189.41	23.45	38.51	126.35	330.54
ENSG00000135929:CYP27A1	1.04	2.98	10.68	17.34	51.35	29.95	9.02	21.93	9.78	10.09
ENSG00000135931:ARMC9	8.46	3.73	9.61	14.33	3.28	2.99	0.81	1.94	1.03	2.95
ENSG00000135932:CAB39	39.91	43.43	77.76	62.51	126.04	102.56	11.32	15.79	59.48	24.52
ENSG00000135945:REV1	29.73	40.17	10.35	11.14	24.34	13.2	1.26	2.37	10.19	10.56
ENSG00000135951:TSGA10	3.14	4.76	8.45	5.87	1.35	1.12	2.11	5.59	8.28	2.28
ENSG00000135953:MFSD9	4.01	3.54	7.64	5.36	11.19	12.25	0.28	0.82	4.21	1.49
ENSG00000135956:TMEM127	22.18	28.02	59.42	51.84	73.96	65.65	1.68	6.84	18.2	16.31
ENSG00000135960:EDAR	0.42	0.01	0.09	0.04	0.34	0.22	0	0.01	0.3	0.06
ENSG00000135966:TGFBRAP1	10.01	10.78	19.07	13.24	9.27	7.53	0.69	2.45	1.88	0.48
ENSG00000135968:GCC2	21.79	20.01	13.82	14.19	13.82	11.04	2.63	4.73	36.25	3.02
ENSG00000135972:MRPS9	6.56	8.9	25.7	21.87	15.99	12.53	1.62	2.99	21.94	19.56
ENSG00000135999:EPC2	21.87	23.06	19.79	18.08	13.12	11.28	4.08	6.71	16.77	6.98
ENSG00000136010:ALDH1L2	0.58	0.9	2.12	1.45	31.59	18.72	2	3.62	3.33	1.12
ENSG00000136014:USP44	0.13	0.23	0.02	0	0.09	0.18	0.05	0.06	2.25	1.34
ENSG00000136021:SCYL2	32.75	37.53	29.24	20.44	36.14	34.34	4.87	7.66	12.42	4.8
ENSG00000136026:CKAP4	35.14	36.27	92.03	76.13	44.8	40.28	2.62	6.83	49.21	13.46
ENSG00000136040:PLXNC1	5.55	5.21	0.41	0.44	1.66	0.76	0.7	1.12	2.11	1.36
ENSG00000136044:APPL2	38.76	55.62	76.45	100.51	37.19	30.26	9.34	14.65	20.52	14.43
ENSG00000136045:PWP1	25.95	27.7	11.99	11.17	35.69	29.14	2.17	3.54	27.57	29.94
ENSG00000136051:WASHC4	35.53	46.52	17.51	17.11	20.58	19.77	8.25	13.66	13.49	3.79
ENSG00000136052:SLC41A2	24.26	33.27	30.58	15.38	31.89	30.26	0.8	1.37	177.8	99.68
ENSG00000136059:VILL	3.36	4.48	19.03	56.12	8.66	4.41	0.04	0.27	64.31	92.09
ENSG00000136068:FLNB	19.12	50.82	251.11	98.27	183.84	204.94	26.07	56.24	21.34	26.84
ENSG00000136098:NEK3	17.5	24.67	3.24	3.7	6.28	5.94	0.48	0.74	7.09	3.6
ENSG00000136099:PCDH8	0	0	0.01	0	0	0.02	0.01	0.02	0	0
ENSG00000136100:VPS36	34.89	45.87	15.12	15.73	39.7	33.74	5.36	8.73	35.93	5.05
ENSG00000136104:RNASEH2B	16.6	19.47	16.44	7.8	25.32	26.18	1.26	3.18	13.88	9.72
ENSG00000136110:CNMD	0	0.08	6.53	11.5	0.09	0.14	0.05	0.08	0.97	0
ENSG00000136111:TBC1D4	14.83	18.47	29.66	12.79	36.64	38.7	1.97	4.43	5.95	1.36
ENSG00000136114:THSD1	7.48	9.35	5.31	4.81	3.73	3.93	1.18	4.57	5.76	4.29
ENSG00000136122:BORA	3.71	4.12	2.96	2.12	8.37	9.85	0.45	0.6	3.68	1.33
ENSG00000136141:LRCH1	15.98	27.32	36.16	13.73	36.52	35.87	2.87	6.5	8.1	1.19
ENSG00000136143:SUCLA2	24.18	25.79	42.04	43.36	48.76	49.03	13.79	15.44	103.36	33.92
ENSG00000136144:RCBTB1	8.5	11.8	17.52	17	14.98	14.26	3.02	5.43	16.12	3.79
ENSG00000136146:MED4	54.81	69.28	25.05	27.16	52.75	45.4	5.59	13.1	43.57	42.36
ENSG00000136152:COG3	37.63	33.55	22.18	17.13	18.57	14.45	5.52	9.6	17.18	7.53
ENSG00000136153:LMO7	42.08	55.87	42.4	40.55	76.88	51.37	15.98	27.71	25.81	4.93
ENSG00000136155:SCEL	0.1	0.41	27.57	14.71	0.96	0.55	0.03	0	217.71	105.3
ENSG00000136158:SPRY2	5.94	6.58	4.4	4.86	23.92	11.47	7.79	18.94	14.91	18.41
ENSG00000136160:EDNRB	55.34	67.63	28.19	16.07	340.2	214.62	22.47	51.81	19.39	16.26
ENSG00000136161:RCBTB2	5.43	11.02	41.12	26.15	13.39	11.75	2.97	6.46	25.2	23.08
ENSG00000136167:LCP1	53.48	52.3	62.94	71.28	413.21	409	3.22	5.31	11.33	6.09
ENSG00000136169:SETDB2	2.39	4.04	5.2	4.75	3.43	3.57	0.59	1.46	6.09	1.26
ENSG00000136193:SCRN1	3.55	8.6	2.56	1.37	0.9	0.59	0.37	0.77	2.56	0.26
ENSG00000136197:C7orf25	1.59	1.66	8.14	6.03	11.16	9.29	1.15	2.41	6.95	26.6
ENSG00000136205:TNS3	69.28	85.93	65.19	38.29	55.35	38.73	1.76	6.59	33.92	8.85
ENSG00000136213:CHST12	5.66	8.83	29.21	28.91	5.9	6.76	0.27	0.98	1.46	2.64
ENSG00000136231:IGF2BP3	118.63	103.7	9.95	10.41	14.6	19.75	1.59	2.75	12.35	1.95
ENSG00000136235:GPNMB	408.05	363.87	78.04	53.31	89.1	47.31	7.68	13.96	0.18	2.8
ENSG00000136237:RAPGEF5	24.7	47.03	20.27	13.06	0.92	1.86	0.54	1.64	4.46	0.39
ENSG00000136238:RAC1	154.3	199.71	413.93	358.15	513.9	441.47	49.41	101.23	104.15	83.92
ENSG00000136240:KDELR2	214.75	171.93	134.91	109.18	146.81	157.76	11.84	24.18	20.4	20.98
ENSG00000136243:NUP42	13.54	15.5	5.21	5.04	5.72	5.13	0.39	0.81	4.65	15.69
ENSG00000136244:IL6	5.5	6.38	0.28	0.45	7.37	22.25	0.07	0.33	22.7	270.53
ENSG00000136247:ZDHHC4	15.35	19.79	34.64	26.56	65.07	58.58	2.07	6.45	2.5	10.12
ENSG00000136250:AOAH	2.85	9.25	0.27	0.68	0.98	0.24	0.23	0.78	0	0
ENSG00000136261:BZW2	252.42	186.91	27.54	25.41	115.19	74.96	25.44	38.92	6.22	7.92
ENSG00000136270:TBRG4	21.48	25.16	24.93	16.87	29.65	28.97	4.52	9.88	32.28	33.85
ENSG00000136271:DDX56	30.73	35.92	23.49	18.74	17.18	16.42	3.38	7.19	4.11	4.87
ENSG00000136274:NACAD	0.6	0.9	2.32	1.58	0.35	0.45	0.02	0.09	2.17	0.36
ENSG00000136279:DBNL	39.92	50.73	100.24	80.75	207.45	207.45	5.21	13.72	76.41	66.33
ENSG00000136280:CCM2	12.35	18.92	54.9	35.3	69.76	70.08	2.53	5.29	12.8	4.84
ENSG00000136286:MYO1G	0.63	1.45	7.51	1.88	0.49	0.86	0.11	0.28	0.61	1.04
ENSG00000136295:TTYH3	13.19	20.82	23.17	15.33	13.97	14.49	1.66	6.4	4.46	10.3
ENSG00000136297:MMD2	0	0	0	0	0.21	0	0.05	0	0	0
ENSG00000136305:CIDEB	1.92	4.71	4.29	18.34	0.61	0.37	0.1	0.1	8.87	11.77
ENSG00000136319:TTC5	3.07	4.19	25.45	19.41	15.38	16.1	0.8	2.01	15.74	14.09
ENSG00000136327:NKX2-8	0	0	0	0	0	0.11	0	0	0.05	0
ENSG00000136352:NKX2-1	0	0	0.07	0	0	0	0	0	0	0.03
ENSG00000136367:ZFHX2	0.19	0.27	1.44	1.17	0.86	0.56	0.1	0.36	2.42	3.08
ENSG00000136378:ADAMTS7	1.02	2.02	3.79	2.89	13.68	10	0.27	1.2	11.33	9.89
ENSG00000136379:ABHD17C	51.4	46.29	29.63	45.33	60.87	27.26	0	0	7.51	3.55
ENSG00000136381:IREB2	24.49	27.49	48.35	32.35	23.57	19.89	4.66	7.82	3.71	1.47
ENSG00000136404:TM6SF1	1.25	5.5	10.78	6.39	7.9	6.64	1.41	2.94	4.23	2.59
ENSG00000136425:CIB2	7.05	5.57	3.96	3.09	5.92	3.98	4.59	12.8	19.24	20.16
ENSG00000136436:CALCOCO2	62.8	78.19	1.13	0.51	43.07	38.98	16.15	27.9	2.58	5.82
ENSG00000136444:RSAD1	13.81	15.41	3.63	2.92	5.08	4.34	0.29	0.8	1.45	1.53
ENSG00000136448:NMT1	76.13	100.09	54.83	40.63	62.01	59.84	8.14	15.4	97.43	52.88
ENSG00000136449:MYCBPAP	0.57	0.34	11.77	19.17	3.45	2.56	0.12	0.28	0.25	0.08
ENSG00000136450:SRSF1	100.36	110.91	95.17	67.55	268.82	298.76	47.16	111.29	227.5	35.41
ENSG00000136451:VEZF1	22.32	23.78	17.53	19.94	25.01	21.56	2.18	4.14	11.01	5.78
ENSG00000136457:CHAD	0.88	2.13	0.34	1.17	27.98	4.32	0.07	0.39	0.87	1.04
ENSG00000136463:TACO1	8.28	9.83	7.2	6.39	3.86	3.25	0.53	1.5	50.8	24.6
ENSG00000136478:TEX2	7.43	12.16	56.92	50.68	35.62	27.31	3.76	8.1	13.96	2.71
ENSG00000136485:DCAF7	23.39	25.97	30.95	25.63	22.33	16.16	1.79	5.05	29.24	62.23
ENSG00000136490:LIMD2	9.47	10.62	38.33	24.12	53.54	49.9	0.91	2.2	6.41	27.78
ENSG00000136492:BRIP1	1.73	1.57	0.29	0.27	4.39	4.47	0.18	0.28	0.54	0.03
ENSG00000136504:KAT7	28.45	30.02	108.31	68.7	25.34	22.19	1.96	5.42	25.15	8.68
ENSG00000136518:ACTL6A	20.91	22.8	25.37	37.42	19.46	21.46	3.23	5.59	189.7	92.21
ENSG00000136521:NDUFB5	57.13	70.77	97.55	100	65.99	80.99	17.25	30.36	52.42	155.96
ENSG00000136527:TRA2B	176.19	203.79	93.97	63.99	135.8	145.2	13.2	27.66	57.9	107.18
ENSG00000136531:SCN2A	0.14	0.56	0.21	0.21	0.02	0.02	0.03	0.06	0.39	0.13
ENSG00000136535:TBR1	0	0.01	0.08	0.12	0.22	0.07	0.01	0.02	0	0
ENSG00000136536:MARCHF7	106.51	123.33	61.53	31.32	49.31	41.11	12.19	17.67	64.04	21.62
ENSG00000136542:GALNT5	0.04	0.04	0	0	0.11	0.02	0.05	0.13	0.42	0
ENSG00000136560:TANK	67.06	61.46	14.98	11.14	17.41	19.78	3.16	4.94	15.48	9.17
ENSG00000136573:BLK	0.11	0.22	0.45	0.34	0.04	0.08	0.01	0	0.05	0.04
ENSG00000136574:GATA4	7.13	11.23	12.93	11.22	0.17	0.26	0.34	1.26	0.22	0.13
ENSG00000136603:SKIL	26.65	35.55	42.96	18.78	10.86	8.89	5.98	12.05	5.43	1.94
ENSG00000136628:EPRS1	15.26	14.65	33.49	23.56	44.62	41.76	5.59	10.46	40.26	19.68
ENSG00000136630:HLX	4.9	9.67	9.63	10.96	2.53	6.16	0.98	2.16	3.75	5.42
ENSG00000136631:VPS45	16.76	23.8	10.65	6.51	15.61	17.81	3.09	6.27	14.44	22.13
ENSG00000136634:IL10	1.15	2.36	0.38	0	0.21	0.82	0.39	0.7	16.39	159.21
ENSG00000136636:KCTD3	32.3	47.11	35.76	31.02	24.75	26.05	5.44	12.92	6.32	4.7
ENSG00000136643:RPS6KC1	9.36	10.45	12.34	9.11	10.23	8.11	3.62	7.11	6.18	1.99
ENSG00000136699:SMPD4	31.49	44.54	13	11.75	31.22	31.41	1.56	5.49	7.58	9.16
ENSG00000136709:WDR33	20.35	22	29.79	23.05	41.49	41.23	9.02	13.72	22.6	9.65
ENSG00000136715:SAP130	17.04	18.09	42.15	25.08	11.48	11.34	0.68	2.39	9.33	5.96
ENSG00000136717:BIN1	5.6	19.57	16.64	12.15	38.03	26.71	2.24	5.67	15.81	11.29
ENSG00000136718:IMP4	18.67	18.58	31.66	19.13	19.9	18.97	3.98	9.32	20.09	36.22
ENSG00000136731:UGGT1	25.12	25.8	84.42	52.8	16.95	15.91	7.13	13.27	19.65	5.54
ENSG00000136732:GYPC	16.71	36.88	5.64	6.33	47.72	61.39	1.53	3.78	14.16	17.94
ENSG00000136738:STAM	14.53	13.45	30.38	22.39	11.2	8.34	1.99	3.68	14.44	5.36
ENSG00000136750:GAD2	0	0	0.01	0.07	0	0	0.01	0.02	0	0
ENSG00000136754:ABI1	28.21	36.15	79.3	51.4	51.24	50.47	7.29	11.32	81.93	16.99
ENSG00000136770:DNAJC1	24.61	23.86	53.93	29.65	18.89	15.84	4.95	9.79	32.35	14.26
ENSG00000136802:LRRC8A	17.8	28.06	35.34	32.92	41.91	34.76	3.85	12.9	34.91	39.72
ENSG00000136807:CDK9	34.12	46.16	76.22	66.4	113.96	93.77	6.55	19.15	44.02	16.52
ENSG00000136810:TXN	96.28	88.56	242.11	282.6	237.8	190.14	0	0	843.49	1766.09
ENSG00000136811:ODF2	13.19	17.06	30.24	23.4	27.15	20.81	2.23	5.51	41.21	21.1
ENSG00000136813:ECPAS	35.26	51	39.54	30.6	41.74	39.81	5.08	10.18	53.84	26.41
ENSG00000136816:TOR1B	14.13	10.7	36.83	29.24	23.84	22.44	1.25	2.72	9.05	3.13
ENSG00000136824:SMC2	5.57	4.66	2.97	4.17	14.71	12.16	1.27	2.76	7.4	1.22
ENSG00000136826:KLF4	30.76	50.36	45.5	37.11	30.77	25.8	2.14	5.38	3.89	13.78
ENSG00000136827:TOR1A	26.75	27.84	44.67	34.65	50.37	41.42	2.38	4.7	48.09	22.22
ENSG00000136828:RALGPS1	6.95	10.76	14	9.64	17.47	22.92	0.44	1.16	0.86	0.35
ENSG00000136830:NIBAN2	242.72	236.44	199.05	170.89	152.21	102.2	17.16	41.17	35.17	6.77
ENSG00000136840:ST6GALNAC4	4.08	5.71	9.76	7.24	139.02	106.44	2.45	6.61	60.2	48.97
ENSG00000136842:TMOD1	0.55	1.28	12.98	12.04	7.19	7.54	0.28	0.47	3.59	7.47
ENSG00000136848:DAB2IP	14.76	23.14	39.38	24.63	18.55	20.61	1.21	3.51	23.11	7.49
ENSG00000136854:STXBP1	14.51	14.75	9.18	7.63	20.13	16.19	0.49	2.17	6.82	1.42
ENSG00000136856:SLC2A8	12.6	15.21	9.58	9.99	15.23	14.5	1.53	3.33	4.86	9.78
ENSG00000136859:ANGPTL2	2.22	9.29	88.16	60.39	84.96	58.05	1.37	2.93	46.78	8.31
ENSG00000136861:CDK5RAP2	12.38	13.34	5.19	3.46	13.98	15.46	0.51	1.09	9.29	3.87
ENSG00000136867:SLC31A2	25.46	25.99	55.9	61.6	36.28	42.37	4.75	11.12	24.48	25.18
ENSG00000136868:SLC31A1	10.98	9.39	37.34	42.36	80	54.46	10.51	23.37	107.64	108.67
ENSG00000136869:TLR4	9.99	14.6	10.24	9.22	29.27	12.52	3.87	6.45	5.08	5.8
ENSG00000136874:STX17	16.57	18.94	11.49	9.4	28.9	25.54	2.33	3.37	7.13	4.3
ENSG00000136875:PRPF4	10.05	10.88	8.83	6.5	27.68	23.04	2.53	4.89	16.51	11.36
ENSG00000136877:FPGS	10.5	15.81	16.08	14.82	18.98	19.44	1.02	3.66	46.52	16.57
ENSG00000136878:USP20	6.84	9.14	9.43	7.03	20.53	17.79	0.64	2.12	17.12	10.5
ENSG00000136883:KIF12	0.02	0.64	0	0.07	0.32	0.25	0.03	0.02	2.28	13.9
ENSG00000136891:TEX10	26.78	27.47	17.66	16.56	28.8	33.76	5.79	6.69	23.09	16.01
ENSG00000136895:GARNL3	1.98	3.47	4.94	2.42	3.46	1.18	0.07	0.07	0.31	0.07
ENSG00000136897:MRPL50	5.49	6.14	10.03	12.25	21.96	17.14	1.69	2.19	13.63	59.29
ENSG00000136908:DPM2	31.99	32.45	85.76	72.56	67.61	81	0.52	1.43	16.01	27.76
ENSG00000136918:WDR38	0.04	0.1	0.69	0.15	0.15	0	0	0.06	2.58	3.34
ENSG00000136925:TSTD2	18.76	23.4	23.46	15.56	15.41	15.55	3.81	7.87	2.05	0.69
ENSG00000136928:GABBR2	9.59	20.21	0.23	0.22	0.27	0.21	0.02	0.1	3.89	0.19
ENSG00000136930:PSMB7	84.17	89.33	96.55	92.12	221.25	228.36	27.08	44.08	81.91	210
ENSG00000136931:NR5A1	0	0	0	0.19	0.08	0.04	0	0.01	0	0.06
ENSG00000136933:RABEPK	6.58	7.58	9.98	8.3	10.25	9.32	2.38	3.91	2.01	5.63
ENSG00000136935:GOLGA1	8.07	11.28	27.21	21.4	19.37	19.61	1.99	3.71	33.21	3.78
ENSG00000136936:XPA	11.74	17	12.81	13.56	17.49	17.37	0.48	0.65	16.9	8.7
ENSG00000136937:NCBP1	14.76	19.86	26.29	22.18	29.4	26.91	4.08	6.64	44.18	26.73
ENSG00000136938:ANP32B	88.46	91.24	107.27	88.85	245.77	200.53	8.88	18.69	175.31	102.02
ENSG00000136940:PDCL	10.86	13.56	16.53	11.93	15.54	15.22	3.61	5.67	43.14	38.46
ENSG00000136944:LMX1B	0.06	0.05	1.07	0.52	0	0.03	0.01	0	0.05	0
ENSG00000136950:ARPC5L	25.51	27.4	61.4	51	98.21	86.44	5.88	8.43	198.38	105.08
ENSG00000136960:ENPP2	53.46	128.71	34.21	25.75	19.3	12.34	6.35	15.35	12.13	4.81
ENSG00000136982:DSCC1	1.97	1.94	0.33	0.22	2.95	2.44	0.56	1.17	1.34	2.42
ENSG00000136986:DERL1	29.88	30.55	75.15	69.31	74.45	63.06	6.94	13.69	85.93	63.88
ENSG00000136997:MYC	10.15	19.12	11.83	13.97	39.86	26.37	2.87	8.37	6.54	20.41
ENSG00000136999:CCN3	0.06	0.05	49.8	18.33	93.74	49.39	3.97	4.54	0.11	0.05
ENSG00000137038:DMAC1	8.85	9.32	23.71	28.15	30.66	33.43	0.75	0.92	45.16	115.1
ENSG00000137054:POLR1E	5.75	5.6	8.61	8.78	14.68	14.72	1.37	2.51	22.77	33.77
ENSG00000137055:PLAA	26.21	22.14	49.17	32.08	36.12	30.3	4.63	7.02	24.9	16.26
ENSG00000137073:UBAP2	15.4	18.56	47.61	33.94	25.37	22.9	4.26	12.23	33.35	23.55
ENSG00000137074:APTX	16.22	21.37	17.47	16.05	7.73	8.05	1.49	3.43	20.12	17.44
ENSG00000137075:RNF38	35.83	37.98	51.62	27.17	14.55	12.62	3.2	6.74	37.59	5.81
ENSG00000137076:TLN1	66.14	84.53	104.04	59.28	118.57	115.35	16.62	52.2	56.97	23.83
ENSG00000137090:DMRT1	0	0	2.11	1.11	0.31	0.08	0.01	0.04	0	0.03
ENSG00000137094:DNAJB5	0.97	2.16	3.34	4.46	1.76	1.32	0.32	0.78	16.56	15.95
ENSG00000137100:DCTN3	32.97	36.85	38.08	52.76	72.93	58.63	5.01	10.93	71.31	132.57
ENSG00000137103:TMEM8B	5.3	6.7	5.45	3.17	0.61	0.56	0.37	1.14	0	0.21
ENSG00000137106:GRHPR	35.82	45.26	42.9	43.77	21.02	20.82	2.02	3.52	26.53	49.23
ENSG00000137124:ALDH1B1	1.37	1.75	3.47	5.6	0.08	0.05	0.8	1.96	1.07	4.79
ENSG00000137135:ARHGEF39	1.67	1.71	1.48	2.71	9.62	7.59	0.16	0.3	3.89	3.91
ENSG00000137142:IGFBPL1	0.12	0.36	0.15	0	0.4	0.28	0	0.11	0.6	1.43
ENSG00000137145:DENND4C	17.6	30.22	19.45	13.19	23.32	20.84	6.03	9.49	10.25	3.57
ENSG00000137161:CNPY3	14.4	24.07	25.41	25.32	40.92	29.97	2.5	6.62	65.95	63.16
ENSG00000137166:FOXP4	3.7	5.36	24.31	35.94	14.26	9.2	1.3	5.43	4.93	1.22
ENSG00000137168:PPIL1	10.56	10.5	17.86	19.28	0	0	1.47	3.19	16.53	34.76
ENSG00000137171:KLC4	21.43	30.67	26.51	27.01	66.43	85.99	4.7	12.15	39.25	48.31
ENSG00000137177:KIF13A	14.4	14.95	35.43	16.62	9.94	7.63	3.04	7.7	3.01	1.22
ENSG00000137193:PIM1	61.85	74.26	147.27	88.72	76.39	78.44	6.76	20	65.7	33.09
ENSG00000137198:GMPR	3.35	4.36	8.6	14.65	2.01	1.67	1	2.52	5.99	3.72
ENSG00000137200:CMTR1	30.95	41.53	93.46	61.76	88.49	63.65	2.5	5.14	32.14	9.12
ENSG00000137203:TFAP2A	220.48	214.77	11.02	4.62	49.44	74.23	2.88	10.51	9.32	1.31
ENSG00000137204:SLC22A7	0.09	0	0.25	0.12	0	0	0	0.02	0.05	0.09
ENSG00000137207:YIPF3	113.91	109.25	96	121.98	118.54	120.15	13.98	26.22	79.56	114.16
ENSG00000137216:TMEM63B	16.92	18.56	36.93	23.53	27.84	27.09	2.04	6.71	48.18	74.19
ENSG00000137218:FRS3	2.63	4.5	5.23	4.16	2.15	1.09	0.04	0.16	1.15	4.85
ENSG00000137251:TINAG	0	0	0.03	9.63	0	0	0	0	2.01	3.14
ENSG00000137252:HCRTR2	0	0.35	0.52	0.39	0	0.06	0	0	0	0.11
ENSG00000137265:IRF4	0.25	0.13	0.15	0.02	0.58	0.48	0.04	0.13	0.02	0.06
ENSG00000137266:SLC22A23	9.45	18.28	16.59	24.11	18.28	19.06	2.8	12.2	20.72	9.11
ENSG00000137267:TUBB2A	8.22	15.29	47.12	48.68	163.51	156.77	7.59	18.51	73.21	51.16
ENSG00000137269:LRRC1	35.47	48.43	34.74	31.02	38.32	29.13	0.9	2.33	13.57	10.36
ENSG00000137270:GCM1	68.05	88.14	1.59	0.97	16.63	20.64	3.55	10.46	33.92	26.39
ENSG00000137273:FOXF2	6.63	8.7	3.92	2.31	0.37	0.69	0.18	0.7	0.54	0.37
ENSG00000137274:BPHL	3.69	6.52	8.4	20.04	24.35	22.21	3.51	7.67	30.88	32.68
ENSG00000137275:RIPK1	17.58	22.57	13.25	16.29	30.21	23.61	3.18	9.24	4.59	3.1
ENSG00000137288:UQCC2	13.2	11.34	85.32	90.6	61.73	83.4	1.67	3.85	287.42	221.06
ENSG00000137310:TCF19	1.81	2.1	2.3	3.39	24.92	26.08	0.17	0.45	1.04	1.03
ENSG00000137312:FLOT1	91.45	129.37	67.43	73.78	119.88	115.58	7.83	19.83	44.27	81.21
ENSG00000137331:IER3	16.06	32.2	118.13	110.15	83.89	55.16	16.39	51.21	10.48	60.89
ENSG00000137337:MDC1	10.72	13.07	15.05	8	17.09	14.98	0.63	2.95	11.78	5.5
ENSG00000137343:ATAT1	4.85	7.24	38.64	26.7	5.02	6.72	0.51	1.4	35.85	68.19
ENSG00000137364:TPMT	3.78	5.67	3.35	6.13	33.24	34.37	0.72	0.68	4.63	5.28
ENSG00000137392:CLPS	0	0	2.04	7.32	0	0	0	0	0	0
ENSG00000137393:RNF144B	8.6	13.05	14.1	18.3	4.91	4.76	3.38	6.27	4.81	1.77
ENSG00000137404:NRM	7.94	9.58	21.13	11.4	17.68	14.48	0.64	1.68	1.98	2.7
ENSG00000137409:MTCH1	70.66	79.37	137.86	119.3	206.27	212.48	10	21.43	29	38.46
ENSG00000137411:VARS2	6.47	9.48	9.43	6.27	5.8	5.21	0.76	1.92	12.98	21.68
ENSG00000137414:FAM8A1	9.63	13.2	49.91	35.04	36.77	27.55	3.59	6.55	7.67	5.41
ENSG00000137440:FGFBP1	0	0.23	1.04	0.37	2.76	1	0.02	0.02	40.81	7.5
ENSG00000137449:CPEB2	3.63	5.31	13.64	8.75	9.5	6.52	1.3	2.32	10.35	1.44
ENSG00000137460:FHDC1	53	65.7	22.73	14.29	36.39	37.56	3.65	14.36	3.48	2.74
ENSG00000137462:TLR2	3.04	11.7	2.51	1.7	6.5	8.14	2.21	4.95	1.49	0.25
ENSG00000137463:MGARP	0.08	0.3	2.68	0.55	36.12	24.07	0.02	0.25	0.38	0.04
ENSG00000137473:TTC29	0	0	0.08	0.13	0	0	0.05	0.16	2.82	0.62
ENSG00000137474:MYO7A	13.35	25.22	21.38	17.46	0.95	0.95	0.77	0.57	1.97	0.3
ENSG00000137478:FCHSD2	14.7	27.49	16.08	13.56	8.75	7.75	1.4	3.08	10.39	4.49
ENSG00000137491:SLCO2B1	14.89	65.69	2.29	36.01	74.31	69.86	1.54	4.71	0.55	0.19
ENSG00000137492:THAP12	33.82	36.76	24.2	17.67	19.52	13.81	3.43	4.6	18.71	18.96
ENSG00000137494:ANKRD42	3.79	4.2	4.85	2.95	8.46	6.38	1.12	3.32	1.97	1.21
ENSG00000137497:NUMA1	83.66	125.8	109.35	69.85	59.75	70.16	4.8	16.82	44.59	18.71
ENSG00000137500:CCDC90B	34.74	39.55	20.9	15.11	20.64	16.32	1.12	2.16	51.15	35.42
ENSG00000137501:SYTL2	9.79	15.59	3.35	2.58	33.24	15.54	8.03	16.2	5.51	22.17
ENSG00000137502:RAB30	5.98	8.87	10.81	48.33	2.36	2.31	1.1	3.6	13.8	6.53
ENSG00000137504:CREBZF	46.12	65.54	42.31	28.84	37.64	33.21	5.81	17.44	12.24	9.31
ENSG00000137507:LRRC32	27.41	30.27	20.01	19.4	18.9	18.99	2.03	8.54	1.95	0.63
ENSG00000137509:PRCP	86.67	119.29	33.98	21.79	11.08	9.42	2.09	4.8	187.86	140.07
ENSG00000137522:RNF121	21.28	25.39	32.63	27.38	64.04	52.08	5.21	10.99	2.4	0.42
ENSG00000137547:MRPL15	43.51	47.67	38.26	43.85	17.88	14.36	4.57	7.71	21.67	42.58
ENSG00000137561:TTPA	2.74	2.72	0.47	0.33	10.59	11.48	0.07	0.2	1.99	0.03
ENSG00000137563:GGH	79.52	49.11	16.59	19.03	80.23	95.04	22.74	32.29	101.51	21.16
ENSG00000137573:SULF1	2.98	7.01	5.52	2.7	64.77	55.1	3.84	8.29	11.68	3.46
ENSG00000137574:TGS1	6.14	6.25	11.82	10.5	22.64	17.58	1.46	2.64	26.06	7.78
ENSG00000137575:SDCBP	163.57	196.42	198.06	161.77	215.23	160.89	32.12	56.42	88.89	47.55
ENSG00000137601:NEK1	3.3	5.13	6.23	6.68	17.71	17.41	3.09	5.35	40.27	5.04
ENSG00000137642:SORL1	1.3	2.67	1.45	0.96	12.77	5.61	0.6	1.87	10.98	5.72
ENSG00000137656:BUD13	11.66	13.66	14.99	10.78	11.52	11.62	0.86	1.77	9.58	12.67
ENSG00000137672:TRPC6	9.12	10.87	1.29	1.69	0.69	0.57	0.83	0.92	2.58	4.73
ENSG00000137673:MMP7	0.09	0.36	2.3	1.63	117.16	37.59	0.07	0.04	0	0.15
ENSG00000137674:MMP20	0.16	0	0	0	0	0	0	0	0	0
ENSG00000137675:MMP27	0	0	0.11	0	0	0	0.07	0.06	1.28	1.4
ENSG00000137691:CFAP300	1.27	2.32	1.7	0.96	5.56	2.47	1.38	0.79	0.65	0.89
ENSG00000137692:DCUN1D5	11.54	12.45	58.33	37.36	14.44	13.77	0.85	1.73	46.51	38.14
ENSG00000137693:YAP1	59.15	68.26	66.56	42.9	107.32	57.45	11.91	20.71	51.98	5.04
ENSG00000137699:TRIM29	55.79	90.49	10.62	5.12	3.77	1.64	0.07	0.04	65.25	28.57
ENSG00000137700:SLC37A4	8.12	10.16	7.87	39.23	19.16	11.81	2.84	5.34	7.64	22.01
ENSG00000137707:BTG4	0	0	0.32	0	0	0	0	0	0.11	0.1
ENSG00000137709:POU2F3	25.65	35.98	11.33	6.9	0.03	0.03	0.01	0.06	0	0.1
ENSG00000137710:RDX	67.47	67.27	103.91	64.92	81.89	77.83	13.72	24.72	87.15	2.81
ENSG00000137713:PPP2R1B	10.66	9.56	11.12	9.54	32.92	20.92	12.37	22.83	41.1	27.67
ENSG00000137714:FDX1	76.17	77.99	88.28	157.23	312.34	346.92	6.13	10.26	17.85	32.27
ENSG00000137720:CFAP68	7.66	8.1	34.48	37.13	0.45	0.16	1.28	2.76	0.36	3.82
ENSG00000137726:FXYD6	4.81	8.66	196.71	89.8	30.32	29.58	12.82	31.93	86.16	29.46
ENSG00000137727:ARHGAP20	0.32	0.68	0.47	0.84	1.02	0.43	0.05	0.07	0.79	0.35
ENSG00000137731:FXYD2	0.44	0.59	1.14	47.69	0	0	0.01	1.16	1.66	9.43
ENSG00000137745:MMP13	0.03	0.04	0.85	0.89	0.37	7.29	2.13	2.42	0.57	0.16
ENSG00000137747:TMPRSS13	19.88	12.79	0.72	0.27	0.05	0.4	2.8	6.48	92.48	33.89
ENSG00000137760:ALKBH8	1.69	3.02	5.12	3.12	4.54	2.4	1.04	1.26	4.78	3.52
ENSG00000137764:MAP2K5	7.11	15.51	31.01	20.02	15.57	11.14	1.64	3.78	27.8	10.38
ENSG00000137766:UNC13C	0.29	0.04	0.24	0	0	0.02	0.13	0.21	0.02	0.02
ENSG00000137767:SQOR	3.79	6.91	15.97	15.5	25.43	18.69	2.3	6.47	20.04	15.72
ENSG00000137770:CTDSPL2	20.44	20.24	13.87	11.37	14.53	12.32	3.6	5.06	40.57	14.34
ENSG00000137801:THBS1	11.59	68.29	37.64	56.61	111.28	47.92	56.32	127.77	37.05	8.18
ENSG00000137804:NUSAP1	11.43	8.49	1.4	1.73	8.4	8.35	0.79	1.02	2.48	1.68
ENSG00000137806:NDUFAF1	6.8	7	13.7	10.15	8.28	5.24	1.68	4.25	39.23	36.32
ENSG00000137807:KIF23	9.67	8.82	2.75	2.94	27.31	30.91	1.1	1.99	5.94	0.59
ENSG00000137809:ITGA11	0.33	0.85	2.82	1.01	11.63	6.58	0.32	1.27	0.38	0.28
ENSG00000137812:KNL1	2.48	1.54	0.23	0.14	3.29	2.69	0.24	0.51	1.1	0.06
ENSG00000137814:HAUS2	8.23	7.96	9.63	7.33	17.12	14.69	1.37	2.69	44.38	22.38
ENSG00000137817:PARP6	40.69	70.69	28.15	26.9	34.74	35.63	1.02	2.66	11.32	19.39
ENSG00000137819:PAQR5	0.9	1.09	1.77	0.4	3.16	2.5	1	2.12	7.83	3.33
ENSG00000137821:LRRC49	1.21	1.15	6.46	5.94	0.36	0.29	0.09	0.2	0.96	1.7
ENSG00000137822:TUBGCP4	5.7	7.41	15.37	10.55	7.44	6.9	0.93	2.27	5.66	5.91
ENSG00000137824:RMDN3	23.71	25.05	84.24	44.81	14.29	14.2	0.45	0.99	158.48	98.91
ENSG00000137825:ITPKA	0.48	0.24	25.87	12.06	2.52	3.34	0.2	0.82	3.44	0.71
ENSG00000137831:UACA	17.77	38.27	84.29	44.32	40.26	42.29	6.17	10.38	38.38	2.06
ENSG00000137834:SMAD6	16.03	24.76	18.45	15.1	29.85	36.14	3.15	13.13	24.46	36.45
ENSG00000137841:PLCB2	5.91	13.76	0.79	0.1	1.22	1.39	0.09	0.16	1.09	1.12
ENSG00000137842:TMEM62	12.67	15.5	20.33	20.03	30.92	34.56	1.72	2.72	20.63	23.54
ENSG00000137843:PAK6	11.52	13.98	2.25	9.25	20.97	16.31	0.72	1.99	12.3	15.21
ENSG00000137845:ADAM10	201.42	128.55	106.85	65.75	85.51	80.72	19.32	40.32	98.67	18.53
ENSG00000137857:DUOX1	11.52	6.07	0.21	0.29	0.06	0.09	0.03	0.15	0.31	0.22
ENSG00000137868:STRA6	273.97	275.63	90.54	26.42	3.77	4.1	0.94	6.21	0.47	0.69
ENSG00000137871:ZNF280D	15.11	20.75	19.05	14.63	8.2	7.5	1.16	1.94	11.51	7.55
ENSG00000137872:SEMA6D	17.99	34.82	18.39	17.53	4.6	4.57	0.13	0.41	13.5	14.73
ENSG00000137876:RSL24D1	25.53	26.41	30.64	30.22	31.98	31.86	18.65	26.64	156.05	74.39
ENSG00000137936:BCAR3	54.72	66.52	85.82	47.81	4.66	2.49	10.04	19.67	9.18	11.22
ENSG00000137941:TTLL7	0.88	0.89	3.08	2.04	2.25	2.77	0.45	1.36	0.77	0.08
ENSG00000137942:FNBP1L	14.95	27.29	21.2	29.45	105.38	95.73	5.46	9.85	144.34	63.65
ENSG00000137947:GTF2B	23.99	26.42	104.38	105.04	115.96	86.32	5.91	9.87	30.34	22.21
ENSG00000137948:BRDT	0.68	1.31	1.25	0.81	0	0.02	0	0	0	0.02
ENSG00000137962:ARHGAP29	16.63	22.54	123.61	61.09	74.09	75.7	10.22	22.33	24.01	14.67
ENSG00000137968:SLC44A5	6.82	7.64	0.36	0	0.05	0.05	0.02	0.01	0	0
ENSG00000137975:CLCA2	2.91	0.94	1.68	1.34	0.02	0	0.07	0.06	0.07	0.38
ENSG00000137976:DNASE2B	0	0	0.02	0.09	0	0	0	0	0	0
ENSG00000137992:DBT	4.07	3.71	10.67	4.88	12.32	12.75	1.54	2.78	34.32	39.91
ENSG00000137996:RTCA	15.44	16.31	17.58	18.18	26.87	28.92	7.23	11.41	20.27	15.59
ENSG00000138002:IFT172	4.06	6.69	13.58	10.38	2	1.79	0.6	1.92	7.16	10.86
ENSG00000138018:SELENOI	13.66	8.84	28.74	16.91	6.16	6.05	16.02	22.73	8.63	3.68
ENSG00000138028:CGREF1	0.04	0.15	31.16	36.42	4.73	2.06	0.11	0.35	1.89	0.86
ENSG00000138029:HADHB	42.19	41.84	85.69	83.16	47.47	43.83	29.28	51.42	82.94	41
ENSG00000138030:KHK	1.01	0.66	7.33	11.09	25.23	22.17	0.98	3.12	18.24	21.62
ENSG00000138031:ADCY3	45.72	71.83	4.42	4.81	1.7	1.36	0.38	1.3	0.44	0.41
ENSG00000138032:PPM1B	15.45	20.19	58.76	36.35	62	64.94	8.58	17.5	41.45	43.63
ENSG00000138035:PNPT1	17.99	21.45	17.21	13.77	17.83	13.45	1.42	1.9	7.06	4.59
ENSG00000138039:LHCGR	0	0.06	0.05	0	8.11	10.09	0.03	0.02	0.31	0.15
ENSG00000138050:THUMPD2	5.08	8.02	1.79	1.87	7.6	6.54	3.13	5.54	2.98	3.06
ENSG00000138061:CYP1B1	89.73	1.68	0.89	0.63	10.4	8.27	0.04	0.02	1.51	0.37
ENSG00000138068:SULT6B1	0.12	0	0.82	0.43	0	0	0	0	0	0
ENSG00000138069:RAB1A	142.15	154.34	180.42	135.67	323.54	316.13	24.85	43.39	525.44	61.16
ENSG00000138071:ACTR2	74.54	79	129.63	92.86	279.22	232.83	28.88	62.55	61.19	17.81
ENSG00000138073:PREB	28.6	36.21	110.92	142.07	88.96	75.08	3.02	6.68	44.88	12.28
ENSG00000138074:SLC5A6	195.97	211	96.88	48.34	78.88	69.13	0.4	1.23	144.75	134.96
ENSG00000138075:ABCG5	0.02	0.02	0	0	2.12	2.75	0.01	0	0.05	0
ENSG00000138078:PREPL	11.76	13.11	13.52	11.35	6.33	5.91	3.02	6.05	3.98	3.54
ENSG00000138079:SLC3A1	0.15	0.32	0.93	26.73	3.02	2.39	9.03	16.02	12.86	6.71
ENSG00000138080:EMILIN1	6.25	9.52	101.12	94.58	25.6	25.1	1.8	6.51	30.3	26.29
ENSG00000138081:FBXO11	53.67	67.76	46.35	36.38	35.22	34.13	4.53	9.34	21.19	5.38
ENSG00000138083:SIX3	0	0	0.08	0	3.34	2.89	0.01	0	0	0.03
ENSG00000138085:ATRAID	88.93	81.41	127.88	101.33	50.84	59.13	13.9	23.3	46.88	147.87
ENSG00000138092:CENPO	3.05	4.85	6.17	6.74	6.39	6.81	0.21	0.39	13	9.04
ENSG00000138095:LRPPRC	29.7	28.06	12.28	11.34	26.64	22.04	6.48	10.59	18.86	17.14
ENSG00000138107:ACTR1A	54.49	54.8	81.65	76.64	82.78	81.89	13.21	29.1	51.52	32.08
ENSG00000138111:MFSD13A	7.13	7.46	4.79	19.88	9.3	10.5	0.16	0.43	23.44	45.36
ENSG00000138119:MYOF	46.11	78.48	175.83	146.08	13.52	12.03	3.6	6.49	55.98	23.83
ENSG00000138131:LOXL4	0.76	2.27	3.95	2.29	13.54	11.5	0.5	1	2.5	9.83
ENSG00000138134:STAMBPL1	0.35	1.26	4.01	4.31	1.08	0.46	1.23	1.69	5.3	12.5
ENSG00000138136:LBX1	0	0.02	0.07	0	5.37	2.5	0	0.04	0	0
ENSG00000138138:ATAD1	85.26	60.97	42.97	36.48	46.09	46.48	13.79	19.46	71.53	62.84
ENSG00000138152:BTBD16	1.19	1.1	0.75	0.93	5.7	1.54	0.02	0	0.39	1.7
ENSG00000138160:KIF11	3.5	2.45	1.05	0.62	10.52	7.45	0.38	0.62	4.52	0.2
ENSG00000138162:TACC2	149.27	222.93	92.69	53.77	22.67	24.87	5.21	24.05	83.37	33.91
ENSG00000138166:DUSP5	50.26	48.8	41.15	32.07	5.12	3.28	11.66	31.64	16.58	10.15
ENSG00000138172:CALHM2	27.7	31.44	4.75	3.4	6.88	6.21	1.39	3.4	1.96	7.15
ENSG00000138175:ARL3	2.34	3.36	30.49	33.59	57.53	51.62	0.94	2.04	84	63.27
ENSG00000138180:CEP55	3.29	2.1	1.11	0.84	9.29	12.52	0.31	0.46	4.56	0.88
ENSG00000138182:KIF20B	1.7	2.33	1.22	4.95	8.46	8.41	0.38	0.76	2.26	0.32
ENSG00000138185:ENTPD1	69.32	52.26	61.06	38.63	13.07	18.62	2.13	5.68	3.79	1.06
ENSG00000138190:EXOC6	23.09	33.01	5.5	16.56	11.18	11.15	3.08	3.83	8.42	1.35
ENSG00000138193:PLCE1	3.09	3.81	0.94	3.61	4.19	3.77	0.09	0.21	2.75	0.82
ENSG00000138207:RBP4	0.27	2.54	379.23	1322.43	48.26	45.39	0.07	9.84	3220.66	2808.27
ENSG00000138231:DBR1	5.91	8.22	11.96	12.08	20.3	13.02	1.11	1.88	7.5	7.05
ENSG00000138246:DNAJC13	15.79	21.4	29.41	34.19	19.59	13.93	4.68	7.62	17.86	7.52
ENSG00000138271:GPR87	5.83	7.39	0.1	0.4	0.07	0	0.16	0.56	0	0.39
ENSG00000138279:ANXA7	41.35	46.04	78.65	78.41	43.57	33.1	12.2	19.44	76.42	70.09
ENSG00000138286:FAM149B1	14.97	21.15	19.5	14.31	7.96	6.41	0.97	1.2	4.34	7.41
ENSG00000138303:ASCC1	11.17	11.37	17.47	16.16	18.5	15.9	3.96	5.66	16.19	7.88
ENSG00000138308:PLA2G12B	0	0	9.38	38.49	0.86	0.59	0.02	0.04	5.54	17.99
ENSG00000138311:ZNF365	0.18	0.13	0.17	0.13	1.96	0.41	0.14	0.02	0.06	0
ENSG00000138315:OIT3	0.03	0.03	21.91	18.02	0.1	0	0	0	0.12	0.06
ENSG00000138336:TET1	0.46	0.52	0.58	0.08	2.13	3.11	1.18	2.09	0.35	0.02
ENSG00000138346:DNA2	3.28	2.52	17.64	16.59	1.73	1.26	0.23	0.41	0.19	0.1
ENSG00000138347:MYPN	0.02	0.02	0.78	0.19	0.05	0.05	0.01	0.01	0.02	0
ENSG00000138356:AOX1	5.67	4.12	0.99	0.67	192.03	256.44	0.77	1.82	1.13	0.11
ENSG00000138363:ATIC	45.83	53.59	26.89	15.33	54.29	53.92	0.76	1.48	12.17	7.53
ENSG00000138375:SMARCAL1	8.23	11.06	19.56	13.3	20.26	19.2	1.24	4.04	3.76	7.35
ENSG00000138376:BARD1	1.95	1.79	0.33	0.28	6.29	3.17	1.35	3.51	0.93	0.91
ENSG00000138378:STAT4	6.75	7.17	0.71	0.46	0.38	0.7	0.08	0.07	0.09	0.08
ENSG00000138379:MSTN	0.02	0.14	0	0	0	0	0.1	0.19	0	0
ENSG00000138380:CARF	8.72	9.52	3.29	2.04	10.32	9.93	1.63	3.15	1.28	0.51
ENSG00000138381:ASNSD1	25.01	28.49	24.79	18.91	26.99	29.33	2.28	4.85	7.62	15.96
ENSG00000138382:METTL5	26.75	32.8	12.51	9.43	32.33	29.51	2.73	4.28	3.9	4.67
ENSG00000138386:NAB1	13.83	17.43	19.44	18.53	15.44	14.95	4.33	7.12	2.85	0.58
ENSG00000138395:CDK15	0.01	0.04	0.62	1.08	0	0	0.08	0.13	0.08	0.23
ENSG00000138398:PPIG	36.58	43.24	35.47	19.17	69.17	73.56	5.09	7.91	43.67	16.32
ENSG00000138399:FASTKD1	10.77	10.11	8.79	4.85	5.48	6.59	1.53	2.79	0.65	1.72
ENSG00000138400:MDH1B	0.08	0.03	0.06	0	0.49	0.04	0	0	2.54	6.85
ENSG00000138411:HECW2	12.08	21.22	2.84	1.58	1.96	2.47	1.42	2.9	15.86	2.04
ENSG00000138413:IDH1	41.93	59.15	23.66	36.16	188.74	180.28	25.31	36.54	63.99	53.73
ENSG00000138433:CIR1	29.41	41.98	17.23	13.26	48.03	41.45	5.82	9.3	15.17	12.78
ENSG00000138434:ITPRID2	123.72	134.41	28.77	21.39	16.64	10.7	8.32	15.82	36.96	13.59
ENSG00000138435:CHRNA1	0.14	0.28	0.25	0.37	1.82	2.39	0	0.01	0	0
ENSG00000138439:FAM117B	2.79	3.61	19.67	16.08	6.31	5.84	0.57	1.38	2.25	1.26
ENSG00000138442:WDR12	22.15	18.56	7.68	5.16	28.32	28.21	1.38	2.22	10.43	14.89
ENSG00000138443:ABI2	23.52	27.85	9.45	5.37	5.13	5.56	0.63	1.4	14.82	10.27
ENSG00000138448:ITGAV	66.75	52.48	64.86	64.64	30.78	20.9	7.08	11.89	17.36	4.81
ENSG00000138449:SLC40A1	121.84	194.23	183.75	91.45	92.79	106.86	6.72	16.65	174.6	148.17
ENSG00000138459:SLC35A5	47.49	49.78	14.92	10.66	45.97	46.13	3.1	5.04	2.87	0.59
ENSG00000138463:SLC49A4	82.71	82.16	81.16	64.67	22.26	13.67	11.69	18.57	8.06	4.97
ENSG00000138468:SENP7	26.86	42.49	7.72	4.04	4.07	4.45	1.82	2.9	6.53	1.15
ENSG00000138483:CCDC54	0.9	0.62	0.11	0	0	0	0.06	0.16	0	0
ENSG00000138496:PARP9	9.87	16.75	43.82	35.4	6.51	6.38	0.87	1.39	6.36	0.76
ENSG00000138587:MNS1	1.19	1.44	0.43	0.47	1.94	2.12	0.12	0.17	14.09	3.51
ENSG00000138592:USP8	51.05	59.19	39.64	26.25	53.78	53.73	6.27	10.29	53.14	14.03
ENSG00000138593:SECISBP2L	88.9	118	35.13	18.97	34.52	27.67	22.96	32.4	10.66	1.26
ENSG00000138600:SPPL2A	103.96	76.88	31.52	25.59	75.33	66.8	10.85	14.4	38.09	11.05
ENSG00000138604:GLCE	21.77	23.89	23.16	18.41	41.86	45.54	3.41	5.61	9.79	2.5
ENSG00000138606:SHF	1.36	1.41	9.28	7.35	5.46	5.97	0.58	1.79	18.7	29.83
ENSG00000138614:INTS14	26.77	31.85	20.48	17.58	6.95	5.15	1.62	2.92	3.86	9.36
ENSG00000138615:CILP	0.1	0.44	0.4	0.32	0.25	0.31	0.2	1.18	0.1	0.55
ENSG00000138617:PARP16	5.21	7.52	11.52	8.83	5.81	5.05	0.85	2.93	6.19	11.74
ENSG00000138621:PPCDC	6	9.47	28.9	23.37	5.3	4.72	0.46	1.32	9.63	13.33
ENSG00000138622:HCN4	0	0	0.07	0.05	0	0.04	0	0.02	0	0
ENSG00000138623:SEMA7A	106.03	143.85	53.59	62.63	33.3	29.5	6.25	10.77	88.11	64.36
ENSG00000138629:UBL7	17.54	20.83	56.95	73.59	43.88	45.23	3.11	7.55	6.39	9.29
ENSG00000138640:FAM13A	121.23	113.45	0.36	0.85	6.85	7.8	1.82	5.14	22.4	4.99
ENSG00000138641:HERC3	3.33	6.92	22.28	10.3	8.21	6.78	2.89	8.3	4.47	3.49
ENSG00000138642:HERC6	5.04	5.36	3.73	2.71	9.67	9.98	3.47	4.33	0.96	0.55
ENSG00000138650:PCDH10	1.9	6.3	0.02	0	0.02	0	0.08	0.07	0.47	0.18
ENSG00000138653:NDST4	0	0	0.02	0	0	0	0.16	0.06	2.64	0.94
ENSG00000138660:AP1AR	11.39	12.36	39.77	34.46	12.01	13.02	1.57	2.35	19.57	4.12
ENSG00000138663:COPS4	32.51	30.1	39.17	34.08	56.09	50.09	9.32	16.11	32.14	56.6
ENSG00000138668:HNRNPD	261.61	319.21	147.48	116.05	337.68	262.88	10.26	19.56	166.7	79.9
ENSG00000138669:PRKG2	0.16	0.06	1.48	1.38	0.06	0.06	0.1	0.37	0.17	0.14
ENSG00000138670:RASGEF1B	6	8.68	35.27	22.54	30.58	26.34	2.47	6.49	1.06	1.69
ENSG00000138674:SEC31A	181.95	204.27	124.2	104.56	55.44	52.07	10.46	25.79	31.3	24.34
ENSG00000138675:FGF5	0.21	0.24	0	0.1	0	0	0	0	0.17	0
ENSG00000138678:GPAT3	5.22	3.37	26.69	13.87	137.28	124.54	2.79	2.41	0	0
ENSG00000138684:IL21	0	0	0	0	0	0	0	0	0	0
ENSG00000138685:FGF2	0.57	2.69	16.99	17.89	7.26	6.3	0.18	0.18	2.72	4.48
ENSG00000138686:BBS7	2.88	4.9	1.36	3.03	3.28	2.81	0.82	1.39	4.2	5.93
ENSG00000138688:BLTP1	19.81	28.16	53.89	29.1	13.48	11.41	5.13	11.02	5.78	2.78
ENSG00000138696:BMPR1B	0.22	0.68	0.03	0.13	6.89	5.44	0.96	2.64	1.64	0.46
ENSG00000138698:RAP1GDS1	7.5	8.71	18.48	19.45	16.67	18.5	1.86	3.47	56.55	30.84
ENSG00000138709:LARP1B	31.05	30.65	11.17	13.4	6.37	5.39	1.06	2.1	62.67	18.93
ENSG00000138735:PDE5A	10.99	16.44	7.33	5.47	10.4	6.23	15.86	26.77	3.14	0.62
ENSG00000138738:PRDM5	1.69	2.29	1.03	1.34	2.09	1.66	0.32	0.59	0.53	0.13
ENSG00000138741:TRPC3	0.47	0.49	1.36	0.53	0	0.03	0.49	0.5	1.34	0.34
ENSG00000138750:NUP54	24.11	30.78	14.12	12.81	14.29	12.06	2.69	4.1	20.52	16.85
ENSG00000138755:CXCL9	0.05	0.85	0.06	1.72	50.81	5.53	0.01	0.02	0.05	0.14
ENSG00000138756:BMP2K	8.55	16.07	15.8	12.65	18.09	15.82	3.01	6.66	8.14	5.14
ENSG00000138757:G3BP2	47.36	42.91	44.49	27.31	32.36	31.19	12.72	25.54	55.62	16.35
ENSG00000138758:SEPTIN11	65.01	64.77	32.75	29.01	33.78	22.54	12.88	28.63	148.4	31.09
ENSG00000138760:SCARB2	107.78	136.77	75.89	55.19	60.83	50.59	29.03	39.81	54.39	34.93
ENSG00000138764:CCNG2	13.09	33.85	25.12	32.23	37.42	31.44	8.44	12.1	149.26	80.47
ENSG00000138767:CNOT6L	35.55	36.49	23.21	17.6	11.38	8.89	3.92	7.44	13.8	5.9
ENSG00000138768:USO1	54.41	59.71	74.32	55.7	36.26	33.62	9.95	15.34	40.8	13.55
ENSG00000138769:CDKL2	0.06	0.01	9.04	5.74	5.51	2.12	0.34	0.47	69.66	51.7
ENSG00000138771:SHROOM3	1.88	3.1	12.62	22.68	33.34	33.44	5.19	29.65	28.1	5.18
ENSG00000138777:PPA2	19.56	23.59	18.6	21.68	29.67	23.73	2.47	4.35	18.74	28.99
ENSG00000138778:CENPE	1.33	1	0.87	0.63	6.52	2.84	0.19	0.31	5.71	0.31
ENSG00000138780:GSTCD	3.26	2.46	4.64	3.99	2.15	1.64	0.49	1.04	1.26	1.19
ENSG00000138785:INTS12	10.12	13	9.73	7.77	11.04	12.08	2.35	4.57	2.83	6.07
ENSG00000138792:ENPEP	13.48	9.44	1.36	3.69	8.58	10.08	0.72	1.11	16.69	9.74
ENSG00000138795:LEF1	12.92	16.48	1.14	1.1	8.93	11.32	2.16	3.98	2.38	1.98
ENSG00000138801:PAPSS1	5.55	9.36	26.06	33.89	59.72	52.34	1.76	3.65	15.88	14.26
ENSG00000138802:SEC24B	25.71	26.92	86.6	70.15	20.69	16.55	4	7.44	25.69	8.55
ENSG00000138813:C4orf17	0	0	0.06	0	0	0	0.03	0.1	0	0
ENSG00000138814:PPP3CA	7.49	13.89	27.84	32.38	10.21	10.05	4.36	7.98	4.77	7.58
ENSG00000138821:SLC39A8	112.23	81.39	6.5	159.6	11.37	17.17	1.1	1.25	104.6	81.63
ENSG00000138823:MTTP	0.01	0.03	7.43	38.67	0	0	0.06	0.12	4.71	3.61
ENSG00000138829:FBN2	191.45	267.98	2.32	1.04	0.99	0.77	4.93	15.99	0	0
ENSG00000138834:MAPK8IP3	26.55	58.71	55.95	41.54	8.16	8.89	0.31	1.13	11.85	2.29
ENSG00000138867:GUCD1	15.95	23.9	32.23	36.46	27.96	26	4.42	10.09	23.11	75.73
ENSG00000138892:TTLL8	0	0	0.08	0.03	0	0	0.01	0.06	1.7	1.3
ENSG00000138942:RNF185	19.73	24	35.92	33.94	45.65	34.9	9.17	14.89	28.28	22.69
ENSG00000138944:SHISAL1	0.07	0.05	0.07	0	1.06	1.02	0.55	1.7	9.29	24.88
ENSG00000138964:PARVG	1.96	6.69	1.57	0.97	8.15	4.51	0.32	0.66	2.99	3.72
ENSG00000139044:B4GALNT3	0.05	0.24	0.89	0.83	15.12	16.25	2.44	3.98	20.04	10.19
ENSG00000139053:PDE6H	0	0.38	1.06	0.05	0	0	0.03	0	0	0
ENSG00000139083:ETV6	4.6	7.63	11.76	7.97	17.6	10.46	0.53	1.42	6.75	4.33
ENSG00000139116:KIF21A	12.32	15.64	13.21	11.72	2.64	2.04	0.11	0.18	3.36	0
ENSG00000139132:FGD4	16.24	18.75	15.26	10.72	18.21	19.65	2.83	4.97	8.93	0.77
ENSG00000139146:SINHCAF	27.59	31.92	12.43	13.68	44.38	28.61	0	0.21	11.54	22.82
ENSG00000139151:PLCZ1	0	0	0.04	0	0.03	0.1	0	0.01	0	0
ENSG00000139155:SLCO1C1	1.01	0.5	0.06	0	5.39	5.66	0	0	0.05	0.08
ENSG00000139163:ETNK1	9	9.28	26.04	20.14	16.39	10.59	4.58	7.43	15.43	7.66
ENSG00000139173:TMEM117	5.06	5.56	0.27	0.32	1.93	1.79	1.62	2.13	0.36	0.45
ENSG00000139174:PRICKLE1	1.72	4.71	10.24	8.33	4.27	3.13	2.85	7.3	4.9	2.01
ENSG00000139178:C1RL	2.85	8.58	2.64	1.7	1.31	0.35	0.09	0.2	3.66	13.09
ENSG00000139182:CLSTN3	11.35	9.84	7.42	5.39	0.06	0.78	0.12	0.67	0.23	0.99
ENSG00000139193:CD27	0.19	0.57	2.56	2.18	1.7	0.23	0.06	0.18	0	0
ENSG00000139197:PEX5	10.16	9.78	98.81	54.21	18.26	16.29	0.61	2	28.45	13.21
ENSG00000139200:PIANP	0.33	0.28	5.23	4.2	1.69	1.03	0	0	0.19	0.28
ENSG00000139209:SLC38A4	1.13	0.83	766.98	355.14	0	0.09	0.1	0.36	0.04	0
ENSG00000139219:COL2A1	0.69	0.24	0.2	0.32	0.02	0.01	0.14	0.24	0.06	0
ENSG00000139220:PPFIA2	0	0.08	0.12	0.21	0.07	0	0.09	0.12	0.88	0.11
ENSG00000139263:LRIG3	6.88	9.36	3.59	2.34	1.54	0.59	0.18	0.47	0.63	0.65
ENSG00000139266:MARCHF9	5.67	7.83	7.49	7.82	13.95	9.81	0.45	0.85	8.25	17.74
ENSG00000139278:GLIPR1	3.21	10.8	34.61	30.45	128.17	134.84	0.39	0.84	0.82	1.27
ENSG00000139289:PHLDA1	5.57	5.23	12.78	8.19	4.86	4.21	1.85	4.47	10.05	1.94
ENSG00000139291:TMEM19	4.46	6.1	34.83	40.79	24.3	14.07	2.48	3.74	11.89	27.79
ENSG00000139292:LGR5	27.31	30.54	1.3	0.76	1.49	0.4	0	0.01	0.16	0.69
ENSG00000139304:PTPRQ	1.49	2.05	0.05	0.06	0.01	0.05	0.06	0.22	0.14	0.05
ENSG00000139318:DUSP6	62.03	57.48	19.1	28.51	88.24	102.82	16.56	27.31	42.76	34.42
ENSG00000139323:POC1B	6.58	8.26	4.48	3.91	10.42	9.41	3.07	4.01	2.21	2.42
ENSG00000139324:TMTC3	9.18	9.59	13.9	9.69	7.9	7.46	5.28	8.25	24.09	6.92
ENSG00000139329:LUM	95.19	413.7	385.18	335.64	1280.81	831.46	4.51	6.29	23.86	100.52
ENSG00000139330:KERA	0	0	0	0	0	0	0.04	0.05	0.09	0.09
ENSG00000139343:SNRPF	17.33	20	32.6	45.75	66.11	59.27	2.57	5.31	127.64	150.65
ENSG00000139344:AMDHD1	6.69	10.46	0.02	0.92	1.5	1.69	0.33	1.01	0.35	0.17
ENSG00000139350:NEDD1	6.44	7.95	14.39	10.83	13.07	11.04	2.64	4.4	5.59	3.09
ENSG00000139352:ASCL1	0.04	0.09	0.02	0.13	0	0	0	0	0	0
ENSG00000139354:GAS2L3	8.17	6.7	2.56	1.88	1.59	1.5	1.21	1.57	0.66	0.2
ENSG00000139364:TMEM132B	0.05	0.07	0.08	0.06	0.17	0.05	0.16	0.42	0	0
ENSG00000139370:SLC15A4	8.6	13.43	13.4	11.16	52.73	57.95	2.15	3.85	101.39	72.89
ENSG00000139372:TDG	42.06	43.2	33.85	28.69	25.44	20.79	3.43	5.07	20.31	5.34
ENSG00000139405:RITA1	4.26	5.54	5.51	4.9	9.14	6.91	0.71	1.4	3.47	18.72
ENSG00000139410:SDSL	3.13	4.47	1.62	4.18	0.94	0.56	0	0.04	0.79	1.5
ENSG00000139428:MMAB	8.33	7.92	3.98	5.91	10.94	11.38	0.34	1.47	8.61	31.53
ENSG00000139433:GLTP	34.11	41.86	49.32	49.39	87.18	88.75	3.09	6.26	115.64	77.35
ENSG00000139436:GIT2	19.74	34.29	79.86	47	28.14	27.06	2.05	4.58	29.74	16.05
ENSG00000139438:FAM222A	0.22	0.35	0.33	0.5	0.82	0.68	0.01	0.12	0.03	0.09
ENSG00000139496:NUP58	41.95	47.35	40.5	34	33.28	26.4	4.4	9.76	10.96	8.49
ENSG00000139505:MTMR6	7.97	8.16	41.01	30.21	26.64	22.74	4.57	11.03	24.53	4.73
ENSG00000139508:SLC46A3	2.8	8.73	19.57	21.4	6.66	5.92	0.76	1.68	1.21	6.89
ENSG00000139514:SLC7A1	5.24	13.17	115.03	31.78	8.2	5.22	1.18	2	89.46	3.85
ENSG00000139517:LNX2	6.28	8.13	35.08	21.12	24.44	19.48	2.58	6.79	6.74	4.83
ENSG00000139537:CCDC65	1.07	0.79	0.2	0.26	0.18	0.22	0.04	0.08	3.37	6.07
ENSG00000139567:ACVRL1	67.11	73.64	171.26	87.38	51.79	67.5	4.52	13.51	22.2	17.65
ENSG00000139597:N4BP2L1	8.09	16.08	12.19	12.42	19.99	28.93	0.63	0.89	12.83	3.55
ENSG00000139618:BRCA2	5.52	3.91	11.96	10.88	4.26	3.79	0.2	0.31	1.11	0.46
ENSG00000139620:KANSL2	24.69	27.23	26.14	24.69	31.77	31.18	3.22	6.59	10.26	11.51
ENSG00000139631:CSAD	29.3	44.88	25.9	22.27	13.07	12.21	0.19	0.86	55.59	29.76
ENSG00000139636:LMBR1L	39.64	39.23	31.72	34.45	9.12	15.24	3.3	7.25	2.25	11.01
ENSG00000139668:WDFY2	5.34	8.12	16.67	8.53	11.81	10.33	5.22	8.81	3.85	2.23
ENSG00000139679:LPAR6	36.21	65.99	3.96	4.1	26.98	16.68	8.34	12.97	3.27	5.55
ENSG00000139684:ESD	31.74	42.61	150.44	186.23	34.39	34.45	18.53	36.82	70.14	109.29
ENSG00000139687:RB1	11.7	19.8	21.85	12.39	5.41	5.19	1.35	2.16	7.26	2.82
ENSG00000139697:SBNO1	8.17	9.59	39.85	21.98	28.38	25.89	4.98	8.55	35.86	4.73
ENSG00000139718:SETD1B	9.8	12.64	15.81	9.26	10.72	10.47	0.83	3.69	17.35	8.17
ENSG00000139719:VPS33A	15.02	15.45	16.1	13.99	40.12	38.43	1.77	3.48	33.83	8.76
ENSG00000139722:VPS37B	18.97	21.47	20.26	11.96	61.53	53.94	1.68	3.97	78.55	22.95
ENSG00000139725:RHOF	3.54	4.48	5.9	3.81	13.77	14.77	5.39	12.76	6.03	8.15
ENSG00000139726:DENR	37.29	42.48	43.11	40.82	14.78	12.54	2.4	4.35	476.64	169.12
ENSG00000139734:DIAPH3	4.68	4.42	1.59	1.96	6.14	4.14	0.14	0.15	2.27	0.64
ENSG00000139737:SLAIN1	3.8	4.92	2.23	1.09	3.17	2.53	0.12	0.31	5.7	6.04
ENSG00000139746:RBM26	38.01	47.99	17.55	11.92	23.55	26.97	3.49	6.81	34.44	11.04
ENSG00000139780:METTL21C	3.01	3.49	0.05	0.08	0	0.13	0.23	0.7	0	0
ENSG00000139793:MBNL2	42.17	84.45	224.61	112.38	14.39	15.18	5.15	10.23	41.89	4.71
ENSG00000139800:ZIC5	0	0.01	0.31	0.27	0.05	0	0	0.01	0	0.02
ENSG00000139826:ABHD13	6.51	8.84	13.26	9.48	31.65	19.8	3.17	4.13	4.3	18.54
ENSG00000139832:RAB20	3.65	8.13	20.51	29.45	66.35	51.37	1.83	5.55	5.79	7.53
ENSG00000139835:GRTP1	8.48	12.91	26.24	53.36	6.64	10.67	3.98	3.8	63.8	79.88
ENSG00000139842:CUL4A	33.47	42.07	52.37	42.55	203.46	203.48	4.09	12.08	57.56	12.56
ENSG00000139865:TTC6	0.22	0.39	0.04	0.34	0.01	0	0.03	0.02	0.07	0.07
ENSG00000139874:SSTR1	0.07	0.38	0.03	0	0.15	0.2	0.23	0.67	5.4	1.05
ENSG00000139880:CDH24	5.99	7.74	11.66	7.31	3.88	2.19	0.36	0.94	1.7	3.84
ENSG00000139890:REM2	0.08	0.17	0.36	0.04	0.43	0.6	0.33	0.63	0.47	1.44
ENSG00000139899:CBLN3	3.56	3.35	0.74	0.44	15.52	8.44	0.07	0.15	7.85	4.13
ENSG00000139908:TSSK4	3.29	7.06	0.23	0.21	0.57	0.37	0.59	0.96	0	0.07
ENSG00000139910:NOVA1	0	0.07	0.23	0.02	1.57	1.76	0.06	0.05	1.54	0.67
ENSG00000139914:FITM1	0.63	0.47	0	0	4.38	4.21	0.07	0.65	0.09	0.18
ENSG00000139915:MDGA2	0	0	0.2	0.08	0	0	0.03	0.02	0.27	0.05
ENSG00000139921:TMX1	12.81	13.24	41.91	33.21	39.23	31.58	13.63	23.05	20.19	9.2
ENSG00000139926:FRMD6	16.37	14.02	87.46	42.68	4.72	3.54	2.18	3.77	8.89	0.64
ENSG00000139946:PELI2	1.29	2.04	3.91	3.75	2.06	2.04	1.93	4.49	1.56	1.5
ENSG00000139970:RTN1	0.76	4.19	20	9.07	0.5	0.75	0.05	0.13	0.39	0.51
ENSG00000139971:ARMH4	3.3	7.05	2.44	2.08	0.23	0.09	0.05	0.04	0.82	0.02
ENSG00000139973:SYT16	1.27	1.51	0.18	0.04	0.03	0	0.16	0.25	0.22	0.34
ENSG00000139974:SLC38A6	7.92	12.99	355.96	277.01	5.82	6.05	3.01	3.95	0.45	0.38
ENSG00000139977:NAA30	10.31	10.27	21.61	15.56	13.78	10.88	2.08	3.71	5.97	4.31
ENSG00000139988:RDH12	0.4	1.18	5.72	4.14	1.29	0.33	0	0.02	1.95	5.38
ENSG00000139990:DCAF5	26.91	36.57	21.71	13.47	39.14	38.25	3.41	8.24	24.64	18.19
ENSG00000139998:RAB15	35.06	45	227.07	112.26	256.46	218.9	3.7	8.88	0.84	0.04
ENSG00000140009:ESR2	1.4	2.2	0.06	0	0.32	0.38	0.03	0.07	0.18	0
ENSG00000140015:KCNH5	0.33	0.48	0.01	0	0.13	0.3	0.01	0	0.02	0
ENSG00000140022:STON2	9.76	9.77	14.77	6.48	3.95	4.45	1.27	2.18	0.4	0.03
ENSG00000140025:EFCAB11	6.38	8.95	0.76	0.19	5.33	3.89	1.66	1.16	12.7	12.38
ENSG00000140030:GPR65	0.4	1.61	0.55	0.78	19.58	5.46	0.28	0.66	0.04	0.08
ENSG00000140044:JDP2	3.45	7.51	51.17	36.51	40.44	38.13	2.86	7.79	4.68	1.01
ENSG00000140057:AK7	0.37	0.38	12.71	5.5	5.38	3.59	0.07	0.02	2.77	1.16
ENSG00000140067:FAM181A	0.06	0	0	0	0	0	0.01	0	0	0.46
ENSG00000140090:SLC24A4	0.25	3.33	0.03	0	0	0	0.03	0.05	0.09	0
ENSG00000140092:FBLN5	8.26	31.61	23.96	18.76	40.43	26.68	0.2	0.42	41.89	23.35
ENSG00000140104:CLBA1	1.84	2.34	26.54	4.05	4.22	3.08	0.21	0.4	6.22	9.37
ENSG00000140105:WARS1	232.9	273.36	53.67	48.64	33.5	27.81	3.34	7.21	44.57	120.32
ENSG00000140107:SLC25A47	0.16	0	4.8	6.29	0.85	0.15	0.06	0.13	2.74	4.51
ENSG00000140157:NIPA2	28.67	28.21	39.49	28.67	59.07	56.11	9.44	13.02	25.8	62.01
ENSG00000140199:SLC12A6	6.6	9.41	21.34	15.97	6.05	7.07	2.39	5.54	10.44	2.56
ENSG00000140254:DUOXA1	1.44	0.38	0.38	1.14	0	0	0	0	0.36	0.09
ENSG00000140262:TCF12	23.63	33.82	38.13	23.78	16.92	12.44	5.18	9.31	53.7	14.15
ENSG00000140263:SORD	2.42	2.68	20.08	40.8	106.96	82.35	0.17	0.17	9.28	23.2
ENSG00000140274:DUOXA2	0.03	0.04	0.06	0.26	0.33	0.33	0.04	0.07	0.65	3.32
ENSG00000140279:DUOX2	0.47	0.72	0.09	0.04	0.02	0.01	0.02	0.02	0.18	0.11
ENSG00000140280:LYSMD2	3.25	4.23	13.72	6.27	0.59	0.43	2.27	2.82	2.63	5.13
ENSG00000140284:SLC27A2	22.39	16.78	0.99	38	0.47	0.65	2.4	6.79	51.34	14.96
ENSG00000140285:FGF7	3.16	10.92	0.19	0.32	0.21	0.28	0.03	0.05	2.8	2.45
ENSG00000140287:HDC	0.16	0.35	1.44	0.69	0.03	0.03	0.3	0.59	0	0.09
ENSG00000140297:GCNT3	0.04	0.15	1.07	0.4	28.36	11.34	2.27	1.76	1.4	0.23
ENSG00000140299:BNIP2	49.38	49.59	92.62	61.51	13.63	9.78	5.33	8.33	33.77	8.83
ENSG00000140307:GTF2A2	51.38	63.84	47.47	52.06	103.25	83.49	9.22	12.53	1.95	6.52
ENSG00000140319:SRP14	304.09	364.95	104.41	129.69	108.44	105.78	12.47	22.45	411.58	242.73
ENSG00000140320:BAHD1	9.65	13.96	65.94	40.22	49.5	56.17	3.01	9.12	1.17	0.69
ENSG00000140323:DISP2	0.26	0.7	5.67	2.43	0.01	0.01	0.01	0.06	0.07	0
ENSG00000140326:CDAN1	6.99	10.24	18.49	7.03	7.15	6.99	0.8	1.96	6.12	9.48
ENSG00000140332:TLE3	41.63	53.37	65.03	49.27	46.04	39.14	3.08	7.56	11.06	6.73
ENSG00000140365:COMMD4	27.28	28.11	53.75	111.42	126.19	93.24	6.72	14.6	28.77	68.36
ENSG00000140367:UBE2Q2	39.32	44.67	78.77	41.97	50.71	43.29	9.65	17.63	12.28	6.17
ENSG00000140368:PSTPIP1	1.6	3.88	25.22	13.41	8.63	12.19	0.26	0.21	0.37	0.29
ENSG00000140374:ETFA	101.05	116.1	63.46	53.42	49.42	62.62	18.02	26.63	39.1	33.68
ENSG00000140382:HMG20A	17.11	22.6	22.03	17.26	12.54	12.92	3.22	6.51	26.46	6.93
ENSG00000140386:SCAPER	24.02	30.56	7.31	5.21	10.34	10.64	2.02	3.59	8.62	2.63
ENSG00000140391:TSPAN3	86.81	117.16	107.05	73.86	87.07	94.55	14.11	25.05	89.5	218.56
ENSG00000140395:SKIC8	51.63	58.63	139.72	125.6	35.67	31.07	7.42	10.4	28.76	45.38
ENSG00000140396:NCOA2	25.99	26.92	45.06	19.3	23.63	22.7	6.23	18.95	11.17	0.87
ENSG00000140398:NEIL1	9.61	18.65	7	5.81	4.84	4.27	0.62	2.37	5.07	6.99
ENSG00000140400:MAN2C1	111.17	123.43	61.74	51.95	12.93	17.8	3.49	9.74	12.64	8.72
ENSG00000140403:DNAJA4	9.28	15.48	11.08	9.19	8.34	8	1.18	3.19	795.52	74.41
ENSG00000140406:TLNRD1	4.83	6.91	17.25	12.38	28.7	23.06	1.43	4.59	4.43	15.19
ENSG00000140416:TPM1	63.9	194.6	388.02	320.87	466.84	285.71	86.71	258.34	414.44	116.41
ENSG00000140443:IGF1R	14.75	20.59	24.62	12.32	42.4	30.28	2.69	8.55	11.45	2.06
ENSG00000140450:ARRDC4	5.83	7.39	58.25	50.69	13.59	10.33	8.98	15.22	16.7	7.52
ENSG00000140451:PIF1	2.05	1.36	0.11	0.12	0.61	0.56	0.01	0.04	0.36	0.02
ENSG00000140455:USP3	21.98	16.13	16.88	24.32	8.15	7.58	3.87	6.96	9.52	1.8
ENSG00000140459:CYP11A1	312.12	348.91	256.46	597.7	570.92	669.87	93.71	188.08	0.8	0.2
ENSG00000140463:BBS4	6.37	10.01	8.2	6.11	20.51	21.07	3.47	4.69	12.04	19.53
ENSG00000140464:PML	14.49	27.51	10.5	10.08	11.96	10.77	0.65	2.59	2.03	3.84
ENSG00000140470:ADAMTS17	0.08	0.38	0.88	0.66	6.78	6.15	0.04	0.16	1.65	0.2
ENSG00000140471:LINS1	11.28	12.48	10.57	4.42	3.03	2.99	1.56	3.03	7.61	5.66
ENSG00000140474:ULK3	9.84	12.76	12.8	11.22	23.49	25.79	2.02	5.48	16.07	20.34
ENSG00000140479:PCSK6	5.81	11.28	6.74	4.48	24.87	17.03	4.91	10.58	0.9	1.27
ENSG00000140481:CCDC33	2.12	2.65	1.57	2.78	0	0	0.03	0.16	0.16	0.06
ENSG00000140488:CELF6	2.09	4.13	0.07	0.02	3.52	4.3	0.01	0	0.06	0
ENSG00000140497:SCAMP2	114.91	125.66	44.12	46.26	105.5	102.02	14.46	30.44	65.74	118.12
ENSG00000140511:HAPLN3	0.44	2.66	5.85	3.49	5.72	8.13	0.43	2.16	2.93	5.8
ENSG00000140519:RHCG	0.11	0.19	0.44	0.24	1.49	0.83	0	0	4.26	1.47
ENSG00000140521:POLG	22.43	26.71	154.09	115.05	23.16	23.99	2.28	7.39	24.21	13.89
ENSG00000140522:RLBP1	0.17	0	0.31	0.3	0.05	0	0	0	0.13	0.06
ENSG00000140525:FANCI	8.89	7.59	1.78	1.3	7.04	8.09	0.19	0.63	0.34	0.2
ENSG00000140526:ABHD2	5.6	7.56	120.89	82.45	63.04	46.43	33.68	69.77	20.78	8.93
ENSG00000140527:WDR93	0.03	0.09	0.63	0	0.41	0.18	0.1	0.12	1.19	6.32
ENSG00000140534:TICRR	1.56	1.46	2.94	1.44	5.83	4.36	0.03	0.04	0.26	0.06
ENSG00000140538:NTRK3	0.09	0.63	0.2	0.99	0.05	0	0.01	0.05	0.58	0.97
ENSG00000140543:DET1	3.63	4.08	5.76	5.97	8.39	6.92	1.62	4.22	0	0
ENSG00000140545:MFGE8	20.42	58.79	331.68	456.58	1220.45	1233.27	15.91	57.39	805.29	555.21
ENSG00000140553:UNC45A	26.24	32.51	41.18	34.05	30.82	32.78	2.83	8.15	25.12	20.21
ENSG00000140557:ST8SIA2	0	0	15.94	5.54	0	0	0.02	0.03	0.93	4.27
ENSG00000140563:MCTP2	18.56	19.45	1.7	2.43	1.07	1.07	1.58	4.25	0.69	0.49
ENSG00000140564:FURIN	243.62	265.52	120.09	81.67	460.66	540.56	6.41	19.52	83.77	32.86
ENSG00000140575:IQGAP1	122.26	176.15	127.69	74.94	190.34	176.45	38.99	64.42	62.26	12.18
ENSG00000140577:CRTC3	23.02	32.86	22.42	9.82	17.01	10.96	1.64	4.99	3.87	6.29
ENSG00000140598:EFL1	6.29	6.53	5.75	5.81	11.37	10.82	2.77	4.65	4.66	3.99
ENSG00000140600:SH3GL3	0.05	0.54	5.68	3.44	1.33	0.84	0.01	0	2.69	0.55
ENSG00000140623:SEPTIN12	0.29	0.8	0	0	0	0	0.08	0.31	4.01	0.2
ENSG00000140632:GLYR1	36.5	41.61	77.88	61.81	53.27	54.03	8.18	16.81	51.11	24.6
ENSG00000140675:SLC5A2	0.17	0.21	0.1	0	0.45	0.15	0.12	0.13	0	0.07
ENSG00000140682:TGFB1I1	13.07	24.68	30.56	27.04	27.41	17.86	2.08	5.91	6.5	19.85
ENSG00000140688:RUSF1	47.6	54.78	17.94	12.13	24.39	22.41	0.27	1.35	20.85	35.6
ENSG00000140691:ARMC5	5.21	7.28	8.48	8.76	7.04	5.54	0.31	1.02	4.55	5.64
ENSG00000140694:PARN	24.49	28.93	25.52	17.6	34.32	31.9	2.61	5.26	44.41	20.39
ENSG00000140718:FTO	44.72	47.14	30.66	24.46	20.32	22.75	2.9	7.69	2.36	2.83
ENSG00000140743:CDR2	5.94	8.09	34.16	38.09	19.52	13.36	1.26	2.41	8.84	2.86
ENSG00000140749:IGSF6	3.82	7.34	1.68	1.62	9.29	4.34	0.42	0.39	1.54	0.93
ENSG00000140750:ARHGAP17	179.75	227.11	44.61	33.59	49.69	29.96	1.05	3.5	34.41	17.01
ENSG00000140795:MYLK3	1.23	1.51	2.06	8.23	11.29	7.63	0.05	0.02	2.81	0.52
ENSG00000140798:ABCC12	0	0.14	1.51	1.17	0.17	0.34	0	0	0.1	0.01
ENSG00000140807:NKD1	0.88	2.3	7.32	7.45	5.56	4.84	0.96	3.16	2.1	2.05
ENSG00000140829:DHX38	24.39	39.34	20.26	14.73	14.87	12.27	1.47	3.52	43.8	19.7
ENSG00000140830:TXNL4B	4.15	4.44	6.78	7.95	14.38	14.84	1.13	2.16	8.64	25.96
ENSG00000140832:MARVELD3	5.2	6.87	6.48	18.49	2.51	17.29	3.57	14.77	70.02	50.02
ENSG00000140836:ZFHX3	7.44	11.36	7.82	2.5	20.15	12.65	0.83	3.75	5.3	0.35
ENSG00000140848:CPNE2	16.24	23.19	3.65	2.96	26.51	21.81	1.48	3.63	24.85	37.88
ENSG00000140854:KATNB1	5.85	6.37	11.02	6.73	9.7	7.98	0.66	1.86	17.5	24.78
ENSG00000140859:KIFC3	50.46	73.31	52.16	36.12	10.8	7.38	1.26	2.43	6.74	2.06
ENSG00000140873:ADAMTS18	10.99	11.03	0.18	0.24	0.46	0.27	0.16	0.32	0.03	0.03
ENSG00000140931:CMTM3	20.94	29.39	100.95	85.01	18.94	16.31	2.34	5.49	1.87	2.87
ENSG00000140937:CDH11	8.97	45.77	4.44	4	26.11	14.31	2.66	7	3.33	1.25
ENSG00000140943:MBTPS1	40.5	51.13	71.56	56.93	53.26	47.62	6.5	16.15	31.36	16.94
ENSG00000140945:CDH13	4.05	2.64	25.92	21.15	32.15	26.09	2.45	10	3.1	1.03
ENSG00000140948:ZCCHC14	4.73	7.18	30.19	17.05	7.37	4.51	0.3	0.75	7.32	2.59
ENSG00000140950:MEAK7	20.38	22.79	8.3	7.5	33.58	37.41	0.43	1.14	11.63	5.6
ENSG00000140955:ADAD2	0.19	0.13	0.05	0	0	0	0	0	0.27	0.88
ENSG00000140961:OSGIN1	1.25	1.39	6.08	5.62	63.12	47.08	2.69	23.25	1.61	0.42
ENSG00000140983:RHOT2	42.52	64.76	28.14	20.84	26.34	29.15	1.65	4.78	17.99	14.5
ENSG00000140986:RPL3L	0	0.03	0.45	0.34	0.26	0.26	0	0.13	0.12	0.06
ENSG00000140988:RPS2	505.85	590.1	528.34	562.25	3448.02	3072.38	0.18	0.67	0	0
ENSG00000140990:NDUFB10	69.48	94.81	80.14	90.99	130.12	120.83	12.34	23.8	98.22	151
ENSG00000140992:PDPK1	24.98	25.05	27.81	18.18	20.15	18.85	3.51	9.28	6.11	2.2
ENSG00000140995:DEF8	8.62	14.59	35.41	29.69	14.11	13.81	1.45	4.38	4.2	1.22
ENSG00000141012:GALNS	16.82	16.44	149.43	85.57	8.83	7.81	4.99	12.43	12.97	19.58
ENSG00000141013:GAS8	4.45	4.77	11.22	8.94	7.76	5.04	0.45	1.84	9.64	6.03
ENSG00000141026:MED9	7.83	10.75	23.26	19.55	23.71	16.07	0.75	2.13	4.92	8.33
ENSG00000141027:NCOR1	39.28	56.87	79.88	54.16	40.61	34.72	3.37	11.18	35.5	31.54
ENSG00000141030:COPS3	50.53	51.12	55.02	46.62	69.46	65.57	5.58	29.41	21.48	24.17
ENSG00000141034:GID4	5.25	6.23	16.52	13.79	13.85	12.61	0.85	2.21	39.99	6.75
ENSG00000141052:MYOCD	0.39	3.04	0.92	0.95	0.31	0.15	0.08	0.41	0.24	0
ENSG00000141068:KSR1	33.83	85.06	25.29	11.42	10.16	8.6	1.58	5.34	63.13	19.26
ENSG00000141076:UTP4	14.93	16.22	15.99	14.45	15.34	14.78	2.87	4.59	12.82	19.58
ENSG00000141084:RANBP10	11.79	15.09	33.65	35.35	14.11	11.38	1.19	2.95	1.73	2.78
ENSG00000141098:GFOD2	26	27.91	4.25	4.07	21.1	12.63	3.72	8.5	8.58	7.17
ENSG00000141101:NOB1	14.65	13.37	12.21	14.63	34.1	28.98	1.88	3.85	62.44	42.13
ENSG00000141127:PRPSAP2	7.7	8.49	14.58	11.83	38.08	28.08	6.95	13.15	15.36	18.02
ENSG00000141161:UNC45B	0.04	0.18	2.49	1.75	0.05	0.1	0.09	0.15	0.77	0.62
ENSG00000141198:TOM1L1	5.59	5.88	6.24	10.18	3.56	2.22	2.75	4.26	5.96	14.54
ENSG00000141200:KIF2B	0	0	0	0	0	0	0	0	0	0
ENSG00000141252:VPS53	15.44	17.74	32.15	35.77	13.31	11.79	1.83	4.9	19.54	1.74
ENSG00000141255:SPATA22	0.24	1.49	0.02	0.13	1.13	1.01	0.07	0.25	4.19	35.16
ENSG00000141258:SGSM2	15.15	25.21	7.09	6.38	3.91	3.72	1.55	4.83	2.73	2.29
ENSG00000141279:NPEPPS	94.37	119.66	58.83	54.63	47.55	41.25	13.84	28.08	39.5	12.62
ENSG00000141293:SKAP1	0.62	0.52	0.13	0	1.77	0.46	0.15	0.51	7.51	9.22
ENSG00000141294:LRRC46	0.52	0.76	0.55	0.76	0.27	0.55	0.18	0.42	2.41	4.01
ENSG00000141295:SCRN2	22.4	23.73	3.09	2.47	13.64	18.42	3.38	5.22	26.18	37.58
ENSG00000141298:SSH2	9.37	11.65	7.07	5.71	4.92	2.47	0.57	1.07	6.35	1.99
ENSG00000141314:RHBDL3	0.16	0.15	1.17	1.52	0.8	1.11	0.14	0.41	0.21	0.1
ENSG00000141337:ARSG	4.53	7.75	5.43	4.89	34.55	15.09	0.06	0.25	17.89	12.49
ENSG00000141349:G6PC3	38.79	43.94	27.38	23.86	32.31	28.96	1.94	3.78	11.9	26.01
ENSG00000141367:CLTC	142.08	171.8	151.92	129.42	192.13	160.25	37.82	71.08	331.73	74.1
ENSG00000141371:CHCT1	0	0	1.57	0	0	0	0	0	0.21	0
ENSG00000141376:BCAS3	7.15	11.8	19.78	38.21	11.06	11.06	3.32	6.59	5.48	5.41
ENSG00000141378:PTRH2	11.97	11.43	4.94	4.81	16.58	15.2	2.43	4.18	221.02	43.85
ENSG00000141380:SS18	89.72	102.64	62.13	45.54	68.87	73.01	17.67	30.68	23.54	20.11
ENSG00000141384:TAF4B	6.19	4.94	5.24	2.17	14.02	18.44	18.77	31.52	0.33	1.19
ENSG00000141385:AFG3L2	18.88	18.46	37.71	29.34	71.75	62.22	2.51	5.05	32.18	12.82
ENSG00000141391:PRELID3A	1.14	1.48	0.3	0.33	12.32	12.97	0.05	0.26	1.36	0.86
ENSG00000141401:IMPA2	89.21	151	7.7	5.21	100.72	66.31	0.24	0.83	171.18	62.38
ENSG00000141424:SLC39A6	81.75	40.42	42.44	29.08	23.34	12.63	1.73	3.07	11.38	8.88
ENSG00000141425:RPRD1A	23.86	34.89	11.19	8.74	15.35	14.33	3.92	7.43	19.52	10.88
ENSG00000141429:GALNT1	38.2	45.84	78.26	68.91	36.91	31.89	16	23.37	14.02	12.29
ENSG00000141431:ASXL3	1.77	0.8	0.06	0.13	0	0	0.01	0.14	0.45	0.02
ENSG00000141433:ADCYAP1	0	0.09	0.01	0	24.25	4.63	0	0	0	0
ENSG00000141441:GAREM1	3.5	6.77	3.25	4.08	13.6	12.26	0.6	1.25	1.98	1.72
ENSG00000141446:ESCO1	14.93	21.84	19.78	13.6	8.12	7.49	4.08	8.18	8.83	1.51
ENSG00000141447:OSBPL1A	2.27	4.09	25.96	27.01	52.92	43.56	7.04	9.93	52.75	17.5
ENSG00000141448:GATA6	0.81	4.55	4.57	8.62	1.21	2.09	1.36	4.36	3.39	4.11
ENSG00000141449:GREB1L	0.74	4.21	0.29	2.44	17.65	17	1.08	2.75	5.07	0.4
ENSG00000141452:RMC1	24.74	31.81	24.94	34.78	15.73	12.58	2.76	6.64	21.8	33.39
ENSG00000141456:PELP1	8.5	12.96	15.47	11.78	55.71	62.51	1.41	5.57	12.68	33.83
ENSG00000141458:NPC1	39	49.71	71.03	86.67	152.83	169.54	14.21	34.06	28.23	20.91
ENSG00000141485:SLC13A5	0.35	0.6	3.42	1.14	1.25	1.15	0	0.04	0.75	0.44
ENSG00000141497:ZMYND15	0.18	1.75	0.84	2.34	5.89	4.48	0.04	0.08	0	0.07
ENSG00000141499:WRAP53	2.24	2.6	6.96	9.05	32.59	27.03	1.6	3.76	6.5	20.19
ENSG00000141503:MINK1	44.31	72.55	23.92	16.87	66.01	65.26	3.43	17.62	47.15	46.55
ENSG00000141504:SAT2	6.22	11.33	6.02	6.58	2.68	2.3	1.62	3.16	6.65	22.5
ENSG00000141505:ASGR1	0.32	0.5	0.04	0	0.76	0.52	0.01	0	2.95	6.04
ENSG00000141506:PIK3R5	1.31	2.51	0.9	0.24	4.02	1.67	0.11	0.19	0.14	0.17
ENSG00000141519:CCDC40	2.1	6.74	0.88	0.96	0.83	0.27	0.08	0.12	8.9	1.96
ENSG00000141522:ARHGDIA	108.86	121.84	337.92	318.13	533.99	436.44	7.34	19.92	243	193.34
ENSG00000141524:TMC6	15.94	19.35	23.27	41.75	34.3	41.73	1.43	3.81	4.3	8.71
ENSG00000141526:SLC16A3	126.12	65.56	48.39	38.25	7.18	6.94	0.49	1.55	6.65	7.6
ENSG00000141527:CARD14	6.94	6.13	2.76	2.53	0.37	0.23	0	0	0.07	0.05
ENSG00000141540:TTYH2	5.18	11.43	1.65	1.79	10.21	10.32	1.45	5.41	4.42	2.34
ENSG00000141551:CSNK1D	63.86	109.05	102.4	87.11	100.52	77.78	3.56	11.94	15.52	12.73
ENSG00000141556:TBCD	67.85	103.09	22.29	22.37	23.93	19.47	2.22	7.45	9.85	3.56
ENSG00000141560:FN3KRP	17.61	17.03	6.18	4.54	27.39	28.27	0.41	1.32	20	4.95
ENSG00000141562:NARF	16.87	19.24	11.57	11.51	39.1	34.98	1.4	5.45	9.82	3.46
ENSG00000141564:RPTOR	4.54	5.28	15.98	11.49	7.03	6.6	0.9	3.04	5.77	2.39
ENSG00000141569:TRIM65	2.25	4.75	2.84	2.14	11.24	12.51	0.44	1.5	2.28	1.63
ENSG00000141576:RNF157	1.87	1.85	12.16	6.69	27.4	14.83	0.67	2.57	9.35	1.88
ENSG00000141577:CEP131	2.85	5.19	7.22	5.33	7.3	6.96	0.09	0.31	15.41	6.36
ENSG00000141579:ZNF750	16.39	12.74	0.41	0.53	14.22	8.05	0.06	0.27	5.18	1.13
ENSG00000141580:WDR45B	43.47	63.53	37.34	32.51	57.37	46.61	4.38	11.86	25.36	6.69
ENSG00000141582:CBX4	17.92	29.29	25.97	12.08	17.46	16.3	1.24	3.29	8.46	7.52
ENSG00000141622:ARK2C	0.41	0.55	2.39	0.6	0.19	0.49	0.01	0.01	0.56	0.01
ENSG00000141627:DYM	20.52	22.12	17.73	20.65	22.16	16.75	4.1	8	5.54	5.22
ENSG00000141639:MAPK4	5.4	5.35	0.4	0.17	15.38	19.33	0.19	0.21	55.32	17.6
ENSG00000141642:ELAC1	8.25	6.83	9.91	6.14	9.59	5.78	0.86	1.49	1.08	0.6
ENSG00000141644:MBD1	37.87	48.13	49.43	32.34	38.58	32.99	4.2	10.74	11.93	48.36
ENSG00000141646:SMAD4	66.04	60.73	65.61	48.79	64.65	63.88	18.23	26.11	22.61	8.05
ENSG00000141655:TNFRSF11A	0.94	4.8	1.12	1.28	0.84	0.55	0.78	2.14	2.96	2.04
ENSG00000141664:ZCCHC2	13.86	18.92	20.78	13.84	2.13	2.35	1.91	5.15	9.48	1.69
ENSG00000141665:FBXO15	1.47	1.21	3.88	2.5	1.43	1.42	0.15	0.29	6.61	13.17
ENSG00000141668:CBLN2	0	0	0	0	9.33	5.01	0.01	0	1.19	0.3
ENSG00000141696:P3H4	7	7.34	23.67	22.31	12.34	11.01	0.78	2.92	3.38	4.58
ENSG00000141698:NT5C3B	34.33	34.42	15.87	15.39	11.01	11.49	2.01	4	29.73	14.37
ENSG00000141699:RETREG3	28.83	37.04	89.05	75.05	82.41	81.49	5.31	11.52	35.02	8.55
ENSG00000141736:ERBB2	140.9	143.6	4.68	15.08	347.73	327.13	7.59	28.2	24.6	28.29
ENSG00000141738:GRB7	57.1	64.55	3.81	27.64	141.21	137.17	2.21	8.7	21.8	44.75
ENSG00000141741:MIEN1	47.59	49.06	47.02	70.8	65.26	61.24	1.94	3.84	67.22	67.4
ENSG00000141744:PNMT	8.32	14.71	0	0	0.65	0.07	0.07	0.02	0	0.19
ENSG00000141750:STAC2	0.15	0.41	14.46	9.04	0.13	0.24	0.24	1.18	0	0
ENSG00000141753:IGFBP4	86.24	85.26	35.61	71.83	58.83	55.11	15.28	51.44	6.68	14.34
ENSG00000141756:FKBP10	20.75	31.95	21.78	24	15.36	17.23	1.11	3.67	23.57	12.32
ENSG00000141759:TXNL4A	32.86	31.48	20.58	14.71	30.63	21.13	6	8.76	17.32	4.37
ENSG00000141837:CACNA1A	2.25	3.51	7.91	7.89	0.73	0.32	0.01	0.03	0.31	0.12
ENSG00000141854:MISP3	10.49	17.53	17.19	21.86	24.49	38.68	3.85	7.97	10.75	36.78
ENSG00000141905:NFIC	5.92	9.76	15.21	12.88	26.3	22.63	1.18	5.13	9.41	2.61
ENSG00000141934:PLPP2	18.24	8.49	35.67	37.24	76.45	64.87	8.2	14.41	5.37	11.75
ENSG00000141956:PRDM15	2.34	3.44	4.9	6.78	5.26	4.46	0.5	1.73	2.77	0.99
ENSG00000141959:PFKL	56.58	63.64	30.47	30.57	103.91	96.71	4.93	13.9	105.63	79.18
ENSG00000141968:VAV1	2.13	5.64	1.43	1.03	14.1	5.44	0.51	1.01	1.51	2.04
ENSG00000141971:MVB12A	9.56	13.7	49.94	60.6	85.84	76.13	4.39	11.58	24.93	63.16
ENSG00000141977:CIB3	0	0	0.26	0.4	0.16	0	0	0	3.18	6.76
ENSG00000141985:SH3GL1	45.36	63.46	80.27	75.93	127.16	98.85	5.15	10.81	42.61	28.42
ENSG00000141994:DUS3L	15.7	15.98	16.04	13.77	13.89	11.49	0.79	2.59	7.45	18.33
ENSG00000142002:DPP9	38.62	39.99	22.65	19.66	16.48	15.12	1.4	5.4	75.92	92.2
ENSG00000142025:DMRTC2	0	0	0.03	0.15	0	0	0	0.01	0	0
ENSG00000142039:CCDC97	23.33	16.89	32.88	19.87	22.78	17.68	1.38	5.01	16	32.89
ENSG00000142082:SIRT3	10.41	14.8	8.48	13.05	4.83	3.66	0.53	1.43	5.98	8.39
ENSG00000142149:HUNK	1.78	1.16	4.07	2.93	3.75	3.55	1.65	4.86	1.62	0.09
ENSG00000142166:IFNAR1	24.91	30.08	46.92	36.5	43.12	34.23	3.25	6.66	1.86	1.38
ENSG00000142178:SIK1	2.75	4	36.31	24.04	61.63	46.56	1.48	4.83	9.4	2.19
ENSG00000142182:DNMT3L	0	0	8.78	8.43	0.09	0.09	0.06	0.24	0.06	0.06
ENSG00000142185:TRPM2	1.9	3.52	1.03	3.65	2.27	0.75	0.03	0.1	0.12	0
ENSG00000142188:TMEM50B	17.8	25.42	18.73	18.78	109.65	94.88	5.12	9.39	22.89	58.61
ENSG00000142192:APP	182.7	284.16	350.97	211.38	370.88	330.8	71.14	153.02	931.98	220.1
ENSG00000142197:DOP1B	5.31	4.69	17.96	26.17	3.56	3.05	0.25	0.57	2.67	0.7
ENSG00000142207:URB1	3.24	2.93	8.11	7.41	3.49	3.41	0.33	1.16	2.29	2.48
ENSG00000142208:AKT1	47.63	66.89	192.6	146.8	151.71	148.35	15.04	45.09	60.45	24.51
ENSG00000142224:IL19	0.17	0.21	0.31	0.13	0	0	0.01	0	0	4.5
ENSG00000142230:SAE1	42.91	32.18	42.57	50.83	97.4	90.86	4.9	11.31	13.86	45
ENSG00000142252:GEMIN7	7.37	7.5	59.42	63.62	11.19	11.48	0.63	1.38	5.96	31.28
ENSG00000142273:CBLC	1.44	1.79	0.99	11.75	22.3	19.87	0.24	0.63	3.16	8.39
ENSG00000142279:WTIP	4.21	8.09	35.49	44.18	24.27	16.21	1.75	6.11	10.23	1.64
ENSG00000142303:ADAMTS10	4.73	10.92	9.16	9.43	5.28	7.5	1.16	4.81	2.84	4.11
ENSG00000142319:SLC6A3	0.01	0	0.04	0.02	0.09	0.12	0	0	1.04	0.04
ENSG00000142327:RNPEPL1	14.37	21.93	49.19	76.55	58.37	49.88	1.76	7.68	14.81	7.49
ENSG00000142330:CAPN10	9.22	13.05	18.27	14.31	8.62	8.38	0.42	1.57	13.26	19.71
ENSG00000142347:MYO1F	5.49	9.84	2.58	1.88	10.3	7.43	0.3	0.62	1.27	1.24
ENSG00000142405:NLRP12	0.7	1.01	2.24	2.18	0.04	0.05	0.09	0.19	0.32	0.76
ENSG00000142444:TIMM29	9.03	12.33	27.21	18.21	15.29	14.79	2.33	4.96	4.48	13.9
ENSG00000142453:CARM1	23.17	31.99	54.21	33.85	56.57	55.5	1.45	4.57	10.24	12
ENSG00000142459:EVI5L	13.12	15.18	14.34	9.73	23.9	16.64	1.08	3.04	16.35	2.74
ENSG00000142484:TM4SF5	1.36	0.28	0.15	3.17	0.61	0.55	2.4	1.35	14.67	2.62
ENSG00000142494:SLC47A1	0.34	0.39	0.63	2.25	0.26	0.37	0.73	1.55	0.52	2.12
ENSG00000142507:PSMB6	92.77	103.2	129.8	119.57	91.83	87.22	23.9	47.42	110.16	311.52
ENSG00000142541:RPL13A	519.27	649.49	989.76	1257.04	2384.57	1887.63	1.15	2.43	930	1554.88
ENSG00000142546:NOSIP	26.65	28.16	53.49	46.7	46.3	47.26	2.43	6.74	23.86	49.61
ENSG00000142552:RCN3	7.07	17.03	89.5	62.33	48.91	46.25	1.97	7	99.53	41.3
ENSG00000142599:RERE	41.67	61.5	67.21	57.38	20.22	16.48	1.64	5.67	48.43	4.65
ENSG00000142606:MMEL1	0.86	0.88	0.16	0	0	0	0	0.01	0.02	0.05
ENSG00000142619:PADI3	0	0	0.18	0.1	2.13	1.86	0	0.01	0.12	0.27
ENSG00000142623:PADI1	0.08	1.48	4.31	2.78	0.3	0	0	0.03	194.63	48.77
ENSG00000142627:EPHA2	8.94	13.56	8.67	10.15	20.05	21.05	6.35	14.77	7.08	9.68
ENSG00000142632:ARHGEF19	1.57	2.64	5.3	5.49	0.36	0.93	0.05	0.19	4.91	5.48
ENSG00000142655:PEX14	13.37	12.69	65.34	42.24	30.5	27.67	2.32	5.81	43.96	22.2
ENSG00000142657:PGD	25.73	30.08	71.58	77.77	96.68	79.33	10.4	23.57	93.33	108.39
ENSG00000142661:MYOM3	0	0.03	12.12	6.63	4.54	1.34	0.01	0.06	0.47	0.29
ENSG00000142669:SH3BGRL3	67.08	92.67	161.59	243.67	450.17	412.63	7.62	22.46	294.22	240.97
ENSG00000142675:CNKSR1	37.76	40.56	16.88	27.29	13.96	14.43	1.69	7.46	4.7	5.14
ENSG00000142676:RPL11	513.21	758.25	393.18	387.79	970.4	817.66	202.28	285.15	154.83	573.12
ENSG00000142677:IL22RA1	0.02	0.14	1.44	6.15	2.8	1	0.08	0.02	32.04	6.31
ENSG00000142686:C1orf216	2.54	3.33	5.75	3.92	3.81	2.17	0.21	0.39	0.85	3.9
ENSG00000142687:KIAA0319L	41.74	43.24	38.75	29.35	11.57	12	2.59	5.1	17.35	6.25
ENSG00000142694:EVA1B	85.76	89.04	18.27	39.16	119.13	130.25	3.08	6.39	64.84	216.33
ENSG00000142698:C1orf94	0	0	0	0	0	0	0	0	0	0
ENSG00000142700:DMRTA2	0	0	1.6	0.73	0	0.1	0.03	0.15	0.03	0.17
ENSG00000142731:PLK4	7.43	4.97	3.23	2.49	14.12	9.63	0.16	0.2	3.44	2.78
ENSG00000142733:MAP3K6	3.51	7.25	12.3	12.86	5.4	5.35	0.44	1.3	4.59	12.81
ENSG00000142751:GPN2	12.65	13.92	12.62	14.65	9.37	11.17	1.36	2.96	2.98	9.7
ENSG00000142784:WDTC1	17.53	21.82	32.16	31.48	49.22	23.4	3.15	10.09	20.58	10.45
ENSG00000142798:HSPG2	13.81	55.51	246.38	193.79	60.07	45.41	3.36	19.29	44.06	28.58
ENSG00000142864:SERBP1	79.34	82.41	131.46	148.96	428.93	376.04	15.49	24.99	203.75	134.56
ENSG00000142867:BCL10	6.24	7.89	27.3	24.49	22.52	19.33	2.44	7.56	35.81	15.65
ENSG00000142871:CCN1	24.55	216.35	229.38	183.93	325.47	262.7	28.85	137.21	13.31	41.96
ENSG00000142875:PRKACB	4.6	9	33.99	18.29	10.48	6.45	9.58	13.82	1.55	0.07
ENSG00000142892:PIGK	15.6	13.27	40.23	45.77	32.37	42.04	6.05	7.87	14.13	7.23
ENSG00000142910:TINAGL1	279.24	443.12	639.97	577.41	342.7	404.88	59.05	137.08	298.95	361.51
ENSG00000142920:AZIN2	1.33	2.45	9.95	8.91	0.43	0.8	0.23	0.64	0.8	1.04
ENSG00000142937:RPS8	477.98	554.75	560.44	701.48	902.35	869.26	174.56	258.22	225.24	378.61
ENSG00000142945:KIF2C	3.6	2.97	1.21	0.92	8.05	6.27	0.26	0.36	2.95	0.55
ENSG00000142949:PTPRF	89.27	134.67	13.61	15.78	82.75	85.36	7.56	33.74	22.23	7.7
ENSG00000142961:MOB3C	7.61	13.79	32.29	19.81	7.58	6.33	5.14	10.67	12.4	8.06
ENSG00000143006:DMRTB1	0.03	0	0.56	0.51	0.03	0.1	0	0	0	0.07
ENSG00000143028:SYPL2	0.51	0.61	0	0	0.04	0	0.01	0.08	0.31	0.1
ENSG00000143032:BARHL2	0	0	0.02	0	0	0	0.01	0	0	0
ENSG00000143033:MTF2	17.02	19.7	13.1	9.64	12.2	12.39	2.32	3.55	38.95	6.35
ENSG00000143036:SLC44A3	3.39	2.64	3.95	8	3.12	3.36	0.48	0.77	17.97	17.93
ENSG00000143061:IGSF3	33.02	34.18	6.75	3.63	2.82	3.91	0.71	0.97	19.9	3.03
ENSG00000143067:ZNF697	8.62	7.96	18.66	6.54	12.21	15.87	1.4	2.27	0.4	0.43
ENSG00000143079:CTTNBP2NL	20.15	26.02	70.62	34.82	34.4	31.06	2.18	3.28	9.39	2.99
ENSG00000143093:STRIP1	24.87	32.11	35.19	31.18	23.07	18.66	2.35	6.63	17.7	17.96
ENSG00000143105:KCNA10	0.02	0	0	0	0	0	0	0	0	0
ENSG00000143106:PSMA5	36.18	31.2	67.85	62.1	72.26	69.39	19.63	25.97	109.84	198.53
ENSG00000143107:FNDC7	0	0	0.23	0.21	0.06	0	0.05	0.22	1.01	0.76
ENSG00000143119:CD53	16.42	28.5	3.9	4.09	22.66	13.28	4.18	5.54	1.72	1.15
ENSG00000143125:PROK1	5.21	21.26	0	0.79	0	0	0.02	0.03	0.31	0
ENSG00000143126:CELSR2	1.42	2.66	0.66	1.12	1.28	0.61	0.06	0.42	9.76	19.82
ENSG00000143127:ITGA10	0.88	1.84	1.07	1.09	2.51	2.33	0.15	0.36	1.89	0.95
ENSG00000143147:GPR161	1	1.07	3.33	2.7	2.82	1.5	0.22	0.67	3.11	0.62
ENSG00000143149:ALDH9A1	18.01	23.71	44.23	42.09	78.21	88.98	4.09	7.71	36.95	35.83
ENSG00000143153:ATP1B1	11.57	20.79	121.06	129.41	678.43	604.32	4.99	8.26	46.21	41.62
ENSG00000143156:NME7	3.08	6.08	15.19	22.27	42.82	44.07	1.15	2.71	7.75	30.56
ENSG00000143157:POGK	16.91	18.57	11	7	31.69	30.13	7.28	14.6	18.76	13.12
ENSG00000143158:MPC2	25.94	29.75	49.75	71.84	54.46	53.63	2.37	3.31	159.08	157.96
ENSG00000143162:CREG1	95.92	67.18	6662.62	4232.89	102.24	62.9	40.05	58.55	281.55	201.59
ENSG00000143164:DCAF6	20.62	34.91	26.96	27.35	21.98	17.86	6.41	13.12	25.5	8.23
ENSG00000143167:GPA33	0.11	0.05	0.37	1.3	0	0	0	0	1.46	2.07
ENSG00000143171:RXRG	0.45	0.18	0.08	0	0.04	0	0.01	0	0	0.04
ENSG00000143178:TBX19	0.67	1.13	0	0	0.19	0.1	0.01	0	0	0
ENSG00000143179:UCK2	154.73	165.94	25.9	25.64	25.15	17.64	0.33	0.58	319.03	63.29
ENSG00000143183:TMCO1	74.48	79.46	91.6	122.8	9.43	7.92	8.43	11.91	265.55	71.86
ENSG00000143190:POU2F1	10.29	10.39	3.58	1.86	2.42	1.72	1.03	2.07	0.72	0.08
ENSG00000143194:MAEL	5.83	6.62	0	0	3.99	0.66	0.04	0.25	0.31	0.84
ENSG00000143195:ILDR2	10.59	6.55	3.75	3.29	0.93	0.91	0.39	0.54	2.24	0.23
ENSG00000143196:DPT	3.58	12.14	1.14	0.48	2.22	3.8	0.04	0.04	71.22	34.94
ENSG00000143198:MGST3	203.83	170.02	63.03	81.79	71.68	85.52	38.69	48.94	155.73	329.05
ENSG00000143199:ADCY10	0.28	0.58	0.16	0.28	0	0.07	0.02	0.04	1	0.14
ENSG00000143207:COP1	28.65	37.63	65.84	60.23	42.59	33.18	8.17	13.4	17.28	11.72
ENSG00000143217:NECTIN4	51.23	74.29	0.69	0.52	61.14	61.4	0.42	1.85	38.63	25.56
ENSG00000143224:PPOX	21.04	25.9	19.13	17.33	26.74	28.35	6.27	11	17.2	83.65
ENSG00000143228:NUF2	3.26	2.96	0.96	0.9	6.62	7.32	0.66	0.8	37.85	15.73
ENSG00000143256:PFDN2	43.1	49.14	47.43	52.79	35.32	33.85	6.21	12.05	65.98	120.12
ENSG00000143257:NR1I3	0.56	1.22	0.07	0.13	0	0.1	0.09	0.12	2.24	0.39
ENSG00000143258:USP21	18.62	28.85	24.12	20.87	77.09	78.68	0.97	2.76	29.98	63.6
ENSG00000143278:F13B	0	0	0.08	1.51	0	0.08	0.1	0.35	3.34	1.44
ENSG00000143294:PRCC	52.05	58.51	28.5	26.08	52.67	39.24	2.57	5.39	40.57	52.32
ENSG00000143303:METTL25B	18.92	27.91	17.45	15.65	6.69	7.53	0.91	2.58	3.71	11.33
ENSG00000143314:MRPL24	20.32	22.69	87.7	77.25	45.37	41.07	7.13	12.84	65.08	139.75
ENSG00000143318:CASQ1	9.12	25.05	1.19	1.6	0.6	0.75	0.03	0.15	0.14	0.13
ENSG00000143319:ISG20L2	20.8	20.58	23.02	14.61	21.91	21.74	2.86	4.7	11.51	15.93
ENSG00000143320:CRABP2	3.55	8.55	100	88.95	6.25	3.54	0.01	0.08	16.84	16.4
ENSG00000143321:HDGF	138.01	158.02	73.17	78.64	165.72	131.58	4.07	12.14	78.54	73.26
ENSG00000143322:ABL2	4.5	4.69	17.5	10.11	4.27	3.64	2.9	4.9	1.95	0.41
ENSG00000143324:XPR1	20.09	24.42	13.13	11.06	9.46	6.14	3.13	5.61	37.37	23.14
ENSG00000143333:RGS16	0.85	1.51	15.89	8.32	2.08	2.18	1.77	5.84	4.39	28.98
ENSG00000143337:TOR1AIP1	18.57	23.83	121.94	71.93	20.31	19.85	4.55	10.14	16.24	9.48
ENSG00000143340:FAM163A	0.02	0.1	0.93	0.52	0.67	0.65	0.24	0.61	0	0.11
ENSG00000143341:HMCN1	2.6	5.29	2.13	0.41	0.38	0.09	1.38	2.27	2.18	0.56
ENSG00000143344:RGL1	6.18	9.97	52.05	76.66	13.58	8.4	1.61	3.12	77.45	12.14
ENSG00000143353:LYPLAL1	21.92	31.43	4.94	6.25	6.47	9.33	0.11	0.27	3.97	2.17
ENSG00000143355:LHX9	0.01	0.04	0.01	0.04	0.04	0	0	0	0.05	0
ENSG00000143363:PRUNE1	7.71	9.03	42.52	38.38	8.92	7.82	3.6	6.32	21.74	6.82
ENSG00000143365:RORC	0.15	0.54	0.47	1.77	0.32	0.21	0.07	0.07	7.44	17.01
ENSG00000143367:TUFT1	32.65	33.2	24.44	56.87	17.82	17.17	4.22	9.53	89.94	18.05
ENSG00000143369:ECM1	105.11	76.01	146.19	92.58	73.9	46.1	1.84	6.64	73.31	136.23
ENSG00000143373:ZNF687	9.95	12.03	23.06	13.13	16.86	15.46	1.16	3.73	4.22	16.04
ENSG00000143374:TARS2	8.85	11.3	18.19	14.89	21.91	22.34	2.9	6.18	12.9	14.76
ENSG00000143376:SNX27	23.87	25.53	25.19	16.85	37.52	26.89	2.54	5.3	29.28	10.77
ENSG00000143379:SETDB1	27.45	39.79	23.49	22.73	11.96	11.78	1.23	3.1	17.77	10.15
ENSG00000143382:ADAMTSL4	345.01	366.31	5.99	12.84	23.89	10.82	0.08	0.32	6.67	17.35
ENSG00000143384:MCL1	156.88	177.73	138.23	118.01	217.45	162.78	50.45	97.11	76.84	26.71
ENSG00000143387:CTSK	6.26	11.82	587.64	635.54	365.05	274.89	9.6	17.96	30.91	101.14
ENSG00000143390:RFX5	8.41	14.38	5.33	2.41	8.24	9.33	0.97	2.06	4.01	22.56
ENSG00000143393:PI4KB	37.9	49.13	51.08	46.73	26.69	23.28	2.85	6.26	20.97	25.3
ENSG00000143398:PIP5K1A	138.42	145.92	65.81	46.36	40.47	36.1	8.82	15.74	39.59	17.13
ENSG00000143409:MINDY1	9.69	12.62	43.39	62.83	41.38	51.06	5.17	11.5	84.92	63.61
ENSG00000143412:ANXA9	0.61	0.81	15.96	16.92	1.58	1.54	0.42	1.02	3.94	1.72
ENSG00000143418:CERS2	118.84	120.73	112.92	101.51	167.74	129.2	8.41	17.42	165.74	85.4
ENSG00000143420:ENSA	144.35	145.98	49.1	40.41	71.04	70.32	6.74	11.89	115.85	130.88
ENSG00000143434:SEMA6C	1.86	2.79	26.85	13.2	0.52	0.76	0.08	0.35	60.4	64.26
ENSG00000143436:MRPL9	29.27	35.03	25.51	27.3	48.42	42.38	6.53	11.71	92.08	139.34
ENSG00000143437:ARNT	38.24	48.22	37.49	29.47	47.39	43.59	6.84	15.41	31.9	7.17
ENSG00000143442:POGZ	35.34	56.25	13.1	9.06	9.76	10.45	1.22	3.13	19.97	10.37
ENSG00000143443:C1orf56	3.11	4.41	0.27	0	0.57	0.56	0.11	0.45	3.36	1
ENSG00000143450:OAZ3	1.61	1.88	0.61	0.24	0.61	0.72	0.22	1.02	0.2	1.1
ENSG00000143452:HORMAD1	0.23	0.3	0.07	0	1.67	0.88	0.29	0.37	0.17	0.08
ENSG00000143458:GABPB2	9.79	11.43	19.87	13.08	3.4	3.45	2.35	5.31	11.88	1.92
ENSG00000143469:SYT14	0	0	1.85	2.07	0	0.07	0.01	0	0	0.04
ENSG00000143473:KCNH1	0.08	0.05	4.43	1.21	0.17	0.41	0.04	0.03	0.11	0
ENSG00000143476:DTL	3.54	3.66	0.6	0.4	5.7	6.41	0.28	0.63	0.46	0.05
ENSG00000143479:DYRK3	0.2	0.36	1.85	1.49	12.94	12.74	1.38	3.68	7.45	4.14
ENSG00000143486:EIF2D	18.58	21.57	26.95	24.73	9.01	12.48	2.63	4.09	31.1	49.03
ENSG00000143493:INTS7	4.76	6.21	19.03	11.51	12.18	9.2	2.33	4.8	2.44	0.54
ENSG00000143494:VASH2	3.63	5.07	7.6	3.79	1.5	1.12	0.23	0.48	0.07	0.06
ENSG00000143498:TAF1A	4.1	5.18	24.35	18.3	5.34	4.21	3.75	8.09	9.25	9.74
ENSG00000143499:SMYD2	24.7	35.5	42.67	31.22	6.92	7.03	1.84	5.34	18.62	6.85
ENSG00000143502:SUSD4	0.29	0.68	2.5	1	4.79	6	1.47	3.15	0.91	0.61
ENSG00000143507:DUSP10	0.93	2.36	8.81	5.23	0.44	0.8	0.31	0.66	0.59	1.1
ENSG00000143512:HHIPL2	0.1	0.31	0.18	0.38	0	0.02	1.15	4.5	0.09	0.28
ENSG00000143514:TP53BP2	10.11	9.69	14.38	11.94	52.72	38.8	1.65	4.7	41.17	16.67
ENSG00000143515:ATP8B2	5.18	9.62	55.15	52.48	11.5	11.49	1.48	3.51	8.29	5.09
ENSG00000143536:CRNN	0	0	0.03	0.1	1.19	0	0	0	1.75	0
ENSG00000143537:ADAM15	28.47	39.19	84.12	67.58	31.58	34.76	2.62	7.63	58.36	47.88
ENSG00000143543:JTB	59.63	66.56	40.06	37.94	66.61	66.65	0	0	77.2	236.15
ENSG00000143545:RAB13	37.18	45.9	17.65	19.74	123.34	112.86	3.95	7.53	36	102.23
ENSG00000143546:S100A8	25.73	22.06	105.31	87.69	4.41	7.08	1.42	0.49	0.61	17.62
ENSG00000143553:SNAPIN	17.16	19.8	57.95	65.09	56.06	60.87	1.43	3.6	45.55	15.3
ENSG00000143554:SLC27A3	15.72	19.94	9.56	10.54	0.34	0.75	0.85	2.04	10.21	7.38
ENSG00000143569:UBAP2L	110.1	130.26	101.99	74.58	74.91	70.79	3.38	10.14	77.14	38.82
ENSG00000143570:SLC39A1	116.01	147.35	86.08	74.8	214.09	213.37	14.15	25.84	42.26	124.43
ENSG00000143578:CREB3L4	7.92	9.34	0.84	0.24	3.92	7.32	0.29	0.47	4.86	2.83
ENSG00000143590:EFNA3	0.32	0.49	1.37	0.34	28.35	8.19	0.19	0.46	7.8	4.78
ENSG00000143603:KCNN3	0.03	0.11	0.32	0.1	0.89	0.86	0.03	0.06	0.28	0.4
ENSG00000143612:C1orf43	116.88	118.41	68.02	69.67	118.16	121.18	6.53	14.37	100.68	206.75
ENSG00000143614:GATAD2B	12.35	14.72	27.82	13.82	10.2	8.35	1.66	5.05	26.2	5.03
ENSG00000143621:ILF2	85.78	77.36	37.09	26.41	79.77	63.45	17.7	29.66	31.95	74.61
ENSG00000143622:RIT1	22.07	21.93	42.53	51.94	62.51	67.31	23.1	31.13	16.47	4.8
ENSG00000143624:INTS3	26.61	48.23	41.04	47.51	13.89	18.32	1.62	6.83	23.29	32.88
ENSG00000143627:PKLR	0.02	0.09	0.09	31.98	0.57	0.9	0.06	0.15	15.31	7.21
ENSG00000143630:HCN3	1.83	4.53	2.41	1.58	0.17	0.04	0.06	0.18	0.21	0.37
ENSG00000143632:ACTA1	0.03	0.97	1.5	11.54	0	0	0.11	0.06	0.99	0.74
ENSG00000143633:FSAF1	16.74	19.94	16.24	12.03	22.28	24.88	0.43	1.26	402	58.8
ENSG00000143641:GALNT2	18.34	27.11	29.28	11.66	55.11	54.66	5.04	14.17	22.62	5.61
ENSG00000143643:TTC13	14.35	18.14	26.05	18.56	7.22	4.3	0.88	1.83	15.19	9.43
ENSG00000143669:LYST	9.1	11.03	12.4	13.52	3.46	3.44	2.91	6.54	1.12	0.2
ENSG00000143674:MAP3K21	0.21	0.21	3.8	3.09	2.42	1.06	0.7	2.09	11.35	3.6
ENSG00000143702:CEP170	6.78	12.63	23.73	14.21	6.86	6.15	1.35	3.17	4.15	0.2
ENSG00000143740:SNAP47	10.42	16	31.03	28.01	10.76	7.73	0.91	1.92	3.82	1.19
ENSG00000143742:SRP9	102.04	108.93	62.68	50.77	69.17	67.48	16.18	20.79	17.67	22.01
ENSG00000143748:NVL	21.5	29.78	30.1	16.65	15.9	16.24	3.58	6.48	33.02	19.72
ENSG00000143751:SDE2	10.74	10.78	20	14.56	39.78	47.07	4.28	8.69	23.45	27.74
ENSG00000143756:FBXO28	11.42	13.27	17.38	16.24	32.32	22.67	3.63	6.82	16.38	34.29
ENSG00000143771:CNIH4	12.48	19.02	50.92	64.35	107.07	107.04	9.67	14.77	17.75	77.83
ENSG00000143772:ITPKB	7.79	11.19	19.84	13.1	43.35	45.65	1.36	4.6	78.48	9.04
ENSG00000143776:CDC42BPA	8.42	16.24	45.17	26.44	11.21	9.27	5.24	11.44	41.3	2.8
ENSG00000143786:CNIH3	1.01	1.1	0.24	0	0	0	0.03	0.11	0.11	0.22
ENSG00000143797:MBOAT2	5.93	9.48	6.06	4.18	84.33	83.95	34.33	57.87	3.81	0.71
ENSG00000143799:PARP1	38.1	23.23	16.01	13.98	51.36	59.08	1.41	4.48	17.77	11.48
ENSG00000143801:PSEN2	7.78	11.28	21.79	25.9	27.68	24.8	2.9	9.28	36.06	25.85
ENSG00000143811:PYCR2	19.03	27.81	13.99	11.19	20.39	17.89	0.4	0.71	11.56	27.44
ENSG00000143815:LBR	15.31	19.21	12.97	11.88	8.72	7.36	3.31	6.85	7.52	1.84
ENSG00000143816:WNT9A	0.45	1.93	7.01	3.99	1.67	0.68	0.44	0.9	1.87	0.13
ENSG00000143819:EPHX1	11.26	19.54	15.02	13.82	14.8	15.41	9.2	14.58	18.05	22.16
ENSG00000143842:SOX13	32.85	42.47	26.96	20.17	9.27	14.62	0.48	1.5	15.77	8.55
ENSG00000143845:ETNK2	1.79	2.05	1.5	2.14	1.71	1.5	0.1	0.23	33	46.94
ENSG00000143847:PPFIA4	6.35	10.1	4.13	2.91	0.76	0.61	0.45	1.77	0.77	0.49
ENSG00000143850:PLEKHA6	96.87	106.4	75.63	29.5	16.2	16.95	1.26	3.94	5.87	2.62
ENSG00000143851:PTPN7	0.52	0.47	0.37	0.57	0.62	0.58	0.04	0.12	0.1	0.05
ENSG00000143862:ARL8A	37.75	52.85	58.32	57.88	40.3	38.81	4.08	9.6	19.96	13.78
ENSG00000143867:OSR1	0.95	4.26	0.42	1.08	0.08	0.44	0.35	1.95	0.14	0.96
ENSG00000143869:GDF7	0.28	0.55	0.04	0.18	0	0.12	0.19	0.34	0.25	0.28
ENSG00000143882:ATP6V1C2	56.42	117.45	1.16	0.65	72.49	40.84	1.48	1.59	0	0
ENSG00000143889:HNRNPLL	17.56	22.75	25.38	19.51	28.41	29.04	7.21	11.21	11.34	11.55
ENSG00000143891:GALM	2.6	3.3	6.94	17.39	196.1	275.74	0.44	1.25	7.53	11.42
ENSG00000143919:CAMKMT	1.93	2.3	2.85	2.28	5.94	5.62	0.5	1.04	4.8	3.41
ENSG00000143921:ABCG8	0.04	0.07	0	0	4.19	9.14	0	0	6.42	9.33
ENSG00000143924:EML4	46.31	66.35	20.38	15.89	44.32	41.7	14.57	18.7	19.48	1.41
ENSG00000143942:CHAC2	0.42	0.47	1.88	2.5	2.91	2.43	0.81	1.14	4.07	4.93
ENSG00000143951:WDPCP	9.91	14.98	3.07	1.78	0.86	0.39	0.34	0.7	371.97	7.7
ENSG00000143952:VPS54	13.11	16.67	33.54	21.43	22.58	18.07	6.96	12.02	22.08	14.25
ENSG00000143970:ASXL2	8.05	9.15	17.2	14.42	17.7	12.87	3.05	6.74	7.86	1
ENSG00000143971:ETAA1	4.16	5.31	4.12	4.3	18.07	17.33	1.35	2.35	13.41	11.21
ENSG00000143994:ABHD1	0.12	0.49	6.42	8.2	13.09	13.52	0.18	0.27	29.3	13.05
ENSG00000143995:MEIS1	10.98	16.78	8.92	6.55	3.17	2.36	3.32	7.29	37.47	19.65
ENSG00000144021:CIAO1	29.06	36.62	44.97	38.13	19.86	17.08	3.72	7.17	31.84	64.11
ENSG00000144028:SNRNP200	79.41	100.33	30.65	24.07	44.13	40.32	4.55	11.55	21.43	13.62
ENSG00000144029:MRPS5	28.04	38.3	56.59	29.35	23.74	21.05	2.22	4.38	26.63	23.19
ENSG00000144034:TPRKB	23.36	24.48	16.82	24.75	20.61	17.74	1.38	2.3	28.96	43.87
ENSG00000144036:EXOC6B	39.14	45.79	16.78	12.72	5.98	4.78	2.43	4.95	7.98	1.51
ENSG00000144040:SFXN5	5.52	7.83	2.41	1.24	1.56	2.07	0.08	0.2	0.84	0.9
ENSG00000144045:DQX1	1.27	2.34	1.21	5.7	1.48	1.5	0	0	37.55	55.88
ENSG00000144048:DUSP11	11.63	14.96	73.17	54	51.76	36.9	3.45	4.8	30.88	18.22
ENSG00000144057:ST6GAL2	0.16	1.24	0.02	0	0.03	0	0.98	3.14	3.44	0.09
ENSG00000144063:MALL	9.63	7.77	21.99	19.61	5.15	3.6	0.97	2.39	2.56	4.79
ENSG00000144115:THNSL2	5.23	17.09	6.43	7.56	1.14	1.34	0.26	0.55	1.63	0.14
ENSG00000144118:RALB	45.51	48.91	85.45	84.53	67.8	63.84	3.32	6	50.57	65.62
ENSG00000144119:C1QL2	0.05	0	0.02	0	0.15	0	0.03	0.1	0.13	0.26
ENSG00000144136:SLC20A1	111.37	108.6	212.66	91.84	54.12	44.5	16.86	25.17	33.08	25.95
ENSG00000144152:FBLN7	13.05	9.29	894.87	498.06	39.6	45.52	4.68	12.4	0.11	0
ENSG00000144218:AFF3	8.18	11.58	2.82	1.43	4.65	3.87	0.2	0.65	0.83	0.6
ENSG00000144227:NXPH2	0	0.02	0	0	0	0.12	0.16	0.69	0.54	0.57
ENSG00000144228:SPOPL	8.55	11.45	8.83	6.04	11.46	8.72	5.06	6.8	16.37	3.94
ENSG00000144229:THSD7B	0.22	0.14	0.08	0.03	0	0	0	0	0.17	0.17
ENSG00000144230:GPR17	0.58	2.04	1.73	1.33	1.15	1.41	0.1	0.23	0.64	0.38
ENSG00000144233:AMMECR1L	9.7	11.29	34.38	24.2	20.47	20.5	3.97	7.98	21.12	8.09
ENSG00000144278:GALNT13	0.05	0.34	0.72	0.3	0.5	0.57	0.01	0.02	0	0.03
ENSG00000144285:SCN1A	0.08	0.14	0	0	0.02	0.21	0	0	5.71	2.28
ENSG00000144290:SLC4A10	0.04	0.03	0	0	0	0	0.01	0.02	0.02	0
ENSG00000144306:SCRN3	18.59	25.85	10.61	9.78	3.93	1.88	0.73	1.42	57.29	6.19
ENSG00000144331:ZNF385B	0.2	0.35	0.26	2.76	0.13	0.15	0.01	0.02	0.43	0.09
ENSG00000144339:TMEFF2	0	0	0.03	0	0	0	0.02	0.11	0.47	0.17
ENSG00000144354:CDCA7	7.08	9.17	11.14	4.39	75.97	70.79	0.04	0.14	0.74	1.06
ENSG00000144355:DLX1	0.03	0.06	0.24	0.37	3.22	0.12	0.19	0.41	0	0.05
ENSG00000144357:UBR3	14.58	20	36.41	24.38	15.3	13.19	5.03	8.64	4.97	0.75
ENSG00000144362:PHOSPHO2	2.47	2.07	11.99	10.95	15.29	9.93	2.78	5.94	2.74	4.56
ENSG00000144366:GULP1	178.07	158.75	2.68	1.75	5.38	4.92	4.27	5.37	5.74	1.67
ENSG00000144369:FAM171B	25.49	21.84	0.14	0.05	0.47	0.91	0.14	0.23	0.49	0.06
ENSG00000144395:CCDC150	2.64	2.96	0.24	0.11	1.75	1.71	0.56	0.91	0.22	0.01
ENSG00000144401:METTL21A	9.1	15.08	14.94	13.62	6.24	10.79	0.86	2.49	1.6	5.03
ENSG00000144406:UNC80	1.85	1.82	0.07	0	0.12	0.04	0	0	0.06	0
ENSG00000144407:PTH2R	1.56	0.42	0.13	0	0.87	0.37	0.02	0.04	1.86	0.81
ENSG00000144426:NBEAL1	8.67	8.5	9.21	5.01	7.03	6.77	5.25	10.36	5.89	0.9
ENSG00000144445:KANSL1L	10.27	12.89	5.12	4.83	3.78	3.24	2.38	3.48	3.45	1.07
ENSG00000144451:SPAG16	4.87	8.52	0.03	0.06	0.04	0.04	0.03	0.1	0	0
ENSG00000144452:ABCA12	0.99	0.85	0.07	0.19	0.01	0	0	0.01	0.24	0.06
ENSG00000144455:SUMF1	17.65	19.92	42.34	41.16	42.09	40.58	12.25	18.39	22.04	71.79
ENSG00000144460:NYAP2	0.14	0.12	0	0	0.07	0.07	0.02	0	0.49	0
ENSG00000144468:RHBDD1	8.53	9.65	18.45	12.95	6.8	7.05	0.95	1.47	6	5.7
ENSG00000144476:ACKR3	78.23	42.21	19.51	15.51	20.46	18.16	3.81	11.37	17.5	29.19
ENSG00000144485:HES6	0.55	0.42	12.17	18.59	0.71	0.37	0.55	1.98	2.93	20.55
ENSG00000144488:ESPNL	0.25	0.09	0.27	0.17	2.69	2.91	0	0	0	0
ENSG00000144504:ANKMY1	12.36	15.35	1.09	0.22	0.51	0.08	0	0.03	1.02	0.7
ENSG00000144524:COPS7B	32.18	36.79	11.35	10.73	35.04	33.57	1.36	3.74	15.59	12.2
ENSG00000144535:DIS3L2	14.48	12.79	6.72	6.13	7.03	6.26	2.47	6.31	10.84	13.03
ENSG00000144550:CPNE9	0.19	0.27	0.46	0.38	1.16	1.74	0.28	1.37	8.96	21.01
ENSG00000144554:FANCD2	5.17	4.82	0.49	0.77	22.81	22.09	0.4	0.37	1.68	0.96
ENSG00000144560:VGLL4	13.71	26.79	19.13	23.45	52.84	51.74	5.23	14.29	17.13	5.92
ENSG00000144566:RAB5A	97.32	102.5	71.6	51.11	44.04	42.56	6.56	10.14	117.02	26.89
ENSG00000144579:CTDSP1	230	347.16	66.93	57.01	58.26	48.14	2.81	8.67	13.11	11.16
ENSG00000144583:MARCHF4	1.59	2.41	0.21	0.19	0	0	0	0	0	0
ENSG00000144589:STK11IP	15.75	20	39.48	25.52	18.91	14.73	0.97	2.95	10.03	21.37
ENSG00000144591:GMPPA	24.99	27.69	70.77	70.98	48.25	34.48	1.66	5.07	15.59	42.04
ENSG00000144596:GRIP2	4.69	8.41	0.1	0.08	0.84	0.54	0.02	0.04	0.28	0
ENSG00000144597:EAF1	14.27	12.43	28.27	21.49	47.85	38.14	3.16	5.26	50.07	7.56
ENSG00000144619:CNTN4	3.51	3.11	0.03	0	0.15	0.22	0	0.04	0.86	0.22
ENSG00000144635:DYNC1LI1	14.75	18.53	37.4	31.96	45.13	41.87	4.79	7.64	59.48	42.46
ENSG00000144642:RBMS3	8.55	13.52	2.23	1.89	1.55	1.69	2.07	4.05	17.9	7.78
ENSG00000144644:GADL1	0.11	0.21	0.02	0	0.09	0.11	0.08	0.04	0.23	0.02
ENSG00000144645:OSBPL10	15.12	23.2	3.61	3.91	18.09	11.04	4.66	11.81	1.17	1.47
ENSG00000144647:POMGNT2	1.5	2.87	4.71	4.62	6.07	6.33	0.38	0.74	30.24	66.99
ENSG00000144649:GASK1A	6.55	10.48	0.17	0.13	0.37	0.34	0.02	0.02	0.21	0.07
ENSG00000144659:SLC25A38	11.51	13.99	23.02	17.8	28.35	24.53	3.64	6.18	4.46	2.37
ENSG00000144668:ITGA9	4.19	6.17	14.53	6.92	2.6	1.19	2.23	4.48	2.13	0.6
ENSG00000144671:SLC22A14	0.23	0.23	0	0.08	0.09	0.04	0.05	0.12	0	0
ENSG00000144674:GOLGA4	84.75	78.58	95.27	78.02	190.78	175.81	24.46	54.57	137.7	10.84
ENSG00000144677:CTDSPL	21.82	27.4	54.96	36.24	20.84	20.45	2.06	7.09	33.19	15.5
ENSG00000144711:IQSEC1	18.99	24.69	111.25	76.15	31.14	34.75	1.53	5.53	57.18	11.53
ENSG00000144713:RPL32	450.41	553.54	596.36	673.36	1687.26	1448.38	39.7	56.27	774.55	724.99
ENSG00000144730:IL17RD	0.35	0.53	4.48	7.87	28.46	37.14	2.02	5.42	0.2	0.12
ENSG00000144736:SHQ1	4.93	4.74	5.84	6.05	7.94	7.01	0.76	1.2	9.16	9.27
ENSG00000144741:SLC25A26	7.76	9.67	6.36	4.3	4.33	3.89	1.68	3.48	1.58	1.24
ENSG00000144744:UBA3	76.9	87.27	38.19	32.95	42.49	36.42	13.08	14.66	61.63	43.06
ENSG00000144746:ARL6IP5	134.74	136.2	86.9	82.6	223.16	224.94	11.78	17.87	605.42	186.64
ENSG00000144747:TMF1	37.19	35.85	24.8	14.2	27.28	21.77	6.11	10.96	39.08	5.38
ENSG00000144749:LRIG1	2.84	4.32	12.08	11.23	11.54	5.8	0.37	1.34	12.72	7.77
ENSG00000144771:LRTM1	0.23	0	0.03	0	0.18	1.16	0.04	0	0	0
ENSG00000144791:LIMD1	6.3	11.26	80.51	64.2	19.35	12.17	3.15	8.64	2.06	1.47
ENSG00000144802:NFKBIZ	25.62	40.43	16.73	7.19	9.55	6.33	4.13	11.57	17.19	55.04
ENSG00000144810:COL8A1	1.84	2.15	2.08	1.25	7.69	16.26	0.54	1.26	4.93	0.26
ENSG00000144815:NXPE3	3.43	6.02	1.26	2.54	8.92	5.17	0.29	0.66	13.87	10.62
ENSG00000144820:ADGRG7	0.02	0	0.55	0.21	0	0	0.04	0.12	0.04	0
ENSG00000144824:PHLDB2	264.84	139.91	59.45	41.16	32.38	22.92	8.06	10.77	20.61	3.19
ENSG00000144827:ABHD10	10.57	12.69	6.77	8.95	17.63	14.86	0.95	1.6	9.11	15.57
ENSG00000144834:TAGLN3	0.27	0.13	0.48	0.14	0.1	0.19	0	0.07	0.16	0.08
ENSG00000144837:PLA1A	3.67	7.11	89.82	93.11	19.83	21.88	17.12	29.88	5.46	23.11
ENSG00000144840:RABL3	12.43	11.92	9.66	9.86	13.75	13.3	1.32	2.24	50.07	37.28
ENSG00000144847:IGSF11	0.27	0.33	12.37	10.48	0	0	0	0	0.75	0.1
ENSG00000144848:ATG3	45.81	51.65	22.76	24.34	78.91	73.2	9.06	12.13	156.05	77.9
ENSG00000144852:NR1I2	0.02	0.02	0.98	0.44	0	0.03	0.09	0.21	1.06	1.1
ENSG00000144867:SRPRB	13.46	12.89	32.55	34.27	33.43	34.25	5.83	11.74	26.03	20.4
ENSG00000144893:MED12L	9.06	7.34	6.8	2.32	1.73	1.22	1.15	4.03	0	0
ENSG00000144895:EIF2A	61.78	69.11	33.41	29.92	43.02	41.96	10.93	15.78	51.94	39.22
ENSG00000144908:ALDH1L1	0.07	0.03	2.77	4.48	0	0	0.34	0.63	7.8	6.59
ENSG00000144909:OSBPL11	9.56	12.41	21.35	17.1	25.68	18.9	4.08	5.78	20.34	5.54
ENSG00000144935:TRPC1	1.8	3.41	1.64	1.02	3.34	4.45	0.93	1.96	1.37	0.79
ENSG00000144959:NCEH1	9.62	16.71	17.49	20.32	7.23	7.65	2.1	2.79	4.53	2.59
ENSG00000144962:SPATA16	0	0	0	0	0.4	0.39	0	0	0.08	0.07
ENSG00000145012:LPP	5.94	10	24.71	13.9	5.99	4.32	8.72	27.87	1.22	0.37
ENSG00000145014:TMEM44	6.56	12.4	4.68	5.3	2.04	2.64	0.98	1.66	0.07	0.7
ENSG00000145016:RUBCN	9.83	14.2	51.6	37.28	4.74	3.54	2.75	6.91	10.24	3.44
ENSG00000145020:AMT	5.47	9.46	12.11	11.61	39.58	50.13	1.24	1.6	16.48	5.72
ENSG00000145022:TCTA	19.53	23.26	70.46	88.92	35.65	32.5	1.22	2.36	5.58	16.12
ENSG00000145029:NICN1	7.14	8.33	8.52	9.48	28.33	28.83	1.08	2.51	1.38	1.68
ENSG00000145041:DCAF1	17.43	16.22	15.53	7.88	15.93	13.19	3.7	7.72	14.33	3.62
ENSG00000145087:STXBP5L	0.01	0.01	0.14	0	0.05	0.08	0.68	2.21	0.26	0.02
ENSG00000145088:EAF2	1.47	1.26	3.55	2.27	16.94	21.69	0.51	1.36	8.43	1.71
ENSG00000145103:ILDR1	1.66	1.5	17.83	8.24	1.75	0.88	1.16	2.84	19.66	32.23
ENSG00000145107:TM4SF19	0.7	0.7	1.31	0.74	0.64	0.71	0	0	0	0
ENSG00000145147:SLIT2	1.53	9.53	1.09	2.13	7.18	1.97	0.97	1.93	2.62	0.3
ENSG00000145191:EIF2B5	24.41	31.23	28.23	28.68	30.96	29.02	5.9	9.75	16.93	21.89
ENSG00000145192:AHSG	0	0	0.33	22.48	0	0	0.01	0.02	0.3	0.91
ENSG00000145194:ECE2	0.07	0	1.87	0.85	2.34	1.13	0.12	0.19	3.94	10.38
ENSG00000145214:DGKQ	0.94	2.51	15.06	14.45	12	8.3	0.82	2.79	1.74	0.14
ENSG00000145217:SLC26A1	0.6	0.88	0.84	1.83	0.06	0.35	0.26	0.97	2.61	1.11
ENSG00000145220:LYAR	5.77	7.26	17	13.72	18.22	14.44	0.79	1.53	29.66	8.06
ENSG00000145241:CENPC	9.24	13.84	12.2	8.69	8.38	10.46	3.42	5.59	2.61	2.3
ENSG00000145242:EPHA5	0.01	0.63	0.07	0.02	0.02	0.02	0.35	0.54	0.19	0
ENSG00000145244:CORIN	1.17	1.15	27.53	12.23	0.84	0.32	0.04	0.04	0.24	0.02
ENSG00000145246:ATP10D	91.48	86.72	1.99	4.95	2.12	2	1.81	3.15	3.43	1.43
ENSG00000145247:OCIAD2	5.6	11.22	2.49	2.45	30.56	27.3	1.74	1.61	24.54	10.63
ENSG00000145248:SLC10A4	0.24	0.24	0.21	0.93	2.05	1.7	0.01	0.27	0.07	0.04
ENSG00000145283:SLC10A6	2.09	3.28	1.84	3.07	16.86	2.76	0.03	0.1	0.6	1.08
ENSG00000145293:ENOPH1	17.97	19.77	24.87	17.2	24.81	26	5.48	10.09	18.98	16.79
ENSG00000145309:CABS1	0	0	0.32	0	0	0	0	0	0.03	0.03
ENSG00000145331:TRMT10A	5.26	6.23	3.02	2.75	2.43	3.34	2.32	4.54	4.86	1.92
ENSG00000145332:KLHL8	9.66	10.14	3.12	3.4	16.83	8.5	0.42	0.93	6.95	2.32
ENSG00000145348:TBCK	17.06	23.42	6.13	4.76	6.65	5.91	2.26	3.58	2.35	1.76
ENSG00000145354:CISD2	12.13	16.89	12.53	11.17	26.49	29.94	2.82	5.51	23.88	35.83
ENSG00000145358:DDIT4L	0.62	0.71	0.41	0.15	0.81	1.68	0.01	0.05	0.47	0.27
ENSG00000145362:ANK2	0.31	0.73	13.52	6.67	2.87	1.42	0.09	0.3	3.77	2.13
ENSG00000145375:AFG2A	1.42	2.13	11.69	24.47	2.99	3.21	2.21	3.7	10.62	8.03
ENSG00000145384:FABP2	0.02	0.03	0	0.55	0	0	0.03	0.08	21.29	5.52
ENSG00000145388:METTL14	11.4	17.05	8.23	6.79	12.97	13.95	3.58	5.86	15.23	2.08
ENSG00000145390:USP53	17.94	22.3	59.3	40.98	41.04	47.54	7.07	11.5	48.61	18.71
ENSG00000145414:NAF1	5.96	5.56	5.51	4.1	14.36	12.58	1.11	1.96	23.63	14.25
ENSG00000145416:MARCHF1	3.66	11.08	0.35	0.43	0.56	0.51	0.41	0.46	9.86	0.65
ENSG00000145423:SFRP2	0	0.06	0.54	0.2	0.63	0.39	0.03	0.02	1.04	12.06
ENSG00000145431:PDGFC	5.28	7.95	5.64	5.77	17.6	15.16	1.42	2.31	4.41	6.63
ENSG00000145439:CBR4	8.67	14.81	21.16	23.31	27.82	29.03	0.66	2.3	26.76	32.06
ENSG00000145451:GLRA3	0.09	0.05	0.03	0	0	0	0.39	0.29	0	0
ENSG00000145476:CYP4V2	6.66	5.44	15.18	14.85	15.47	11.93	1	1.85	8.21	3.95
ENSG00000145491:ROPN1L	0.21	0.21	3.66	2.69	0.39	0.09	0.18	0.42	5.03	4.43
ENSG00000145495:MARCHF6	49.99	66.14	31.82	27.38	42.07	36.87	10.28	17.97	35.18	26.15
ENSG00000145506:NKD2	0.76	2.81	1.1	1	2.63	1.89	0.91	4.56	4.64	1
ENSG00000145526:CDH18	0.49	0.17	0.02	0	0.03	0	0.11	0.49	2.34	0.31
ENSG00000145536:ADAMTS16	0.01	0.04	0.66	0.23	0.25	0.3	0.01	0.05	0	0
ENSG00000145545:SRD5A1	0.81	1.44	35.35	28.65	38.27	36.88	0.13	0.33	4.31	5.47
ENSG00000145555:MYO10	11.42	17.45	51.72	33.32	36.31	26.67	3.99	9.78	16.93	4.47
ENSG00000145569:OTULINL	1.37	3.13	28.25	13.49	54.81	31.74	2.92	6.82	5.73	3.5
ENSG00000145592:RPL37	398.08	543.2	290.94	343.42	3158.85	2894.24	25.73	37.13	1912.62	1988
ENSG00000145604:SKP2	38.42	52.33	3.03	3.4	32.64	31.87	1.88	3.19	0.81	0.98
ENSG00000145623:OSMR	135.87	52.11	20.34	14.11	51.26	54.34	1.44	3.05	7.62	8.16
ENSG00000145632:PLK2	36.27	73.63	40.55	34.09	79.75	46.14	8.17	15.62	16.53	10.82
ENSG00000145642:SHISAL2B	0.12	0	0	0	0.36	0.35	0	0	0	0
ENSG00000145649:GZMA	0.78	1.25	0.12	0	0.17	0	0.14	0.18	0	0
ENSG00000145675:PIK3R1	17.86	31.3	33.26	18.48	18.34	13.09	4.54	9.33	175.49	44.19
ENSG00000145681:HAPLN1	32.23	40.62	0.06	0.47	0.07	0.28	5.5	16.57	12.67	4.69
ENSG00000145685:LHFPL2	12.92	13.15	22.36	15.84	17.32	12.08	3.11	8.85	2.77	0.73
ENSG00000145687:SSBP2	20.58	22.52	23.89	18.39	67.4	69.53	1.57	1.82	2.54	8.77
ENSG00000145703:IQGAP2	91.16	113.89	22.1	20.38	59.27	63.03	13.18	27.43	0	0
ENSG00000145708:CRHBP	33.64	3.21	0.06	0.05	6.09	4.3	0.03	0.02	1.22	5
ENSG00000145715:RASA1	524.39	408.05	32.33	23.56	38.09	38.76	4.38	8.8	27.55	12.92
ENSG00000145721:LIX1	0.42	0.64	0.73	0.32	0.65	0.58	0.04	0.32	1.94	3.5
ENSG00000145725:PPIP5K2	22.45	32.39	17.3	7.14	22.16	20.75	1.41	1.9	19.03	4.4
ENSG00000145730:PAM	167.66	127.63	132.21	97.41	36.38	24.2	5.45	15.66	443.7	230.12
ENSG00000145734:BDP1	13.02	15.65	12	6.58	7.93	7.61	4.77	8.52	9.9	0.59
ENSG00000145743:FBXL17	4.85	7.08	19.14	10.98	9.35	8.54	1.92	3.72	16.43	1.54
ENSG00000145757:SPATA9	3.03	3.96	0.19	0.92	1.63	2.83	0.01	0.03	0.11	0
ENSG00000145780:FEM1C	5.91	8.49	19.38	13.3	18.71	13.21	5.92	9.15	17.45	10.74
ENSG00000145781:COMMD10	14.47	17.12	17.86	21.24	23.95	17.6	2.65	2.9	8.56	21.42
ENSG00000145794:MEGF10	0.37	0.41	0.07	0.01	4.48	1.23	0.19	0.75	1.04	0.08
ENSG00000145817:YIPF5	35.03	33.8	31.2	27.29	51.39	45.85	12.06	17.09	70.97	28.38
ENSG00000145819:ARHGAP26	67.76	67.86	5.67	2.02	9.53	4.36	0.47	1.19	3.66	0.82
ENSG00000145824:CXCL14	19.44	91.18	47.19	46.18	411.83	320.54	2.31	5.84	2.9	3.84
ENSG00000145826:LECT2	0	0	0.13	0.22	0	0	0.01	0	0	0.13
ENSG00000145832:SLC25A48	0.02	0.31	5.86	5.65	2.02	2.4	0.69	2.31	1.67	2.05
ENSG00000145833:DDX46	29.04	39.52	35.21	34.75	47	45.21	7.4	13.84	103.4	6.09
ENSG00000145839:IL9	0	0	0	0	0	0	0	0	0	0
ENSG00000145850:TIMD4	1.17	1.01	0.04	0.26	8.42	6.86	0.19	0.08	2.14	2.08
ENSG00000145860:RNF145	51.64	70.12	38.57	30.42	84.21	67.66	5.63	10.21	16.59	8.81
ENSG00000145861:C1QTNF2	0.08	0.65	3.53	2.61	0.42	0.72	0.21	0.66	3.69	9.85
ENSG00000145863:GABRA6	0	0	0	0	0	0	0	0	0	0
ENSG00000145864:GABRB2	0.04	0.1	0	0	0	0	0	0	1.08	0
ENSG00000145868:FBXO38	25.09	32.81	37.9	27.17	38.75	42.81	2.12	6.06	18.69	9.91
ENSG00000145882:PCYOX1L	3.07	3.74	4.63	4.66	9.74	8.59	0.36	1.6	6.35	5.96
ENSG00000145888:GLRA1	0.09	0	0.05	0.09	0	0	0	0.04	0	0
ENSG00000145901:TNIP1	31.37	45.65	48.05	34.73	55.15	49.01	4.93	12.28	114.49	28.98
ENSG00000145911:N4BP3	9.12	12.24	7.99	5.86	13.86	10.01	0.93	1.31	19.18	20.77
ENSG00000145920:CPLX2	0	0.01	2.49	1.98	0	0	0	0.01	0.49	0
ENSG00000145934:TENM2	0.02	0.03	0.02	0	0.2	0.08	0.03	0.04	0.03	0.05
ENSG00000145936:KCNMB1	0.3	0.72	0.55	0.79	1.03	0.97	0.06	1.41	2.91	9.69
ENSG00000145949:MYLK4	0.44	1.34	0.07	0.08	0	0	0.07	0.19	0.15	0.04
ENSG00000145979:TBC1D7	5.59	7.51	21.51	18.1	14.56	15.82	1.35	3.36	2.42	6.18
ENSG00000145982:FARS2	3.64	5.14	15.71	16.58	12.21	12.01	1.06	2.59	2.26	3.4
ENSG00000146005:PSD2	0.06	0.17	1.53	0.88	0.16	0.1	0.01	0.04	0.06	0.05
ENSG00000146006:LRRTM2	1.51	3.29	0.33	0.37	0	0.08	1.05	2.08	0.1	0
ENSG00000146013:GFRA3	0	0	0.66	0.53	0.42	0.66	0.08	0.32	0.07	0.2
ENSG00000146021:KLHL3	5.55	10.04	0.36	0.47	100.29	87.11	0.07	0.12	18.67	4.26
ENSG00000146038:DCDC2	1.01	0.4	0.32	0.02	12.95	4.07	4.13	3.84	0.42	0.1
ENSG00000146054:TRIM7	0.77	0.58	10.44	6.4	6.45	6.51	0.1	0.31	14.42	5.38
ENSG00000146067:FAM193B	50.89	99.47	57.25	49.4	17	21.54	2.5	9.57	1.56	2.89
ENSG00000146070:PLA2G7	1.92	2.48	793.95	361.53	30.19	33.73	1.6	3.26	10.22	9.9
ENSG00000146072:TNFRSF21	14.17	18.65	41.21	29.52	64.08	58.18	6.06	14.73	20.12	13.83
ENSG00000146083:RNF44	33.13	44.48	94.87	57.41	22.67	19.61	0.82	3.33	15.54	9.12
ENSG00000146085:MMUT	12.34	8.8	7.35	6.97	30.88	31.59	4.09	6.46	23.79	17.66
ENSG00000146090:RASGEF1C	0.38	1.33	0.09	0	0.05	0	0	0.01	0.17	0.13
ENSG00000146094:DOK3	4.68	11.97	1.66	1.93	1.73	1.07	0.14	0.43	12.91	25.6
ENSG00000146109:ABT1	10.07	11.33	5.55	4.48	26.1	24.14	5.33	8.59	28.93	69.59
ENSG00000146112:PPP1R18	21.64	33.31	50.57	32.97	10.01	11.88	1.2	4.3	17.95	11.1
ENSG00000146122:DAAM2	7.21	12.13	7.85	5.63	9.44	5.17	0.94	3.31	10.99	0.66
ENSG00000146143:PRIM2	4.65	5.03	8.94	7.29	8.38	6.1	1.38	1.69	1.66	1.74
ENSG00000146147:MLIP	0.07	0.21	0.05	0	0.24	0.19	0.02	0.05	0.09	0.04
ENSG00000146151:HMGCLL1	2.2	3.67	0.17	0.86	0.05	0.1	0.28	1.13	0	0
ENSG00000146166:LGSN	2.64	10.4	0.03	0.1	0	0	0	0.03	5.33	20.57
ENSG00000146192:FGD2	1.94	8.22	1.35	1.28	1.89	0.26	0.66	1.07	0.21	0.4
ENSG00000146197:SCUBE3	0.15	0.4	1.01	0.93	0.41	0.31	0.28	0.6	1.18	0.18
ENSG00000146215:CRIP3	0.52	1.14	1	1.72	0.56	0.13	0.09	0.33	0	0.13
ENSG00000146216:TTBK1	0.01	0.04	1.33	0.36	0	0	0.01	0.05	0	0
ENSG00000146221:TCTE1	0.03	0.06	0	0	0	0	0.02	0.01	0.16	1.07
ENSG00000146223:RPL7L1	37.69	38.83	47.55	32.56	57.95	52.13	3.69	5.01	39.58	42.06
ENSG00000146232:NFKBIE	1.64	4	2.27	1.73	8.65	9.07	3.51	6.89	8.46	33.74
ENSG00000146233:CYP39A1	0.31	0.13	4.21	2.12	1.22	1.48	4.86	7.62	1.3	1.01
ENSG00000146242:TPBG	18.85	16.22	5.33	1.8	4.44	3.41	0.18	0.52	4.77	2.83
ENSG00000146243:IRAK1BP1	1.09	1.34	3.27	2.89	1.07	1.04	0.24	0.38	3.85	11.37
ENSG00000146247:PHIP	15.35	16.51	7.96	4.97	13.52	12.77	3.79	7.22	18.63	0.53
ENSG00000146250:PRSS35	0.25	0.9	34.14	29.75	0.06	0.13	0.02	0.01	0.52	0.37
ENSG00000146263:MMS22L	3.22	3.35	2.61	2.74	2.43	2.29	0.28	0.44	1.58	0.6
ENSG00000146276:GABRR1	1.82	0.53	0.04	0	0.12	0.06	0	0	0	0
ENSG00000146278:PNRC1	73.22	97.01	73.36	81.04	98.66	81.55	14.44	21.69	75.86	63.69
ENSG00000146281:PM20D2	10.6	8.59	0.11	0	5.58	4.83	1.02	2.07	9.97	2.31
ENSG00000146282:RARS2	19.84	21.47	17.03	14.61	8.44	8.6	1.82	2.95	8.19	13.61
ENSG00000146285:SCML4	0.16	0.12	0.62	0.17	9.65	9.18	0.07	0.06	2.03	2.26
ENSG00000146350:TBC1D32	5.5	6.1	2.48	2.08	1.03	1.68	0.98	1.66	5.23	5.08
ENSG00000146352:CLVS2	0	0	0.04	0.34	0	0	0	0	0.33	0
ENSG00000146373:RNF217	10.68	13.82	2.1	3.64	9.84	10.41	4.7	11.53	1.02	0.63
ENSG00000146374:RSPO3	12.18	14.45	2.11	1.93	7.46	4.55	2.17	6.36	0.39	1.5
ENSG00000146376:ARHGAP18	9.5	15.2	25.27	13.67	18.31	16.07	10.43	16.08	9.21	2.1
ENSG00000146378:TAAR2	0	0	0	0	0	0	0	0	0	0
ENSG00000146409:SLC18B1	24.11	20.46	2.88	1.61	5.84	4.23	0.19	0.42	6.56	6.56
ENSG00000146410:MTFR2	2.27	2.41	0.47	0.16	8.98	8.49	0.08	0.18	1.56	1.13
ENSG00000146411:SLC2A12	1.1	2.12	5.05	1.9	3.21	4.35	13.3	30.45	29.64	3.62
ENSG00000146414:SHPRH	3.88	5.93	6.43	4.7	5.28	5.55	1.76	3.09	3.58	0.63
ENSG00000146416:AIG1	8.86	11.62	39.33	17.73	6.83	4.47	1.06	3.02	2.62	9.78
ENSG00000146426:TIAM2	6.38	6.5	1.73	1.2	0.87	0.3	2.64	6.84	1.71	0.48
ENSG00000146433:TMEM181	12.15	11.87	14.06	14.2	25.46	16.94	1.77	4.49	15.33	2.25
ENSG00000146453:PNLDC1	0.14	0.03	2.85	1.06	4.14	1.79	0	0.01	0	0
ENSG00000146463:ZMYM4	19.16	24.77	15.28	8.9	7.61	6.52	2.57	5.05	12.95	4.23
ENSG00000146469:VIP	0.28	1.06	0	0	0	0	0	0	0	0
ENSG00000146477:SLC22A3	8.27	26.31	13.55	11.45	0.64	1.29	4.5	10.26	5.45	3.75
ENSG00000146540:CHLSN	14.18	16.48	5.43	6.58	29.92	29.9	2.01	4.48	9.37	3.95
ENSG00000146555:SDK1	0.42	1.25	7.92	2.85	1.56	0.7	0.02	0.07	0.61	0.06
ENSG00000146576:INTS15	10.45	14.2	41.5	21.53	15.65	16.32	1.72	5.73	7.27	3.54
ENSG00000146592:CREB5	14.44	20.69	5.52	4.4	0.82	0.64	0.12	0.2	0.22	0.2
ENSG00000146618:FERD3L	0	0.11	0	0	0	0	0	0	0	0
ENSG00000146648:EGFR	187.01	297.21	74.71	27.12	40.53	36.08	4.92	15.28	27.08	7.64
ENSG00000146670:CDCA5	5.36	3.57	0.66	0.66	5.28	5.24	0.09	0.05	1.18	1.37
ENSG00000146674:IGFBP3	152.93	1135.94	101.71	154.67	1111.09	837.12	9.06	40.07	8684.22	6306.24
ENSG00000146676:PURB	19.38	19.98	50.66	22.44	25.05	21.32	2.83	9.36	5.2	1.35
ENSG00000146678:IGFBP1	3.01	4.01	4.33	25.89	43.76	27.72	0	0	60.41	86.09
ENSG00000146700:SSC4D	0.15	1.69	3.36	4.11	0.13	0	0.06	0.16	0.53	0.15
ENSG00000146701:MDH2	52.71	55.53	200.22	181.85	144.98	133.3	19.66	45.18	179.62	186.45
ENSG00000146733:PSPH	5.62	7.19	12.88	47.13	10.83	6.55	0.32	0.58	6.06	14.57
ENSG00000146776:ATXN7L1	4.52	5.26	17.96	17.52	6.18	6.99	2.36	4.05	3.06	0.79
ENSG00000146802:TMEM168	25.87	33.25	26.47	15.28	13.95	15.96	4.16	5.43	8.31	2.26
ENSG00000146809:ASB15	0.08	0.24	0.01	0.08	0	0	0.04	0.08	2.1	0.85
ENSG00000146826:TRAPPC14	38.64	50.51	20.19	18.95	10.98	7.89	0.63	2.09	4.97	15.14
ENSG00000146828:SLC12A9	22.29	34.59	11.69	10.08	18.05	18.54	2.12	5.55	7.77	23.72
ENSG00000146830:GIGYF1	26.53	45.75	25.51	18.46	40.43	49.73	2.12	5.91	27.5	32.05
ENSG00000146834:MEPCE	20.52	27.1	29.01	23.96	30.52	31.41	6.13	12.93	13.32	18.79
ENSG00000146842:TMEM209	11.32	11.02	19.86	11.22	16.3	18.05	2.48	3.57	11.8	9.32
ENSG00000146856:AGBL3	0.69	0.94	6.85	5.18	0.11	0.04	0.27	0.62	0.27	0
ENSG00000146857:STRA8	0.66	0.13	0	0	9.81	12.17	0	0	0.05	0.05
ENSG00000146858:ZC3HAV1L	5.2	5.37	4.68	3.43	4.49	4.12	0.34	0.68	3.96	0.39
ENSG00000146859:TMEM140	31.53	27.64	178.95	108.63	2.76	4.48	2	4.51	4.89	13.5
ENSG00000146872:TLK2	21.95	29.01	41.6	34.41	15.38	13.92	4.16	7.94	17.33	4.11
ENSG00000146904:EPHA1	9.9	9.29	9.91	7.31	12.13	10.93	2.19	5.17	3.62	5.34
ENSG00000146909:NOM1	8.48	10.71	22.06	16.25	22.86	16.87	1.62	3.73	31.34	9.81
ENSG00000146918:NCAPG2	5.72	5.52	3.49	1.79	5.93	4.5	0.11	0.24	1.51	0.39
ENSG00000146926:ASB10	0	0	0.45	0.39	0	0.07	0	0	0	0
ENSG00000146955:RAB19	0.37	0.56	1.04	0.84	0.5	0.16	0.68	1.13	2.55	11.18
ENSG00000146966:DENND2A	5.47	7.73	48.47	26.86	1.68	1.34	0.95	2.91	5.54	2.38
ENSG00000147003:CLTRN	0.56	0.72	0.04	2.76	5.24	5.13	0.35	1.02	0.23	0.05
ENSG00000147027:TMEM47	0	0.21	2.23	2.17	17.19	9.03	1.33	5.32	24.61	15.48
ENSG00000147036:LANCL3	0.03	0.01	0.23	0.16	0.77	0.44	0	0.01	0.41	0
ENSG00000147041:SYTL5	1.4	4.6	0.48	0.29	0.26	0.09	0.12	0.36	0.88	0.14
ENSG00000147044:CASK	5.69	10.29	5.93	5.09	182.63	241.24	2.94	6.59	37.97	13.19
ENSG00000147065:MSN	55.49	66.78	169.4	93.49	112.34	102.65	25.86	50.4	148.27	26.75
ENSG00000147081:AKAP4	0	0.02	0.02	0	0.83	0.33	0.01	0.02	0.23	0.51
ENSG00000147082:CCNB3	0.06	0.71	0.04	0.02	2.11	2.15	0.09	0.13	1.13	0.43
ENSG00000147099:HDAC8	15.11	16.96	8.09	8.58	18.99	11.89	2.63	5.63	6.51	1.74
ENSG00000147100:SLC16A2	10.14	14.82	2.97	3.06	2.18	1.95	0.17	0.42	2.6	1.35
ENSG00000147113:DIPK2B	31.1	33.49	0.21	0	10.67	12.4	0.5	2.27	18.87	7.88
ENSG00000147119:CHST7	1.15	2	1.93	2.07	3.25	3.7	0.54	1.13	1.86	1.71
ENSG00000147130:ZMYM3	4.41	8.71	13.39	8.35	15.19	19.26	2.8	9.13	14.78	19.77
ENSG00000147138:GPR174	0.05	0.26	0.11	0	1.32	2.31	0.01	0.02	0	0
ENSG00000147140:NONO	149.93	167.14	110.98	91.9	165.36	162.4	21.16	39.19	123.91	123.92
ENSG00000147144:CCDC120	14.38	15.24	36.22	23.04	25.64	25.47	1.4	4.89	12.51	30.69
ENSG00000147145:LPAR4	0	0.03	2.68	1.41	0.13	0.13	0	0.01	1.03	0.6
ENSG00000147155:EBP	8.18	6.35	24.2	29.65	51.54	48.41	15.52	24.72	38.69	121.74
ENSG00000147160:AWAT2	0.02	0.12	0.54	0.15	0.69	0.14	0	0	0	0.73
ENSG00000147162:OGT	76.79	137.45	178.53	98.07	23.1	19.16	6.8	13.11	154.83	137.45
ENSG00000147164:SNX12	31.44	34.85	40.68	63.67	46.27	40.7	7.13	14.6	51.38	32.35
ENSG00000147166:ITGB1BP2	0.41	1.1	0.49	0.19	0.86	1.61	0.26	0.58	4.12	7.23
ENSG00000147168:IL2RG	5.15	9.52	52.06	37.52	3.89	2.56	1.16	3.67	0.34	1.84
ENSG00000147180:ZNF711	2.02	5.87	0.66	0.97	2.18	2.21	0.64	0.97	4.72	2.15
ENSG00000147202:DIAPH2	14.23	16.55	12.71	6.71	4.86	3.6	4.55	10.57	4.89	0.57
ENSG00000147246:HTR2C	0.09	0.24	0	0	0	0	0	0	0	0
ENSG00000147251:DOCK11	11.04	13.93	16.88	5.28	3.76	2.64	0.95	1.75	0.82	0.89
ENSG00000147256:ARHGAP36	0.08	0.16	0	0	0	0	0.04	0.36	0	0
ENSG00000147257:GPC3	726.49	508.95	49.87	246.7	0.3	0.21	30.13	83.96	2.13	1.66
ENSG00000147316:MCPH1	13.49	15.5	4.64	2.33	9.49	9.11	1.29	2.6	4.64	3.46
ENSG00000147324:MFHAS1	4.81	9.42	17.27	10.58	16.92	9.42	2.13	6.88	19.75	18.02
ENSG00000147364:FBXO25	13.2	16.34	17.74	19.88	26.51	28.13	2.43	3.93	2.97	2.41
ENSG00000147383:NSDHL	6.89	8.41	8.7	10.81	11.02	11.41	2.94	8.33	17.8	3.51
ENSG00000147394:ZNF185	12.88	16.6	14.11	13.29	0.62	0.25	6.29	13.72	0	0
ENSG00000147408:CSGALNACT1	57.34	54.59	10.94	5.65	4.65	6.58	0.23	0.74	7.08	1.97
ENSG00000147416:ATP6V1B2	38.93	38.12	118.95	181.94	95.67	102.38	16.6	27.41	45.58	39.61
ENSG00000147419:CCDC25	13.8	14.41	17.6	17.81	28.64	20.88	2.88	5.08	52.81	13.11
ENSG00000147421:HMBOX1	21.55	32.97	36.62	21.87	6.69	5.7	2.58	5.86	14.34	2.34
ENSG00000147432:CHRNB3	0	0	0.01	0	0	0	0	0.01	0	0
ENSG00000147434:CHRNA6	0.03	0	0	0	0	0	0	0	1.2	0.35
ENSG00000147439:BIN3	25.51	32	27.29	21.13	31.16	21.76	1.57	3.91	40.09	35.86
ENSG00000147443:DOK2	3.19	5.47	11.49	11.4	5.18	3.64	0.26	0.58	1.38	0.48
ENSG00000147457:CHMP7	14.49	17.07	31.99	32.9	31.15	28.43	3.22	6.54	28.9	12.31
ENSG00000147459:DOCK5	10.03	21.99	45.82	21.92	21.32	15.96	0.63	1.2	8.1	2.48
ENSG00000147471:PLPBP	13.89	15.06	55.52	39.65	22.94	20.68	1.81	3.57	0	0
ENSG00000147475:ERLIN2	21.92	21.94	92.68	55.32	41.7	40.24	2	3.57	50.95	31.46
ENSG00000147481:SNTG1	0	0	0.02	0	0.06	0	0.07	0.19	0.04	0
ENSG00000147488:ST18	6.05	11.79	0	0	0.2	0.04	0	0	0	0
ENSG00000147509:RGS20	2.81	1.31	0.24	0.1	24.5	31.08	0.1	0.04	0.06	0
ENSG00000147533:GOLGA7	76.55	87.22	98.6	86.5	129.18	89.52	7.96	12.67	34.11	45.34
ENSG00000147535:PLPP5	32.82	26.87	100.17	82.38	27.63	32.45	0.99	1.4	6.54	3.2
ENSG00000147536:GINS4	5.21	3.14	16.57	14.54	3.34	2.12	0.51	1.32	6.01	0.73
ENSG00000147548:NSD3	42.34	54.22	98.95	73.04	42.89	39.54	4.71	10.46	40.94	8.68
ENSG00000147570:DNAJC5B	0.09	0.15	0.34	0.23	0.16	0.15	0.02	0	0	0.05
ENSG00000147571:CRH	2797.25	634.2	0.04	0.19	0.52	0.4	0	0	0	0
ENSG00000147573:TRIM55	0.69	0.35	0.57	0.43	4	3.79	0	0.01	0	0
ENSG00000147576:ADHFE1	111.22	157.86	4.02	3.97	16.15	19.03	0.08	0.1	1.63	1.69
ENSG00000147586:MRPS28	33.28	36.22	15.53	14.8	18.46	19.75	0.89	2.01	8.92	39.75
ENSG00000147588:PMP2	0.04	0	0	0	0	0	0.1	0.13	7.79	3.3
ENSG00000147592:LACTB2	10.25	12.01	12.94	14.84	10.33	12.93	1.92	4.02	16.51	14.01
ENSG00000147596:PRDM14	0	0.03	0.4	1.67	0	0	0	0.01	0.09	0
ENSG00000147601:TERF1	8.28	12.3	13.57	15.15	24.98	20.59	3.23	5.66	22.65	7.14
ENSG00000147606:SLC26A7	32.08	11.2	2.2	1.51	1.12	0.47	0.02	0	0	0.03
ENSG00000147614:ATP6V0D2	0.06	0	24.61	26.53	12.43	24.75	2.26	1.39	4.76	1.17
ENSG00000147642:SYBU	2.59	2.97	0.55	0.12	8.21	4.72	0.47	0.82	16.24	14.55
ENSG00000147647:DPYS	0.02	0.21	0.02	0	0.09	0.06	0.01	0.07	0	1.88
ENSG00000147650:LRP12	1.69	2.97	17.52	9.31	4.21	2.66	0.69	1.28	4.66	1.53
ENSG00000147655:RSPO2	0.58	3.28	0	0	0	0.03	0.01	0.01	0.41	0.07
ENSG00000147669:POLR2K	38.46	45.3	45.5	51.36	44.28	41.67	1.28	2.19	47.5	17.32
ENSG00000147676:MAL2	15.58	14.59	0.93	14.04	79.18	60.74	7.4	11.19	11.7	4.49
ENSG00000147677:EIF3H	143.32	155.08	127.19	132.23	188.21	190.64	41.42	60.11	78.75	194.87
ENSG00000147679:UTP23	8.38	11.8	10.21	9.55	8.76	11	3.49	5.58	20.56	6.29
ENSG00000147684:NDUFB9	81.69	84.38	142.7	134.07	230.45	221.22	21.71	49.29	57.38	83.82
ENSG00000147687:TATDN1	12.42	17.94	15.57	16.72	41.68	35.92	1.9	1.52	17.69	30.83
ENSG00000147689:FAM83A	0.09	0.01	0.3	0.65	0.33	0.15	0.07	0.03	0.24	0.17
ENSG00000147724:FAM135B	0	0.01	11.71	3.29	0.04	0	0	0	0.12	0.16
ENSG00000147799:ARHGAP39	1.22	1.53	8.25	8.94	9.61	8.09	1.4	6.5	1.37	0.73
ENSG00000147804:SLC39A4	2.14	8.06	44.23	56.2	176.51	179.11	0.3	0.69	7.92	9.64
ENSG00000147813:NAPRT	47.24	6.16	1.85	2.93	16.65	19	1.98	7.88	7.23	13.71
ENSG00000147852:VLDLR	4.33	8.64	99.71	90.09	53.3	45.89	4.4	11.84	12.35	2.91
ENSG00000147862:NFIB	8.06	13.52	4.22	3.95	5.65	5.61	1.74	5.5	9.64	0.96
ENSG00000147869:CER1	0	0	0.39	0.09	0	0	0	0.01	0	0.19
ENSG00000147872:PLIN2	81.3	164.35	248.68	159.75	115.39	92.7	27.28	44.59	67.86	47.02
ENSG00000147874:HAUS6	5.8	6.64	3.94	2.45	9.1	6.95	2.15	3.74	5.95	3.04
ENSG00000147883:CDKN2B	1.79	4.92	4.63	5.91	2.1	2.63	0.66	1.16	3.51	2.18
ENSG00000147896:IFNK	0.05	0.06	12.16	5.95	0.09	0.09	0.03	0.05	0	0
ENSG00000147905:ZCCHC7	5.95	11.13	19.9	14.98	8.57	8.57	1.94	3.91	17.28	7.4
ENSG00000147912:FBXO10	1.34	2.02	11.7	8.09	1	0.5	0.07	0.25	0.5	0.66
ENSG00000147955:SIGMAR1	44.03	33.73	29.47	30.1	34.94	31.68	8.31	19.15	21.78	55.49
ENSG00000148053:NTRK2	4.19	0.53	2.54	3.99	27.3	8.76	0.13	0.47	2.15	0.71
ENSG00000148057:IDNK	3.01	2	12.21	16.73	3.3	4.05	0.34	0.44	2.76	5.29
ENSG00000148082:SHC3	0.1	0.1	0.13	0	0	0	0.55	2.3	0	0
ENSG00000148090:AUH	15.05	25.52	23.83	30.77	16.6	18.89	4.99	8.59	43.98	33.74
ENSG00000148110:MFSD14B	43.12	53.26	45.06	25.76	28.48	24.74	5.22	10.08	11.69	25.74
ENSG00000148120:AOPEP	29.92	53.55	121.33	104.46	75.39	55.51	9.08	14.28	5.19	1.63
ENSG00000148123:PLPPR1	0.18	0.08	0.02	0	0.07	0.07	0	0.02	0.43	1.3
ENSG00000148143:ZNF462	6.01	9.97	4.29	2.79	1.06	0.91	0.19	0.58	7.73	2.42
ENSG00000148153:INIP	6.81	7.42	13.83	11.69	24.45	19.6	2.18	3.95	37.38	0
ENSG00000148154:UGCG	9.32	19.64	97.87	60.3	33.2	36.83	7.47	8.67	49.11	6.74
ENSG00000148156:ACTL7B	0	0	0	0.12	0.1	0.05	0	0	0.19	0.36
ENSG00000148158:SNX30	1.67	3.97	21.55	15.19	21.46	23.03	1.47	5.06	22.79	3.24
ENSG00000148175:STOM	150.45	172.03	53.93	59.01	68.98	69.47	32.39	68.06	28.79	61.05
ENSG00000148180:GSN	93.25	145.88	290.64	538.89	244.95	176.17	17.55	31.62	130	97.39
ENSG00000148187:MRRF	18.67	21.13	9.65	10.55	10.66	14.62	2.33	6.4	17.53	9.73
ENSG00000148200:NR6A1	2.07	2.86	12.08	7.47	7.51	8.3	1.44	2.88	5.15	0.56
ENSG00000148204:CRB2	0.09	0.25	0.12	0.46	0.2	0.17	0.01	0.02	6.83	3.91
ENSG00000148215:OR5C1	0.06	0.07	0.05	0	0	0	0	0	0	0
ENSG00000148218:ALAD	24.52	44.3	65.06	37.92	293.83	296.57	3.64	10.64	16.99	14.45
ENSG00000148219:ASTN2	3.45	3.61	0.01	0.25	0.9	0.15	0.02	0.05	0.89	0.15
ENSG00000148225:WDR31	0.61	0.85	25.41	11.11	0.2	1.01	0.16	0.39	1.44	0.62
ENSG00000148288:GBGT1	16.11	24.78	1.18	1.58	50.5	59.21	0.79	2.71	5.08	18.53
ENSG00000148290:SURF1	15.94	18.54	60.35	55.12	30.92	30.38	4	5.85	11.14	27.86
ENSG00000148291:SURF2	5.28	6.79	20.07	20.13	8.58	7.01	1.01	2.38	66.73	90.52
ENSG00000148296:SURF6	7.65	9.5	12.24	7.37	24.65	18.78	4.5	10.99	9.94	8.23
ENSG00000148297:MED22	10.77	11.79	40.17	25.86	12.08	11.23	0.7	2.47	14	8.13
ENSG00000148300:REXO4	8.23	10.93	19.93	24.85	13.56	11.99	1.94	5.02	26.5	7.32
ENSG00000148331:ASB6	7.17	8.72	21.41	16.16	26.21	21.92	1.57	3.21	10.75	25
ENSG00000148334:PTGES2	24.85	26.41	12.88	14.37	21.31	29.09	0.73	2	41.25	20.78
ENSG00000148335:NTMT1	13.48	12.69	25.61	30.15	35.19	22.71	1.98	4.35	16.29	30.59
ENSG00000148337:CIZ1	52.11	87.29	45.38	42.77	35.36	34.17	0.55	2.36	47.74	11.92
ENSG00000148339:SLC25A25	8.38	10.97	27.58	20.53	11.03	14.87	7.23	19.79	34.59	7.29
ENSG00000148341:SH3GLB2	226.14	306.05	47.19	54.25	81.76	76.76	3.71	11.71	67.59	33
ENSG00000148343:MIGA2	4.05	7.21	8.81	9.73	19.17	21.15	2.06	6.33	22.58	7.53
ENSG00000148344:PTGES	20.91	33.31	40.14	25.59	442.45	566.63	26.82	53.26	39.63	68.46
ENSG00000148356:LRSAM1	5.57	6.97	25.44	16.17	8.2	8.76	0.55	1.48	14.65	9.3
ENSG00000148357:HMCN2	0.52	1.2	3.78	3.51	0.01	0.01	0	0.01	0.04	0.08
ENSG00000148358:GPR107	38.35	36.9	63.48	45.56	16.51	12.01	2.9	8.02	18.76	3.91
ENSG00000148384:INPP5E	2.38	5.4	14.66	7.59	3.82	3.89	0.95	3.5	7.38	3.07
ENSG00000148396:SEC16A	23.99	31.76	50.42	50.61	18.18	16.33	1.97	9.07	12.37	6.4
ENSG00000148399:DPH7	21.18	31.7	7.21	5.46	23.33	20.53	1.21	3.27	1.64	3.19
ENSG00000148400:NOTCH1	4.17	8.15	4.72	4	11.53	11.7	0.86	4.41	3.61	2.29
ENSG00000148408:CACNA1B	0.13	0.02	1.68	1.02	0.11	0.14	0.01	0.04	0.25	0.14
ENSG00000148411:NACC2	1.24	2.7	3.86	4.71	5.54	6.64	0.27	1.11	13.76	0.42
ENSG00000148426:PROSER2	2.54	6.5	26.98	19.64	3.84	5.22	1.69	3.32	24.44	7.27
ENSG00000148429:USP6NL	17.09	17.71	24.21	13.12	11.95	9.18	2.03	5.54	16.61	2.8
ENSG00000148444:COMMD3	23.78	27.22	93.56	94.68	100.56	104.1	10.35	15.43	11.14	33.52
ENSG00000148450:MSRB2	10.26	15.89	3.78	2.65	3.23	3.31	1.34	2.49	2.64	5.07
ENSG00000148459:PDSS1	4.73	4.58	3.88	2.51	16.08	15.52	0.31	0.48	8.54	8.32
ENSG00000148468:FAM171A1	1.87	1.84	29.98	15.82	4.26	5.59	1.51	3.69	60.26	32.92
ENSG00000148482:SLC39A12	0.04	0.15	0.12	0.03	0.19	0.03	0	0	0.05	0
ENSG00000148484:RSU1	96.75	65.15	59.33	50.44	63.75	57.32	11.53	24.08	51.5	28.5
ENSG00000148488:ST8SIA6	0.77	1.36	1.43	0.7	0	0	0	0	17.21	1.84
ENSG00000148498:PARD3	20.29	25.99	46.88	32.97	48.77	30.41	4.2	10.79	25.95	3.42
ENSG00000148516:ZEB1	8.93	15.81	9.28	5.55	12.98	10.13	1.6	3.81	6.59	0.72
ENSG00000148541:FAM13C	2.79	3.49	5.78	4.14	1.55	1.53	1.34	1.9	1.83	2.17
ENSG00000148572:NRBF2	35.08	37.36	20.6	18.5	26.49	25.64	2.74	4.58	102.92	58.57
ENSG00000148584:A1CF	0	0	0.05	0	0	0.07	0.09	0.27	1.11	0.22
ENSG00000148600:CDHR1	0.01	0.13	1.16	0.79	0.08	0.05	0.01	0	0	0
ENSG00000148602:LRIT1	0	0	0.02	0	0.04	0.04	0.01	0	0.08	0.22
ENSG00000148606:POLR3A	6	7.05	11.82	6.89	35.68	34.2	1.8	3.51	4.1	2.06
ENSG00000148634:HERC4	17.09	29.42	49.64	33.61	19.65	20.01	10.88	17.53	32.29	11.61
ENSG00000148655:LRMDA	5.37	5.42	1.18	0.57	5.9	2.14	0.71	1.18	0.55	0.53
ENSG00000148660:CAMK2G	64.48	88.03	33.18	19.02	27.18	18.52	2	4.75	5.5	12.17
ENSG00000148677:ANKRD1	0.88	1.51	2.12	1.97	0.28	0.86	3.67	13.72	0.69	7.89
ENSG00000148680:HTR7	0.08	0.11	0	0	0.56	0.44	0.14	0.29	0.03	0.25
ENSG00000148690:FRA10AC1	10.39	12.07	13.3	17.5	11.79	9.48	0.29	0.47	19.84	3.82
ENSG00000148700:ADD3	32.35	36.16	32.85	27.2	57.55	59.54	2.37	4.03	36.87	13.69
ENSG00000148702:HABP2	0.02	0	0.05	4.1	0.03	0.11	0.01	0	29.98	11.69
ENSG00000148704:VAX1	0	0	0.15	0	0	0	0.02	0	1.25	0.87
ENSG00000148719:DNAJB12	26.29	29.08	50.24	38.41	52.21	42.6	4.11	7.97	72.1	42.85
ENSG00000148734:NPFFR1	0.05	0.09	0.05	0	0	0	0	0	0.14	0.08
ENSG00000148735:PLEKHS1	0	0.03	0.27	0.45	0	0.04	0.04	0.12	0.05	0.35
ENSG00000148737:TCF7L2	7.92	17.02	11.93	9.15	33.65	31.25	2.07	6.53	9.05	9.34
ENSG00000148773:MKI67	5.57	3.73	1.46	2.94	8.41	6.73	0.11	0.24	6.89	0.43
ENSG00000148798:INA	0.04	0.05	0.41	0.54	0.21	0.31	0.01	0.01	0.35	0.77
ENSG00000148814:LRRC27	3.43	4.92	4.54	2.07	0.58	0.36	0.03	0.11	0.48	0.54
ENSG00000148832:PAOX	0.22	0.86	4.88	4.22	19.78	18.27	1.99	4.9	4.1	11.03
ENSG00000148835:TAF5	4.49	4.52	5.32	3.41	25.14	5.94	1.05	2.07	3.08	1.06
ENSG00000148840:PPRC1	15.67	20.29	20.76	13.52	19.48	21.01	1.57	4.89	3.1	8.76
ENSG00000148841:ITPRIP	27.26	40.69	26.85	19.7	5.29	5.79	1.62	4	5.94	1.27
ENSG00000148842:CNNM2	7.22	8.17	27.8	18.42	43.67	28.93	0.46	1.25	1.65	0.79
ENSG00000148843:PDCD11	5.69	7.63	11.74	8.09	13.9	11.87	2.36	4.89	8.6	7.5
ENSG00000148848:ADAM12	3230.06	2092.77	19.79	11.69	1.41	1.49	0.24	0.88	1.48	0.92
ENSG00000148908:RGS10	9.85	22.45	2.99	3.85	18.12	13.75	0.76	0.8	0.96	0.45
ENSG00000148925:BTBD10	38.63	36.83	20.34	12.71	15.62	13.19	0	0	27.14	9.83
ENSG00000148935:GAS2	0.62	0.66	0.49	0.49	1.81	1.23	0.36	0.62	0	0.04
ENSG00000148942:SLC5A12	1.16	1.32	0	0	0	0	0.01	0	0.12	0
ENSG00000148943:LIN7C	13.71	19.09	31.5	25.14	87.11	73.89	12.01	17.38	19.99	4.85
ENSG00000148948:LRRC4C	0	0	0.01	0	0.03	0.03	0.05	0.2	0.24	0.04
ENSG00000148950:IMMP1L	16.21	11.23	26.24	27.72	25.91	25.34	3.34	3.29	4.5	19.46
ENSG00000148985:PGAP2	12.48	16.66	25.34	28.51	8.15	11.81	2.17	5.64	24.14	54.53
ENSG00000149016:TUT1	10.64	12.15	15.56	13.3	455.8	391.24	0.77	2	89.92	88.68
ENSG00000149084:HSD17B12	25.15	27.37	62.24	101.3	57.23	47.01	21.21	32.98	98.08	35.16
ENSG00000149089:APIP	26.03	36.8	12.39	13.14	34.31	20.51	3.26	4.64	6.18	7.8
ENSG00000149090:PAMR1	4.5	14.45	44.7	39.37	2.93	13.57	0.55	1.31	7.42	5.68
ENSG00000149091:DGKZ	42.97	70.92	41.61	43.47	85.77	106.82	3.53	11.2	29.75	33.68
ENSG00000149131:SERPING1	39.52	100.82	189.94	310.71	70.16	78.8	3.98	10.14	20.95	109.57
ENSG00000149136:SSRP1	54.41	59.82	69.51	44.29	124.52	96.52	6.35	14.08	91.41	51.38
ENSG00000149150:SLC43A1	2.19	2.44	1.38	0.85	70.84	85.88	0	0	11.7	27.66
ENSG00000149177:PTPRJ	13.92	17.46	12.53	6.11	47.21	44.5	5.18	8.98	12.91	5.9
ENSG00000149179:CSTPP1	9.75	13.51	8.49	12.74	1.77	1.65	0.21	0.54	1.57	3.33
ENSG00000149182:ARFGAP2	45.79	57.07	54.17	45.33	71.28	67.56	5.95	14.05	33.69	34.18
ENSG00000149187:CELF1	37.66	48.2	50.83	34.45	27.59	26.33	7.39	15.62	18.5	9.31
ENSG00000149196:HIKESHI	30.38	43.66	33.45	31.89	33.27	35.95	8.92	16.22	8.8	49.92
ENSG00000149201:CCDC81	1.05	2.25	0.06	0.1	0.27	0.11	0.74	1.24	0.91	0.44
ENSG00000149212:SESN3	20.39	22.5	5.96	6.72	1.46	0.94	0.48	1.18	2.92	1.3
ENSG00000149218:ENDOD1	12.97	10.99	62.89	22.23	6.05	3.8	4.07	7.95	4.5	1.1
ENSG00000149231:CCDC82	18.75	32.02	15.52	11.28	16.47	14.87	2.67	3.95	6.34	0.45
ENSG00000149243:KLHL35	0.52	0.88	0.9	1.71	0.78	0.11	0.14	0.65	0.06	0.03
ENSG00000149256:TENM4	0.53	0.4	3.16	1.51	1.06	0.29	0.12	0.44	0.25	0.04
ENSG00000149257:SERPINH1	96.3	145.34	553.86	486.69	150.21	194.58	8.55	35.05	256	332.41
ENSG00000149260:CAPN5	1.38	2.47	4.21	11.28	15.58	17.06	1.26	3.33	14.27	5.74
ENSG00000149269:PAK1	46.42	80.48	16.93	9.59	37.06	34.14	6.59	12.36	3.08	5.45
ENSG00000149289:ZC3H12C	1.14	2.59	4.56	3.65	1.35	0.73	0.74	1.29	1.04	0.16
ENSG00000149294:NCAM1	0.2	0.59	10.55	6.38	7.08	3.35	0.01	0.05	0.52	0.5
ENSG00000149295:DRD2	0	0	0.02	0	0	0	0.01	0.02	0.12	0.05
ENSG00000149300:C11orf52	28.47	34.03	55.26	52.06	8.31	8.53	3.23	4.85	26.88	70.49
ENSG00000149305:HTR3B	0.15	0.18	0.02	0.07	0	0	0	0	0.04	0.08
ENSG00000149308:NPAT	16.48	13.3	10.16	5.72	8.03	6.76	2.63	4.91	4.98	0.91
ENSG00000149311:ATM	18.28	23.81	2.92	3.31	4.45	4.28	3.25	5.88	0	0
ENSG00000149313:AASDHPPT	13.85	17.31	8.83	5.94	30.99	27.44	4.34	6.1	1.47	1.22
ENSG00000149380:P4HA3	0.72	1.04	2.22	1.76	16.01	15.04	1.08	2.34	2.21	0.68
ENSG00000149403:GRIK4	0.37	0.54	0.43	0.14	0.27	0.18	0.11	0.28	0.03	0.02
ENSG00000149418:ST14	24.49	26.11	18.42	32.02	120.89	146.6	28.25	60.11	62.96	58.96
ENSG00000149428:HYOU1	66.67	68.02	132.71	100.64	57.23	63.27	10.75	32.98	172.2	45.36
ENSG00000149451:ADAM33	2.14	14.8	1.64	2.33	4.21	4.14	0.14	0.41	12.75	28.25
ENSG00000149452:SLC22A8	0.03	0.03	0.04	0.07	0	0	0	0	0.66	3.97
ENSG00000149474:KAT14	7.89	9.33	26.9	26.3	18.68	13.98	3.75	7.77	111.76	26.67
ENSG00000149476:TKFC	14.31	20.71	17.91	21.98	13.57	19.33	1.86	6.72	7.5	27.97
ENSG00000149483:TMEM138	50.5	66.38	10.1	10.93	7.91	7.72	1.33	3.24	5.4	41.84
ENSG00000149485:FADS1	10.65	11.53	21.38	20.2	10.86	3.4	7.62	11.86	31.84	49.37
ENSG00000149488:TMC2	0.03	0.08	0.03	0.12	1.4	0.58	0.01	0.01	0	0
ENSG00000149489:ROM1	0.94	0.76	6.38	3.99	9.16	6.99	0.81	2.19	3.64	12.06
ENSG00000149499:EML3	18.12	27.83	32.51	22.68	31.62	30.47	1.97	5.49	67.3	114.48
ENSG00000149503:INCENP	4.43	6.17	10.68	9.14	28.74	48.2	0.16	0.67	11.84	8.7
ENSG00000149527:PLCH2	0.11	0.56	1.13	1.37	2.65	2.77	0.01	0	1.32	0.19
ENSG00000149532:CPSF7	62.46	75.83	44.1	28.45	43.24	48.54	4.27	12.13	38.55	34.54
ENSG00000149541:B3GAT3	19.39	23.09	55.62	43.66	74.26	77.22	4.03	11.58	42.84	74.81
ENSG00000149547:EI24	54.49	58.31	80.83	63.34	43.35	40.41	3.95	8.73	24.56	12.77
ENSG00000149548:CCDC15	0.45	1.39	1.02	0.77	5.73	7.28	0.47	0.8	16.53	5.14
ENSG00000149554:CHEK1	4.58	3.39	3.22	3.38	9.27	6.61	0.2	0.56	5.99	2.91
ENSG00000149557:FEZ1	8.22	13.63	9.34	9.09	1.47	0.68	0.22	0.65	1.48	0.19
ENSG00000149564:ESAM	258.26	234.93	220.96	146.51	31.02	29.19	8.82	24.44	16.14	58.52
ENSG00000149571:KIRREL3	1.27	1.83	0.78	0.41	0.06	0.13	0.02	0.04	0.24	0.17
ENSG00000149573:MPZL2	0.24	0.81	10.01	8.62	85.43	93.77	7.41	10.7	167.68	139.6
ENSG00000149575:SCN2B	0.01	0.05	0.16	0.18	0	0.1	0.02	0.04	0.29	0.15
ENSG00000149577:SIDT2	34.49	41.39	128.56	88.89	19.82	17.18	0.61	2.13	26.29	23.96
ENSG00000149582:TMEM25	4.06	7.36	0.61	1.09	2.67	3.94	0.02	0.15	0.59	2.09
ENSG00000149591:TAGLN	51.02	173.02	56.23	60.43	1391.74	834.33	93.66	251.87	323.6	486.65
ENSG00000149599:DUSP15	0.38	0.57	0.12	0	1.49	1.81	1.03	3.52	0.2	1.15
ENSG00000149600:COMMD7	36.61	40.92	30.1	26.87	90.78	71.99	4.84	10.83	39.59	20.73
ENSG00000149609:C20orf144	0.12	0.34	0.72	0.14	0.61	0.4	0	0.09	0	0
ENSG00000149633:KIAA1755	0.02	0.1	0.17	0.02	0.08	0.38	4.77	20.26	0.74	0.65
ENSG00000149634:SPATA25	0.37	1.27	0	0	0.4	0.37	0.06	0.24	0.96	0.46
ENSG00000149636:DSN1	9.69	13.96	5.99	7.01	10.36	10.39	0.93	1.6	3.23	10.87
ENSG00000149639:MTCL2	7.26	13.07	15.45	7.77	4.16	3.71	0.48	1.69	1.84	0.32
ENSG00000149646:CNBD2	2.4	2.05	3.68	3.51	0.04	0	0.04	0.04	0.04	0.08
ENSG00000149654:CDH22	0	0.12	0.13	0.03	0	0	0.01	0.04	0.1	0.42
ENSG00000149657:LSM14B	14.7	16.85	30.15	25.85	47.53	39.57	2.49	5.94	63.98	41.39
ENSG00000149658:YTHDF1	23.65	28.9	37.98	29.72	13.59	12.07	0.89	2.63	58.03	18.55
ENSG00000149679:CABLES2	5.96	6.91	22.29	13.48	7.4	6.84	0.62	1.87	1.39	0.53
ENSG00000149716:LTO1	14.27	20.23	30.23	24.65	33.14	26.97	6.96	12.94	17.66	30.56
ENSG00000149735:GPHA2	0	0.46	0.1	0	0.13	0	0	0	0	1.76
ENSG00000149743:TRPT1	8.95	14.93	11.83	7.93	17.36	16.4	0.1	0.19	3.68	27.81
ENSG00000149761:NUDT22	21.97	28.23	14.09	10.57	23.79	22.27	2.08	3.67	28.34	53.12
ENSG00000149792:MRPL49	25.52	27.63	21.15	19.59	32.22	33.49	3.66	9.64	53.93	49.41
ENSG00000149798:CDC42EP2	7.1	8.04	6.71	6.99	27.14	22.14	0.55	2.59	12.6	27.8
ENSG00000149809:TM7SF2	9.5	11.04	4.62	16.88	19.57	23.42	4.98	14.07	10.19	30.13
ENSG00000149823:VPS51	40.56	54.33	29.2	35.17	42.79	39.1	2.84	7.25	15.07	32.61
ENSG00000149922:TBX6	0.33	0.98	1.39	1.37	0.82	0.47	0.1	0.55	0.55	2.55
ENSG00000149923:PPP4C	48.67	55.58	112.15	105.75	216.08	193.96	14.65	32.31	43.87	97.9
ENSG00000149926:TLCD3B	0.28	0.14	4.39	4.44	0.04	0	0	0	0.09	0.28
ENSG00000149927:DOC2A	0.37	0.4	1.6	0.34	0	0	0	0	0.07	0
ENSG00000149929:HIRIP3	8.78	11.73	7.04	6.72	16.37	17.01	0.34	1.05	89.34	68.9
ENSG00000149930:TAOK2	30.6	41.92	31.75	25.85	35.9	35.27	5.59	17	35.37	38.3
ENSG00000149932:TMEM219	28.34	34.37	19.97	25.76	38.6	34.45	3.84	7.41	16.21	39.79
ENSG00000149968:MMP3	0	0	0.9	0.23	1.53	20.24	0.01	0	0	0.72
ENSG00000149970:CNKSR2	0.14	0.21	0.01	0.05	0.08	0.03	0.01	0.06	0.98	0.78
ENSG00000149972:CNTN5	0.56	1.67	0.07	0	0	0	0.01	0.07	0.71	0.37
ENSG00000150048:CLEC1A	55.44	69.91	11.04	6.23	32.46	34.04	6.82	13.76	4.8	1.43
ENSG00000150051:MKX	0.04	0.09	0.75	0.32	4.62	4.37	0.01	0.12	0.1	0
ENSG00000150054:MPP7	14.3	13.65	16.17	18.42	1.11	1.56	6.07	9.99	15.87	5.23
ENSG00000150093:ITGB1	242.2	341.8	358.91	278.86	333.97	298.38	82.82	139.96	208.12	246
ENSG00000150281:CTF1	1.03	2.31	8.4	4.48	4.14	4.13	0.15	0.34	6.45	21.27
ENSG00000150347:ARID5B	29.16	33.15	68.45	32.11	35.13	19.27	2.75	9.62	25.2	7.28
ENSG00000150361:KLHL1	0	0	0	0	0	0	0	0	0	0
ENSG00000150394:CDH8	10.86	5.44	0	0	0.08	0	0.15	1.34	0.12	0.04
ENSG00000150401:DCUN1D2	21.35	29.35	14.03	8.94	2.72	4.33	0.22	0.54	26.77	39.73
ENSG00000150403:TMCO3	25.79	36	18.55	17.77	30.58	25.23	1.88	5.11	15.98	6.44
ENSG00000150433:TMEM218	9.21	13.67	10.76	9.02	8.68	10.23	2.94	12.49	7.02	5.12
ENSG00000150455:TIRAP	9.56	11.68	11.35	12.66	9.11	6.68	0.49	1.26	2.61	4.53
ENSG00000150456:EEF1AKMT1	4.83	5.29	22.37	22.49	25.98	29.14	5.36	11.22	15.76	45.97
ENSG00000150457:LATS2	10.06	19.49	38.53	23.85	19.31	13.79	3.59	8.97	17.14	9.98
ENSG00000150471:ADGRL3	5.2	4.96	0.7	0.11	7.68	10.06	0.04	0.05	0.47	0.15
ENSG00000150540:HNMT	14.21	25.66	0.14	0.27	4.6	3.16	1.11	1.37	0.33	0.23
ENSG00000150551:LYPD1	0	0.03	0.14	0.1	0.25	0.49	0.01	0.01	0.35	0
ENSG00000150556:LYPD6B	0.09	0.46	0.18	0.28	2.47	0.47	1.28	1.96	43.07	82.34
ENSG00000150593:PDCD4	500.21	560.45	46.81	41.08	125.26	81.53	8.29	11.82	100.72	39.66
ENSG00000150594:ADRA2A	1.98	4.58	0.46	0.17	0.98	0.78	0.05	0.19	0.73	1.37
ENSG00000150625:GPM6A	0.1	0.6	0.14	0.44	8.12	7.17	0.05	0.26	2.67	1.04
ENSG00000150627:WDR17	0.07	0.26	0.19	0.33	0.67	0.75	0.17	0.35	0	0
ENSG00000150628:SPATA4	0.17	0	0.1	0	0	0	0.01	0.01	0.32	0.91
ENSG00000150630:VEGFC	5.71	8.3	0.74	2.31	18.68	10.97	2.43	5.64	5.71	6.74
ENSG00000150637:CD226	0.28	0.21	0.17	0.25	5.46	5.76	0.03	0.08	0	0
ENSG00000150656:CNDP1	0.08	0.15	0.09	0	2.09	2.57	3.62	8.05	0.19	0.04
ENSG00000150667:FSIP1	0.33	0.14	0.1	0	0	0	0.07	0.1	0.19	0.14
ENSG00000150672:DLG2	1.78	2.11	1.16	0.18	4.72	3.5	0.03	0.11	0.03	0.03
ENSG00000150676:CCDC83	0.04	0.12	0	0	0	0	0.02	0	0.04	0.08
ENSG00000150681:RGS18	1.28	1.98	0.12	0.12	0.08	0	0.53	0.31	1.56	3.07
ENSG00000150687:PRSS23	22.88	27.56	108.64	125.9	288.91	271.4	21.96	42.33	82.66	43.56
ENSG00000150712:MTMR12	9.57	11.84	24.8	16.08	9.46	5.46	2.06	3.72	6.2	1.42
ENSG00000150722:PPP1R1C	1.92	0.9	0	0	0.2	0	0.01	0.07	0.58	1.23
ENSG00000150750:POU2AF2	0.6	0.3	0.04	0	0.14	0	0.01	0.03	0.04	0
ENSG00000150753:CCT5	85.32	110.82	110.67	100.34	114.79	100.66	16.72	36.38	247.13	101.25
ENSG00000150756:ATPSCKMT	2.42	4.05	13.43	12.35	25.51	25.11	0.17	0.39	14.46	16.37
ENSG00000150768:DLAT	16.79	15.43	34.2	23.74	12.52	13.86	3.52	7.79	37.38	16.07
ENSG00000150773:PIH1D2	0.35	0.95	1.08	1.56	0.65	0.64	0.15	0.06	3.21	2.91
ENSG00000150779:TIMM8B	15.36	19.14	50.45	60.62	163.19	157.95	7.53	11.18	225.53	375.5
ENSG00000150867:PIP4K2A	23.67	29.39	21.29	13.11	148.2	94.35	5.32	9.37	44.53	11.86
ENSG00000150893:FREM2	1.4	1.24	3.5	5.53	0.13	0.03	0.11	0.27	4.76	0.44
ENSG00000150907:FOXO1	2.52	5.4	7.37	12.13	21.32	10.16	1.72	4.22	13.92	3.04
ENSG00000150938:CRIM1	420.23	331.92	119.45	69.45	163.27	110.23	20.53	35.87	51.15	8.14
ENSG00000150961:SEC24D	39.43	33.44	55.33	34.54	54.24	48.73	4.17	7.59	18.54	3.29
ENSG00000150967:ABCB9	1.82	3.32	5.83	4.04	5.72	3.51	0.59	1.2	0.68	1.01
ENSG00000150990:DHX37	3.35	3.41	12.2	8.54	13.54	13.28	0.97	3.48	4.92	5.22
ENSG00000150991:UBC	554.69	530.03	967.53	763.5	754.2	756.68	126.88	430.35	961.72	937.25
ENSG00000150995:ITPR1	5.81	11.38	26.29	11.65	16.89	10.2	3.79	9.38	4.89	1.15
ENSG00000151005:TKTL2	0.02	0.02	0.02	0.04	0.31	0.16	0.09	0.22	1.6	3.32
ENSG00000151006:PRSS53	0.51	0.75	1.17	1.47	2.39	1.96	0.1	0.3	0.6	0.95
ENSG00000151012:SLC7A11	0.64	1.29	0.47	0.42	0.14	0.05	0.42	0.84	0	0
ENSG00000151014:NOCT	4.07	6.9	145.21	197.5	15.38	23.47	17.98	36.58	16.29	13.98
ENSG00000151023:ENKUR	0.09	0.2	1.09	1.89	0.64	0.28	0.51	0.75	5.73	6.39
ENSG00000151025:GPR158	1.78	2.77	0.02	0.02	0	0	1.63	3.32	0.28	0
ENSG00000151065:DCP1B	5.75	7.13	3.69	4.57	19.55	15.78	0.31	0.66	8.17	7.48
ENSG00000151067:CACNA1C	5.36	6.46	1.72	1.69	6.46	4.22	0.43	1.85	0.99	0.22
ENSG00000151079:KCNA6	0	0	0.36	0.27	0	0.01	0.02	0.01	0.05	0.14
ENSG00000151090:THRB	2.46	3.51	1.27	2.13	0.7	0.29	0.25	0.5	2.48	0.19
ENSG00000151092:NGLY1	13.6	17.88	18.37	19.25	47.03	35.63	6.64	11.62	156.88	58.64
ENSG00000151093:OXSM	4.57	5.59	7.92	5.35	7.19	7.28	0.53	0.7	6.33	21.14
ENSG00000151117:TMEM86A	1.78	3.45	30.38	22.24	198.81	229.86	9.19	17.94	54.35	23.28
ENSG00000151131:NOPCHAP1	8.99	10.02	7.09	4.47	9.13	6.89	6.37	12.06	58.36	36.99
ENSG00000151135:TMEM263	43.39	52.72	30.83	20.2	12.26	9.03	4.13	7.46	16.69	3.86
ENSG00000151148:UBE3B	16.12	26.15	56.87	39.86	15.9	13.27	1.31	2.91	12.12	9.21
ENSG00000151151:IPMK	6.21	11.99	27.29	48.93	6.69	6.35	7.07	10.92	7.24	6.04
ENSG00000151164:RAD9B	0.17	0.27	4.21	2.73	0.36	0.42	0.05	0.13	0.2	0.44
ENSG00000151176:PLBD2	9.6	11.27	53.2	37.75	93.63	73.09	11.75	52.19	15.57	11.56
ENSG00000151208:DLG5	268.35	196.08	121.17	69.24	181.07	191.08	7.5	26.05	21.38	4.38
ENSG00000151224:MAT1A	0.04	0.06	0.11	0.36	2.07	0.4	0.02	0.04	3.41	1.11
ENSG00000151229:SLC2A13	2.76	3.47	2.28	0.82	3.86	2.41	11.78	21.56	1.72	1.57
ENSG00000151233:GXYLT1	20.99	18.75	31.44	17.23	8.97	6.1	2.53	5.3	18.53	7.39
ENSG00000151240:DIP2C	3.41	5.86	14.87	6.08	12.1	12.42	0.35	0.94	0.74	0.48
ENSG00000151247:EIF4E	41.27	46.42	85.41	62.86	66.39	66.75	21.43	22.7	67.33	10.95
ENSG00000151276:MAGI1	10.27	12.91	13.23	7.3	14.75	12.35	2.19	7.57	73.61	14.95
ENSG00000151304:SRFBP1	2.99	4.03	8.66	10.8	13.66	11.46	1.39	2.27	7.71	3.53
ENSG00000151320:AKAP6	0.52	0.89	0.36	0.06	0.11	0.1	0.54	1.45	1.21	0.59
ENSG00000151322:NPAS3	0.47	0.65	0.16	0.23	0.17	0.02	0.04	0.01	0.45	0.03
ENSG00000151332:MBIP	13.59	14.49	14.92	11.44	24.43	22.4	3.06	5.29	15.65	11.17
ENSG00000151338:MIPOL1	4.58	5.54	2.63	1.7	3.96	5.64	0.84	1.78	2.81	0.31
ENSG00000151353:TMEM18	23.89	26.29	16.8	12.92	7.77	10.51	1.69	4.12	14.08	2.52
ENSG00000151365:THRSP	0.31	0.32	4.75	3.65	2.49	0.49	0.83	1.64	8.41	14.78
ENSG00000151366:NDUFC2	91.47	96.53	68.23	73.15	41	37.15	5.48	10.53	132.22	128.76
ENSG00000151376:ME3	1.9	4.08	1.51	3.5	4.32	5.3	0.83	2.21	5.64	6.16
ENSG00000151413:NUBPL	4.59	4.71	3.11	2.19	4.98	2.64	1.78	2.55	1.17	2.52
ENSG00000151414:NEK7	125.14	127.56	38.01	59.81	52.4	46.71	8.88	14.82	21	7.18
ENSG00000151422:FER	3.6	5.21	30.54	24.77	6.22	4.72	1.03	1.9	8.44	0.9
ENSG00000151445:VIPAS39	13.12	16.11	32.24	28.1	18.98	19.29	2.11	4.62	19.31	26.36
ENSG00000151458:ANKRD50	5.44	11.67	57.72	25.81	7.05	4.25	2.14	4.45	2.37	2.87
ENSG00000151461:UPF2	14.48	19.23	16.64	15.06	34.63	32.71	3	5.59	61.36	6.19
ENSG00000151465:CDC123	35.84	41.63	71.47	54.98	45.95	43.86	4.63	8.53	9.97	6.55
ENSG00000151466:SCLT1	2.68	4.06	6.48	6.53	4.02	3.65	1.3	2.31	9.38	1.99
ENSG00000151468:CCDC3	10.88	18.02	4.05	4.15	3.59	2.28	0.09	0.36	0.6	0.17
ENSG00000151470:C4orf33	4.21	6.95	3.27	3.47	7.15	6.32	2.07	2.57	32.15	13.93
ENSG00000151474:FRMD4A	33.06	46.55	36.01	18.82	6.67	5.61	1.73	3.25	1.05	0.45
ENSG00000151475:SLC25A31	0	0	2.12	1.21	0.09	0.13	0	0	0	0
ENSG00000151491:EPS8	17.97	33.74	14.03	39.26	92.55	115.51	5.81	9.47	168.43	32.16
ENSG00000151498:ACAD8	9.47	12.54	20.02	10.46	37.99	25.67	4.96	9.58	23.23	29.37
ENSG00000151500:THYN1	8.01	11.41	37.09	22.17	68.81	52.23	4.38	11.45	10.43	13.92
ENSG00000151502:VPS26B	16.18	24.17	24.21	16.34	35.32	31.35	4.26	9.8	29.6	21.68
ENSG00000151503:NCAPD3	7.63	9.08	11.93	8.12	6.76	6.73	0.43	1	6.74	1.98
ENSG00000151532:VTI1A	10.08	12.52	14.19	9.38	18.36	13.02	2.79	7.81	31.93	7.91
ENSG00000151553:FHIP2A	25.71	26.96	21.76	18.46	6.19	5.68	6.11	10.52	4.43	0.61
ENSG00000151572:ANO4	0.11	0.03	0.32	0	0.04	0	1.29	1.86	0.65	1.59
ENSG00000151575:TEX9	1.68	1.83	2.52	1.89	1.83	1.56	0.49	0.75	7.31	3.44
ENSG00000151576:QTRT2	10.66	10.67	12.01	6.69	3.42	2.21	2.23	3.06	1.33	0.88
ENSG00000151577:DRD3	0	0	0.1	0	0.04	0	0	0.04	0	0
ENSG00000151611:MMAA	3.54	4.2	13.21	16.6	15.91	10.47	1.56	2.1	3.34	3.9
ENSG00000151612:ZNF827	5.23	4.36	7.67	3.14	3.48	1.67	0.15	0.34	1.89	3.09
ENSG00000151615:POU4F2	0	0	0.03	0	0	0	0.01	0	0	0
ENSG00000151617:EDNRA	7.8	12.95	12.67	9.97	11.66	6.3	1.02	1.77	2.74	1.55
ENSG00000151623:NR3C2	1.62	2.78	0.91	0.84	0.32	0.71	0.29	0.86	1.22	1.04
ENSG00000151640:DPYSL4	0.16	0.17	0.03	0	0.22	0.43	0.03	0.05	0	0.6
ENSG00000151655:ITIH2	0.1	0	0.13	15.58	0.15	0.03	0.4	1.43	1.15	2.28
ENSG00000151657:KIN	10.13	16.5	22.03	17.64	22.32	18.4	2.4	3.98	26.25	12.35
ENSG00000151665:PIGF	14.18	25.72	11.1	7.3	15.27	17.65	2.72	5.59	12.96	40.7
ENSG00000151687:ANKAR	2.33	4.51	0.01	0	0	0	0.02	0.02	0.02	0
ENSG00000151689:INPP1	10.59	14.67	3.12	3.79	11.47	9.67	1.54	2.95	9.68	9.51
ENSG00000151690:MFSD6	16.12	10.67	2.7	7.23	30	28.77	2.27	4.51	15.63	7.88
ENSG00000151692:RNF144A	6.26	5.71	9.83	5.03	6.9	3.93	0.84	2.06	4.39	1.99
ENSG00000151693:ASAP2	8.01	9.72	14.88	10.34	12.1	13.69	1.34	6.02	97.3	13.5
ENSG00000151694:ADAM17	32.6	34.5	34.99	28.82	27.57	28.52	2.96	6.51	64.62	15.66
ENSG00000151702:FLI1	26.35	41.04	4.02	3.8	15.98	16.18	5.18	8.85	10.16	6
ENSG00000151704:KCNJ1	0.04	0.09	0.04	0	0.17	0.05	0	0	10.11	0.8
ENSG00000151715:TMEM45B	0.86	1.55	1.76	3.14	45.19	38.72	0.12	0.35	11.43	8.54
ENSG00000151718:WWC2	8.64	14.04	41.38	19.64	456.44	371.79	3.77	7.24	19.86	1.14
ENSG00000151726:ACSL1	6.44	8.39	10.43	28.99	117.75	142.05	1.63	2.89	131.57	16.85
ENSG00000151743:AMN1	9.04	13.35	17.67	19.92	5.89	4.28	1.67	2.67	34.8	20.73
ENSG00000151746:BICD1	11.9	13.67	1.1	0.51	1.11	0.97	0.35	0.54	3.97	0.62
ENSG00000151748:SAV1	22.86	23.28	57.8	64.99	66.5	49.05	1.37	2.95	8.25	4.24
ENSG00000151773:CCDC122	5.72	10.97	5.03	5.04	0	0	0.46	0.98	0.27	0.35
ENSG00000151778:SERP2	1.79	2.57	5.6	7.17	0.38	0.08	0.36	1.33	0	0.96
ENSG00000151779:NBAS	6.6	9.21	10.95	10.66	6.53	5.89	1.33	2.37	5.21	4.01
ENSG00000151790:TDO2	0.53	0.25	5.6	17.19	0	0.05	0	0	1.13	0.07
ENSG00000151806:GUF1	8.39	11.41	6.79	6.65	4.55	3.26	1.25	2.59	5.45	9.69
ENSG00000151812:SLC35F4	0.2	0.06	0.38	0.14	0	0	0	0	0	0
ENSG00000151834:GABRA2	0.07	0.22	0	0.02	0	0	0.04	0.1	0	0
ENSG00000151835:SACS	0.55	0.63	2.42	1.3	2.41	1.42	0.45	1.02	0.29	0.12
ENSG00000151838:CCDC175	0	0	0	0	0	0.1	0.02	0.02	0	0
ENSG00000151849:CPAP	6.65	7.85	8.79	6.29	9.65	5.82	0.51	1.96	2.93	2.09
ENSG00000151876:FBXO4	8.41	9.07	10.98	14.17	4.72	4.21	1.11	2.54	16.04	18.88
ENSG00000151881:TMEM267	6.79	6.99	10.71	16.1	2.39	3	0.4	0.76	19.44	8.92
ENSG00000151883:PARP8	11.49	13.66	3.67	2.44	5.76	4.51	0.56	0.9	1.29	1.64
ENSG00000151892:GFRA1	0.02	0.04	0.43	0.12	0	0	0.05	0.1	0.41	0
ENSG00000151893:CACUL1	37.38	35.43	36.29	31.58	9.24	5.44	2.99	5.8	14.08	6.95
ENSG00000151917:BEND6	0.44	1.08	7.24	2.77	0.28	0.1	0.02	0.07	0.19	0.18
ENSG00000151929:BAG3	33.71	38.29	72.39	59.86	48.2	27.43	1.98	12.03	12.35	11.36
ENSG00000151948:GLT1D1	0.12	0.21	1.18	1.17	1.77	0.66	0	0	181.43	12.56
ENSG00000151952:TMEM132D	0	0	0.01	0	0.04	0.33	0.03	0.07	0.06	0
ENSG00000151962:RBM46	0	0.08	2	2.6	0	0	0.02	0.08	0.67	0.03
ENSG00000151967:SCHIP1	3.8	9.8	17.72	14.45	16.75	18.03	2.88	5.03	14.36	25.37
ENSG00000152049:KCNE4	4.1	7.9	2.16	1.53	4.23	4.21	0.29	0.64	0.86	1.01
ENSG00000152061:RABGAP1L	28.05	50.65	27.46	21.1	11.16	6.42	4.11	7.49	12.02	3.16
ENSG00000152078:TLCD4	2.45	3.72	0.86	0.83	4.27	1.24	0.62	1.37	5.32	1.44
ENSG00000152092:ASTN1	0	0.06	2.03	0.65	0.03	0	0.02	0.14	0.34	0.04
ENSG00000152102:FAM168B	41.14	47.22	82.07	53.48	33.24	29.89	3.62	7.74	6.62	2.03
ENSG00000152104:PTPN14	9.25	11.78	12.85	7.87	4	3.32	1.25	5.93	2.16	0.49
ENSG00000152128:TMEM163	0.61	5.94	0.25	1.02	6.76	3.65	0	0	4.09	1.47
ENSG00000152133:GPATCH11	3.59	5.68	19.49	15.99	11.24	11.14	1.82	3.26	58.66	27.96
ENSG00000152154:TMEM178A	5.48	8.29	22.72	6.67	3.27	2.93	0.23	0.33	0.99	3.64
ENSG00000152192:POU4F1	0.05	0.09	0.64	0.69	1.79	2.59	0.06	0.22	0	0
ENSG00000152208:GRID2	0.06	0.02	0	0.02	0	0	0.04	0.12	0.04	0
ENSG00000152213:ARL11	0.87	1.45	1.39	1.07	1.33	1.11	0.07	0.12	3.39	3.86
ENSG00000152217:SETBP1	2.53	6.29	4	1.62	1.65	0.85	0.3	0.91	3.96	0.22
ENSG00000152219:ARL14EP	8.1	9.1	17.69	11.24	57.03	52.2	4.71	7.37	40.45	5.27
ENSG00000152223:EPG5	13.95	19.67	9.14	5.27	9.67	8.07	1.91	4.68	3.69	3.8
ENSG00000152229:PSTPIP2	12.22	18.28	1.01	3.61	9.22	10.06	2	3.75	4.29	1.01
ENSG00000152234:ATP5F1A	134.24	133.53	199.4	184.7	311.35	312.39	19.16	28.96	513.62	471.7
ENSG00000152240:HAUS1	7.67	9.97	10.04	9.32	25.8	22.82	1.14	1.92	49.01	36.06
ENSG00000152242:ARK2N	10.44	12.17	9.29	5.45	46.12	38.5	1.56	3.79	23.21	4.74
ENSG00000152253:SPC25	4.36	3.01	8.27	5.25	13.54	9.04	0.95	0.85	7.74	1.33
ENSG00000152254:G6PC2	0.16	0.02	0.13	0	0	0	0	0	0	0
ENSG00000152266:PTH	0	0	0	0	0	0	0	0	0	1.42
ENSG00000152270:PDE3B	3.71	7.02	1.69	2.11	1.66	1.35	0.73	1.61	7.74	4.92
ENSG00000152284:TCF7L1	2.06	4.92	25.58	11.14	28.84	34.68	0.6	2.96	5.58	9.44
ENSG00000152291:TGOLN2	78.36	75.66	158.15	124.63	50.46	41.01	7.75	16.8	89.33	33.07
ENSG00000152348:ATG10	8.35	9.35	5.34	5.52	3.08	3.28	1.01	1.95	4.69	3.22
ENSG00000152359:POC5	7.5	10.5	7.89	5.55	6.95	6.2	0.85	1.33	3.74	3.84
ENSG00000152377:SPOCK1	1.85	2.52	3.43	3.16	97.55	48.63	0.13	0.52	0.43	0.14
ENSG00000152380:FAM151B	4.65	4.98	2.27	1.94	5.33	5.53	1.82	2.06	0.9	1.09
ENSG00000152382:TADA1	15.53	15.05	18.93	15.1	13.65	13.03	2.42	3.59	10.41	4.98
ENSG00000152402:GUCY1A2	9.9	10.01	0.7	0.93	0	0	3.09	6.73	1.41	0.1
ENSG00000152404:CWF19L2	5.43	7.02	5.26	3.14	16	14.81	4.14	6.94	14.37	0.7
ENSG00000152409:JMY	6.7	7.11	18.3	10.75	6.95	5.86	1.98	5.34	49.91	6.5
ENSG00000152413:HOMER1	6.5	7	8.35	5.16	4.61	1.58	0.69	2.15	18.21	1.08
ENSG00000152430:BOLL	0.04	0.17	0.29	0	0.17	0	0	0	2.12	0.31
ENSG00000152455:SUV39H2	4.9	4.22	5.53	2.41	4.08	3.17	1.02	1.5	0.4	0.63
ENSG00000152457:DCLRE1C	4.92	4.92	7.59	3.82	8.41	4.81	0.55	1.17	7.91	6.43
ENSG00000152463:OLAH	128.38	50.16	0.03	1.08	0	0	0	0	0	0.1
ENSG00000152464:RPP38	12.8	12.57	7.5	10.91	3.89	2.13	0.23	0.39	6.8	10.9
ENSG00000152465:NMT2	10.48	8.69	33.71	19.35	1.56	1.7	0.08	0.18	2.22	2.5
ENSG00000152492:CCDC50	19.78	25.29	28.36	17.13	22.45	19.15	4.36	7.87	6.28	4.27
ENSG00000152503:TRIM36	0.4	1.39	1.8	1.18	4.51	2.03	1.03	2.11	7.7	1.24
ENSG00000152518:ZFP36L2	5.61	13.17	38.67	38.97	117.51	84.58	5.01	11.53	10.89	17.99
ENSG00000152520:PAN3	21.83	29.91	75.33	38.55	66.19	39.36	4.07	9.25	10.67	2.14
ENSG00000152527:PLEKHH2	2.06	7.06	4.76	2.63	7.01	2.65	0.38	1.01	2.42	0.65
ENSG00000152558:TMEM123	104.02	75.83	124.53	83.91	65.62	20.7	1.96	3.66	16.68	22.72
ENSG00000152578:GRIA4	0.05	0.37	0.25	0.1	0.1	0.22	0.03	0.07	0.33	0.07
ENSG00000152580:IGSF10	0.27	1.06	0.47	0.42	0.41	0.3	0.08	0.25	1.24	0.67
ENSG00000152582:SPEF2	4.44	8	0.14	0.07	0.17	0.29	0.05	0.11	0.6	0.13
ENSG00000152592:DMP1	0.07	0.02	0.28	0.03	0.02	0	0.15	0.22	0.23	0.16
ENSG00000152595:MEPE	0.34	0.09	0	0	0.04	0.1	0.05	0	0	0
ENSG00000152601:MBNL1	15.56	26.44	20.31	15.46	45.9	43.79	6.9	12.14	6.45	0.9
ENSG00000152611:CAPSL	0	0.07	0.23	0.19	0	0	0.09	0.12	2.54	3.51
ENSG00000152620:NADK2	13.42	14.94	7.64	7.32	11.33	13.33	1.5	2.89	13.43	5.62
ENSG00000152642:GPD1L	18.64	17.42	10.72	14.74	48.7	24.08	7.24	11.81	31.69	5.69
ENSG00000152661:GJA1	70.1	111.89	107.36	114.65	104.04	83.2	51.43	97.5	1520.46	361.32
ENSG00000152669:CCNO	0.53	0.1	0.28	1.65	22.11	19.72	0.24	0.34	0	0
ENSG00000152670:DDX4	0.14	0.04	2.06	1	0.03	0	0.08	0.17	0.53	0.67
ENSG00000152672:CLEC4F	0	0.14	0	0	3.81	1.07	0	0	0.08	0
ENSG00000152689:RASGRP3	9.51	9.65	16.24	9.1	5.09	5.78	4.17	6.2	5.42	3.95
ENSG00000152700:SAR1B	30.55	31.89	72.22	64.57	50.18	35.34	12.37	20.42	12.57	17.4
ENSG00000152705:CATSPER3	0.36	0.32	0.04	0	0.13	0.13	0.65	1.3	0	0.06
ENSG00000152749:GPR180	1.72	2.62	26.53	22.71	4.31	4.61	3.83	6.95	2.89	1.57
ENSG00000152760:DYNLT5	5.08	7.91	0	0	2.68	0.05	0	0	0.65	0.16
ENSG00000152763:DNAI4	1.21	2.43	1.76	1.08	0.33	0.21	0.01	0	9.8	2.38
ENSG00000152766:ANKRD22	0	0.12	0.31	0	6.6	3.13	4.76	4.09	2.87	2.61
ENSG00000152767:FARP1	19.13	27.64	29.35	16.17	57.9	61.07	5.15	14.68	10.12	8.39
ENSG00000152779:SLC16A12	5.95	6.27	7.51	6.32	14.7	4.94	0.04	0.1	2.13	13.41
ENSG00000152782:PANK1	2.04	2.35	0.99	0.97	12.5	10.68	0.66	1.3	10.29	0.82
ENSG00000152784:PRDM8	8.35	7.12	0.07	0	1.65	1.25	0.05	0.21	0.68	1.93
ENSG00000152785:BMP3	0.01	0.05	0.15	0.06	0.66	0.08	0.05	0.63	3.68	22.02
ENSG00000152818:UTRN	33.63	42.26	62.96	32.86	7.81	6.43	7.19	17.96	53.53	4.11
ENSG00000152894:PTPRK	13.97	18.55	17.29	18.38	23.55	21.93	7.21	13.24	24.16	9.25
ENSG00000152910:CNTNAP4	0.07	0.79	0.01	0	0	0	0.07	0.24	0.15	0.03
ENSG00000152932:RAB3C	0.02	0.5	0	0.07	0.24	0.12	0	0.06	0.16	0
ENSG00000152936:LMNTD1	0.12	0.2	0.41	0.27	0	0.06	0.13	0.05	0.19	0.09
ENSG00000152939:MARVELD2	10.36	8.11	5.68	6.98	32.04	33.16	2.73	3.83	8.69	3.08
ENSG00000152942:RAD17	15.29	20.7	18.06	16.47	22.95	23.58	2.31	2.95	30.92	16.57
ENSG00000152944:MED21	13.47	14.85	76.98	60.67	61.86	57.76	0.9	1.49	4.29	42.57
ENSG00000152952:PLOD2	14.2	29.28	52.61	62.55	18.01	16.23	2.35	3.49	26.89	11.07
ENSG00000152953:STK32B	1.35	3.51	0.61	0.45	0	0	0.02	0.06	0.28	0
ENSG00000152954:NRSN1	0.05	0.11	0.09	0.11	0.04	0	0.02	0.02	0.13	0.12
ENSG00000152969:JAKMIP1	0	0	0.31	0.63	0.13	0	0	0.03	0.11	0
ENSG00000152977:ZIC1	0	0	0.02	0.31	0	0	0	0	0	0
ENSG00000152990:ADGRA3	13.23	22.89	26.46	11.58	21.84	15.85	4.61	9.65	3.21	4.02
ENSG00000153002:CPB1	0.26	0.76	0	0	0.12	0.17	0	0	5.9	2.23
ENSG00000153012:LGI2	0.91	2	2.16	0.78	0	0.04	0.06	0.2	0.16	0
ENSG00000153015:CWC27	9.49	15.62	8.83	8.6	9.9	10.58	1.49	3.13	14.78	8.8
ENSG00000153029:MR1	5.5	8.21	4.96	5.73	10.34	5.03	1.93	4.79	8	9.21
ENSG00000153037:SRP19	90.34	107.63	62.28	70.19	94.76	82.37	3.95	7.95	163	182.46
ENSG00000153044:CENPH	4.75	4.47	1.25	0.96	11.6	8.25	1.11	1.22	8.03	5.22
ENSG00000153060:TEKT5	0.22	0.09	0.08	0.14	0	0	0	0	3.28	3.34
ENSG00000153064:BANK1	0.7	0.58	0.37	0.25	1.08	1.07	0.52	0.83	0.03	0
ENSG00000153066:TXNDC11	20.89	30.91	34.66	23.38	36.12	29.82	3.64	10.4	23.35	16.17
ENSG00000153071:DAB2	721.46	773.5	33.16	245.33	85.97	57.29	13.06	30.03	122.44	22.36
ENSG00000153086:ACMSD	0.37	0.42	0.14	0.08	0	0	0	0	0.43	0.17
ENSG00000153093:ACOXL	14.91	4.94	0.02	0.05	0.13	0.37	0.03	0.01	0.03	0.16
ENSG00000153094:BCL2L11	10.53	14.28	8.7	6.17	14.9	6.51	1.7	5.14	2.17	0.51
ENSG00000153107:ANAPC1	10.02	12.51	48.25	42.75	9.68	8.85	1.73	3.13	4.19	4.96
ENSG00000153132:CLGN	0.07	0.13	0.03	0	0.35	0.5	0.02	0.01	1.86	2.39
ENSG00000153140:CETN3	18.02	29.09	62.88	61.69	51.76	36.36	12.48	21.11	194.23	74.13
ENSG00000153147:SMARCA5	22.76	24.76	29.88	23.92	146.1	111.2	7.16	13.04	53.48	14.06
ENSG00000153157:SYCP2L	2.86	3.01	0	0	0.16	0.22	0	0	0.13	0.1
ENSG00000153162:BMP6	11.4	18.32	9.07	9.59	15.03	11.69	1.6	5.54	5.68	1.95
ENSG00000153187:HNRNPU	171.61	215.48	253.95	164.3	244.83	208.44	36.67	84.14	423.02	200.21
ENSG00000153201:RANBP2	26.66	30.74	43.02	23.22	51.77	44.51	9.69	19.63	26.3	6.22
ENSG00000153207:AHCTF1	14.83	17.66	34.32	22.75	17.26	13.81	6.79	10.35	17.07	4.78
ENSG00000153208:MERTK	10.36	15.47	21.56	15.78	26.66	26.46	1.06	2.05	13.62	5.98
ENSG00000153214:TMEM87B	35.14	35.25	72.35	49.81	33.49	28.56	4.97	7.78	10.06	1.81
ENSG00000153233:PTPRR	0.91	0.37	3.1	4.18	1.42	1.15	1.11	2.3	33.65	25.74
ENSG00000153234:NR4A2	1.16	1.13	2.3	1.2	2.13	2.82	0.34	1.23	1.93	1.98
ENSG00000153246:PLA2R1	1.95	6.03	9.45	13.45	9.41	9.72	45.18	56.52	1.4	0.48
ENSG00000153250:RBMS1	191.51	187.15	153.88	108.17	98.16	76.4	10.8	18.46	79.97	54.52
ENSG00000153253:SCN3A	0.09	0.09	0.02	0	0.02	0.06	0.02	0.05	2.13	0.7
ENSG00000153266:FEZF2	0	0	0	0	0	0	0	0	0	0
ENSG00000153283:CD96	0.97	0.8	0.19	0.15	0.62	0.19	0.02	0.01	0	0
ENSG00000153291:SLC25A27	5.75	8.32	5.15	3.11	7.69	10.39	1.72	2.06	0.16	0.2
ENSG00000153292:ADGRF1	0.34	0.24	0.24	0.06	1.38	1.33	0	0	0.28	0.12
ENSG00000153294:ADGRF4	3.66	4.44	5.77	4.96	3.31	3.68	0.56	0.3	0.23	0.38
ENSG00000153310:CYRIB	31.95	39.08	45.98	31.16	44.42	38.31	6.39	6.92	18.1	13.17
ENSG00000153317:ASAP1	31.56	45.96	30.46	23.95	14.74	12.19	1.09	3.25	11.57	1.35
ENSG00000153339:TRAPPC8	25.26	30.81	25.23	20.64	26.09	25.16	8.62	12.79	11.81	6.87
ENSG00000153347:FAM81B	0.11	0.13	0	0	0.11	0	0	0.01	0.83	1.45
ENSG00000153391:INO80C	37.46	53.03	20.9	23	40.68	33.43	7.12	7.45	8.46	16.24
ENSG00000153395:LPCAT1	19.08	43.18	25.25	21.52	44.44	55.04	0.41	1.2	12.25	1.22
ENSG00000153406:NMRAL1	24.72	23.35	1.18	1.66	32.38	17.02	0.81	2.18	12.68	18.2
ENSG00000153446:C16orf89	0.36	0.6	17.6	21.62	0	0	0.02	0.03	0.61	0.61
ENSG00000153485:LYSET	11.05	11.95	10.35	7.11	14	10.38	10.7	18.07	14.63	37.95
ENSG00000153487:ING1	6.11	7.22	42.86	38.44	98.55	69.27	2.02	5.53	63.17	22.45
ENSG00000153531:ADPRHL1	2.43	2.18	0.14	0.31	0.22	1.06	0.03	0.04	0.27	0.28
ENSG00000153551:CMTM7	5.59	8.62	63.36	71.69	15.37	16.79	0.87	1.56	0.5	2.94
ENSG00000153561:RMND5A	14.36	15.4	44.75	30	41.33	26.64	9.18	17.91	26.11	17.91
ENSG00000153563:CD8A	0.39	0.71	0.25	0	0.44	0.28	0	0	0	0.06
ENSG00000153574:RPIA	22.65	30.56	71.01	54.37	20.77	9.63	2.92	6.47	88.77	154.16
ENSG00000153707:PTPRD	6.63	13.98	1.05	2.38	0.43	0.39	0.33	0.95	0.47	0.28
ENSG00000153714:LURAP1L	7.75	12.42	2.42	4.77	3.69	3.6	9.48	13.07	74.02	41.51
ENSG00000153721:CNKSR3	3.58	5.2	5.3	5.53	29.82	21.63	1.11	1.94	7.11	5.17
ENSG00000153767:GTF2E1	7.44	7.82	11.4	8.45	8.44	9.86	0.82	1.13	8.73	6.15
ENSG00000153789:CIBAR2	0.03	0.09	0.08	0	0	0	0	0	2.26	0.88
ENSG00000153790:SPMIP4	1.82	1.9	1.04	0.97	0.11	0.21	0.02	0.03	0.09	0.08
ENSG00000153802:TMPRSS11D	0	0	0.05	0.17	0	0.08	0	0	0.04	0
ENSG00000153814:JAZF1	7.12	13.91	9.76	10.21	6.67	5.98	1.15	2.24	2.58	3.85
ENSG00000153815:CMIP	33.34	48.23	46.25	33.08	16.64	11.37	2.4	8.5	21.64	11.46
ENSG00000153820:SPHKAP	0	0	0	0.04	0	0	0	0	0.53	0.2
ENSG00000153822:KCNJ16	0.1	0.43	0	3.72	7.45	2.89	0.02	0	1.77	2.62
ENSG00000153823:PID1	21.52	35.52	1.48	2.44	39.06	26.95	1.91	4.99	4.77	1.54
ENSG00000153827:TRIP12	100.87	101.03	262.26	185.56	110.43	115.3	15.63	34.01	62.39	16.67
ENSG00000153832:FBXO36	3.6	3.72	32.34	16.93	11.6	13.97	0.06	0.21	0.72	1.27
ENSG00000153885:KCTD15	5.61	8.86	28.13	14.06	23.59	23.25	1.16	3.92	11.03	6.96
ENSG00000153898:MCOLN2	1.5	1.36	0.28	4.44	1.11	0.98	10.94	13.75	1.52	2.62
ENSG00000153902:LGI4	1.15	4.07	0.22	1.25	1.1	0.74	0.11	0.42	0.82	1.66
ENSG00000153904:DDAH1	4.47	7.45	9.87	17.98	7.46	5.3	0.27	0.87	2.41	3.06
ENSG00000153922:CHD1	33.22	40.86	25.8	14.08	15.93	14.01	5.61	10.03	21.42	10.41
ENSG00000153930:ANKFN1	4.22	4.2	0.18	0.22	0.06	0	0	0	0.01	0.05
ENSG00000153933:DGKE	1.89	2.92	7.59	3.72	4.56	3.45	0.72	1.65	2.38	0.6
ENSG00000153936:HS2ST1	4.89	6.53	10.57	8.23	3.41	2.85	3	5.51	20.15	6.68
ENSG00000153944:MSI2	35.82	28.4	14.52	12.81	25.18	9.79	1.04	1.8	18.34	7.76
ENSG00000153956:CACNA2D1	1.01	2.4	2.63	2.05	1.76	1.78	1.12	2	3.7	0
ENSG00000153975:ZUP1	5.55	7.24	11.08	8.02	13.27	12.32	2.32	4.38	13.05	10.97
ENSG00000153989:NUS1	20.91	22.6	39.4	30.47	29.03	19.59	7.9	10.01	13.31	7.95
ENSG00000153993:SEMA3D	0.19	0.31	0.13	0.05	0.2	0	0.02	0.05	1.01	0.02
ENSG00000154001:PPP2R5E	16.77	22.24	29.21	21.53	24.85	19.28	4.1	7.8	36.3	6.7
ENSG00000154007:ASB17	0	0.06	1	0.25	0	0	0	0.02	0	0
ENSG00000154025:SLC5A10	0.06	0.33	0.1	0	0.08	0.08	0.15	0.14	0.55	1.69
ENSG00000154059:IMPACT	13.63	14.57	51.04	45.34	9.88	8.38	1.73	2.82	9.89	12.01
ENSG00000154065:ANKRD29	0.11	0.26	1.8	1.55	2.96	3.79	0.76	1.88	0.22	0
ENSG00000154080:CHST9	0	0.01	0.2	0	0.57	0.62	0.81	1.69	0	0
ENSG00000154096:THY1	18.76	43.03	4.99	3.21	41.89	38.79	0.16	0.45	28.28	68
ENSG00000154099:DNAAF1	1.87	4.85	0.48	0.46	3.12	0.4	0.03	0.09	3.02	2.15
ENSG00000154102:C16orf74	18.68	22.25	1.84	3.67	14.3	18.05	0.54	2.45	6.08	4.43
ENSG00000154114:TBCEL	8.35	8.67	8.04	13.61	6.99	5.5	1.16	1.86	6.57	1.12
ENSG00000154122:ANKH	13.76	16.97	62.52	47.38	77.56	115.23	1.21	3.18	39.55	24.08
ENSG00000154124:OTULIN	8.74	6.9	27.28	33.01	14.16	11.56	3.05	5.23	69.86	26.89
ENSG00000154127:UBASH3B	10.78	10.86	4.36	3.21	22.76	18.8	5.82	9.97	4	4.9
ENSG00000154133:ROBO4	22.52	33.45	14.78	14.48	23.34	35.69	1.02	3.12	7.74	9.88
ENSG00000154143:PANX3	0.17	0.45	0.04	0.22	0	0	0	0.03	0	0.06
ENSG00000154144:TBRG1	29.52	39.59	215.79	195.36	38.51	29.02	2.52	5.01	45.69	33.18
ENSG00000154146:NRGN	4.97	5.59	39.38	44.37	7.72	1.68	0.86	1.33	0.08	0.42
ENSG00000154153:RETREG1	4.96	10.23	76.65	121.65	12.54	6.36	7.55	11.32	15.86	0.74
ENSG00000154162:CDH12	0.36	0.23	0.01	0	0	0.02	0	0	0.09	0.02
ENSG00000154174:TOMM70	25.29	25.7	27.62	19.46	72.42	59.16	12.54	17.2	16.35	9.46
ENSG00000154175:ABI3BP	6.2	16.9	0.23	0.06	0.43	0.25	0.11	0.29	0.7	0.88
ENSG00000154188:ANGPT1	5.88	10.41	1.73	1.36	0.14	0.25	0.58	0.99	2.15	0.58
ENSG00000154222:CC2D1B	21.35	27.79	40.54	36.59	20.52	22.95	1.28	3.85	38.96	40.06
ENSG00000154227:CERS3	0.01	0.21	0.76	0.58	0.18	0.27	0.02	0.03	18.05	4.48
ENSG00000154237:LRRK1	10.51	20.3	10.38	9.84	13.69	10.54	2.04	5.23	5.45	1.98
ENSG00000154265:ABCA5	30.94	39.92	13.99	6.18	13.48	14.06	0.86	1.48	0.79	0.21
ENSG00000154269:ENPP3	0.11	0.27	2.89	8.37	1.49	1.02	0.14	0.23	74.13	27.83
ENSG00000154274:PGCKA1	50.33	55.13	0.75	1.01	18.79	18.6	0.3	1.52	10.86	7.62
ENSG00000154277:UCHL1	0.51	1.23	69.44	50.51	2.89	2.09	2.85	6.34	5.87	1.57
ENSG00000154309:DISP1	2.15	5.76	9.82	5.91	6.13	5.76	1.7	5.65	1.24	2.05
ENSG00000154310:TNIK	1.03	3.72	3.16	1.11	27.32	24.11	4.82	10.23	1.97	0.69
ENSG00000154319:FAM167A	9.15	5.22	20.87	7.34	27.04	26.85	0.49	1.07	0.93	0.79
ENSG00000154328:NEIL2	3.54	5.67	10.75	16.19	1.38	3.5	0.27	0.38	0.29	0.62
ENSG00000154330:PGM5	2.22	4.11	1.57	1.54	7.53	6.46	7.61	22.94	1.9	4.04
ENSG00000154342:WNT3A	9.46	8.25	0.05	0	2.88	1.79	0.04	0	0	0
ENSG00000154380:ENAH	9.47	19.04	39.48	21.3	203.93	224.15	3.22	7.02	13.05	0.74
ENSG00000154415:PPP1R3A	0	0	0.01	0	0	0	0.02	0.02	0	0
ENSG00000154438:ASZ1	0.02	0.2	1.32	0.47	1.26	7.57	1.42	2.63	0.18	0.2
ENSG00000154447:SH3RF1	6.06	6.77	5.16	5.6	22.18	28.09	2	6.16	36.83	4.18
ENSG00000154478:GPR26	0.03	0.05	0.08	0.12	0	0	0	0	0.11	0
ENSG00000154479:CFAP210	0.02	0.08	0.63	1.48	0.3	0.08	0.03	0.09	6.92	2.31
ENSG00000154493:C10orf90	3.33	3.06	5.02	2.99	0	0	1.12	3.37	1.4	1.02
ENSG00000154511:DIPK1A	21.89	15.01	23.68	21.96	20.15	23.27	1.43	2.11	1.03	0.55
ENSG00000154553:PDLIM3	7.49	23.06	15.27	7.41	0.17	0.27	0.3	1.6	81.08	34.11
ENSG00000154556:SORBS2	29.51	60.36	82.76	52.81	40.14	17.25	1.99	4.55	153.16	109.71
ENSG00000154582:ELOC	43.91	42.5	88.45	98.38	20.74	18.29	0.2	0.47	50.31	355.2
ENSG00000154611:PSMA8	0.16	0.11	0.46	0.97	0	0.11	0	0	0	0
ENSG00000154642:C21orf91	26.41	22.19	6.14	3.21	3.74	2.2	2.14	2.98	8.63	0.82
ENSG00000154645:CHODL	6.66	13.76	1.45	1.72	0	0.03	0.06	0.15	2.33	0.64
ENSG00000154646:TMPRSS15	0.06	0.08	0.01	0	0.08	0.06	0	0.01	0	0
ENSG00000154654:NCAM2	0.01	0.01	0	0	0.04	0.08	0	0.04	0.03	0
ENSG00000154678:PDE1C	1.19	5.15	0.48	0.36	0.43	0.36	0.06	0.18	1.48	1.07
ENSG00000154710:RABGEF1	16.16	17.66	54.67	37.3	37.04	30.11	3.1	6.37	37.34	11.54
ENSG00000154719:MRPL39	9.93	14.79	12.75	11.13	31.32	32.17	4.76	8.78	20.11	17.79
ENSG00000154723:ATP5PF	100.9	125.56	195.9	236.93	273.37	316.88	6.17	8.29	88.64	227.89
ENSG00000154727:GABPA	27.23	30.56	21.18	20.95	27.67	24.71	4.17	6.8	42.21	38.91
ENSG00000154734:ADAMTS1	18.02	93.1	53.2	68.52	42.22	34.28	6.77	21.77	136.32	19.7
ENSG00000154736:ADAMTS5	1.6	5.84	21.66	12.54	24.22	15.71	0.82	1.71	3.92	0.62
ENSG00000154764:WNT7A	0.83	7.07	0.46	0.12	9.65	8.91	0.58	1.52	3.1	0
ENSG00000154767:XPC	20.59	30.54	20.17	16.88	36.89	37.92	2.62	6.82	9.86	5.54
ENSG00000154781:CCDC174	15.24	20.26	15.18	17.08	32.58	26	0.85	1.54	58.48	5.13
ENSG00000154783:FGD5	10.97	15.42	12.52	12.89	13.59	14.81	2.23	5.9	15.2	3.66
ENSG00000154803:FLCN	25.57	42.06	31.35	35.1	33.82	34.35	2.05	10.09	27.46	23.1
ENSG00000154814:OXNAD1	2.66	4.41	13.59	13.3	12.27	11.54	3.3	7.04	8.43	13.33
ENSG00000154822:PLCL2	38.18	55.32	12.45	6.28	27.84	27.85	1.34	2.92	4.88	1.48
ENSG00000154832:CXXC1	56.99	86.06	28.91	22.9	37.73	39.12	3.73	9.79	65.22	84.23
ENSG00000154845:PPP4R1	58.96	62.89	51.17	42.69	71.96	56.55	5.71	13.91	16.23	6.61
ENSG00000154856:APCDD1	19.53	26.73	16.66	11.27	178.12	148.58	20.21	48.44	3.61	1.56
ENSG00000154864:PIEZO2	0	0.01	5.41	3.56	1.1	2.84	0.26	1.12	3.51	0.6
ENSG00000154889:MPPE1	16.79	22.27	10.24	10.5	44.09	53.36	0.21	0.26	4.18	3.06
ENSG00000154914:USP43	25.91	34.3	2.15	2.16	7.42	7.53	1.11	3.29	15.39	4.47
ENSG00000154917:RAB6B	12.79	13.33	32.31	21.47	0.42	0.37	0.53	1.15	6.49	0.58
ENSG00000154920:EME1	2.07	2.51	0.31	0.13	6.52	6.96	0.09	0.14	8.76	24.09
ENSG00000154928:EPHB1	0.04	0.15	0.1	0	0.26	0.18	0	0.01	0.58	0.71
ENSG00000154930:ACSS1	115.3	158.74	14.19	16.63	95.13	84.01	1.04	3.69	6.43	3.06
ENSG00000154945:ANKRD40	29.04	32.26	68.99	43.82	21.86	20.93	2.85	6.32	8.22	2.65
ENSG00000154957:ZNF18	2.61	3.12	10.44	8	3.74	3.69	0.67	1.44	1.79	2.34
ENSG00000154975:CA10	4.23	15.82	0.03	0.09	0	0	0.01	0	0	0
ENSG00000154978:VOPP1	7.09	12.49	17.19	14.2	28.18	47.12	0.25	0.87	61.16	141.85
ENSG00000154997:SEPTIN14	0.87	1.21	0.04	0.49	0.08	0.04	0.01	0.01	21.26	19.05
ENSG00000155008:APOOL	6.06	7.1	14.49	18.86	12.54	11.89	6.83	9.04	102.95	32.04
ENSG00000155011:DKK2	0.06	1.28	0.75	1.13	1.72	2.11	3.8	12.82	0.74	0.47
ENSG00000155016:CYP2U1	1.06	1.72	1.51	1.15	31.38	32.86	0.4	0.67	0.49	1.86
ENSG00000155034:FBXL18	3.89	5.3	8.12	5.58	7.15	5.19	0.64	2.42	0.77	1.65
ENSG00000155066:PROM2	28.35	30.67	2.42	2.81	7.51	7.59	12.18	37.56	14.44	64.1
ENSG00000155087:ODF1	0	0	0	0.16	0	0	0	0	0.04	0.13
ENSG00000155090:KLF10	53.9	57.59	38.75	26.65	87.89	81.92	9.76	18.96	22.38	21.13
ENSG00000155096:AZIN1	229.13	193.95	181.44	118.92	65.99	42.49	13.39	18.2	43.85	48.22
ENSG00000155099:PIP4P2	7.87	8.18	11.56	16.35	0.47	0.55	0.06	0.1	0.41	0.4
ENSG00000155111:CDK19	16.28	18.28	24.18	11.34	12.27	11.68	1.44	3.06	8.24	0.78
ENSG00000155115:GTF3C6	24.27	28.8	28.15	37.05	10.02	10.05	2.91	5.73	63.75	9.58
ENSG00000155158:TTC39B	1.86	1.31	5.79	3.51	15.04	15.34	0.64	1.39	13.07	4.38
ENSG00000155189:AGPAT5	36.64	25.1	15.02	31.82	32.51	29	3.9	5.37	26.21	2.29
ENSG00000155229:MMS19	29.07	39.99	34.21	23.73	14.05	14.76	1.78	4.55	8.34	17.61
ENSG00000155252:PI4K2A	10.92	13.99	32.71	37.12	19.13	14.83	4.27	10.37	12.31	14.48
ENSG00000155254:MARVELD1	17.31	23.77	19.02	17.25	59.2	43.65	2.26	7.22	1.9	1.01
ENSG00000155256:ZFYVE27	20.07	23.59	35.51	27.63	38.79	39.61	7.74	18.69	76.27	61.46
ENSG00000155265:GOLGA7B	0.19	0.27	10.2	6.07	0.04	0.38	0.01	0.06	0.19	0
ENSG00000155287:SLC25A28	30.23	49.45	26.9	26.87	46.07	44.78	2.76	5.3	33.07	44.64
ENSG00000155307:SAMSN1	1.44	6.33	0.47	0.52	25.17	10.43	1.01	1.1	0.31	0.17
ENSG00000155313:USP25	40.29	44.79	25.82	20.62	15.66	10.59	2.22	4.04	32.68	29.71
ENSG00000155324:GRAMD2B	82.42	69.25	29.01	15.85	23.15	21.82	12.26	20.71	2.26	2.78
ENSG00000155329:ZCCHC10	17.28	19.76	7.58	7.36	12.61	10.32	1.89	3.1	20.83	8.92
ENSG00000155330:C16orf87	5.77	5.76	20.41	17.13	39.25	40	2.01	2.96	7.51	2.46
ENSG00000155363:MOV10	26.46	43.97	31.56	38.32	63.96	74.13	2.8	6.56	31.84	46.71
ENSG00000155366:RHOC	126.02	181.44	339.78	243.18	70.2	71.67	54.19	96.85	161.44	168.25
ENSG00000155368:DBI	69.13	98.56	322.69	444.47	825.77	972.67	6.52	8.95	1550.86	462.94
ENSG00000155393:HEATR3	6.51	10.91	14.22	10.82	45.02	35.94	1.46	2.93	22.32	8.49
ENSG00000155463:OXA1L	41.8	56.68	28.24	22.29	42.02	38.42	7.6	15.74	23.85	62.18
ENSG00000155506:LARP1	47.23	57.99	40.8	25.38	57.52	31.15	5.89	19.53	39.63	6.79
ENSG00000155508:CNOT8	27.99	35.64	55.64	45.72	26.57	22	5.02	9.5	24.95	11.59
ENSG00000155511:GRIA1	0	0.03	0.01	0.03	0	0.05	0	0.01	0.3	0.07
ENSG00000155530:LRGUK	0.39	0.32	0.27	0.13	0	0	0.04	0.04	1.07	0.25
ENSG00000155545:MIER3	16.85	16.97	27.61	11.59	24.29	17.45	5.76	8.41	8.67	3.06
ENSG00000155561:NUP205	17.67	24.55	14.34	9.73	7.13	6.65	2.09	3.71	8.22	2.28
ENSG00000155592:ZKSCAN2	2.35	2.65	0.36	0.37	0.32	0.15	0.07	0.1	1.47	0.92
ENSG00000155629:PIK3AP1	21.6	25.61	5.01	3	5.68	3.55	0.86	1.66	2.87	3.93
ENSG00000155636:RBM45	2.11	3.24	16.2	14.28	35.74	34.47	1.44	2.94	20.34	33.13
ENSG00000155659:VSIG4	27.69	62.62	0.35	0	11.34	7.15	5.84	8	1.47	7.46
ENSG00000155660:PDIA4	63.59	60.42	185.16	182.58	164.09	167.19	32.74	71.72	269.15	111.02
ENSG00000155666:KDM8	1.62	2.81	3.22	2.84	1.03	0.71	0.53	1.7	3.63	5.98
ENSG00000155714:PDZD9	0	0.3	0.35	0	0.57	0.56	0.19	0.44	0.07	0.19
ENSG00000155719:OTOA	0.04	0.07	0.42	0.3	0.32	0.22	0	0.03	0.17	0.1
ENSG00000155744:HYCC2	10.36	10.76	5.23	4.62	22.08	22.04	3.55	5.58	2.48	0.7
ENSG00000155749:FLACC1	0.65	1.13	0	1.44	0	0	0.1	0.1	0.18	0.17
ENSG00000155755:TMEM237	7.49	8.52	11.95	10	2.46	3.19	4.99	7.43	21.23	25.3
ENSG00000155760:FZD7	5.23	4.92	18.45	7.99	5.97	3.64	2.87	8.89	2.02	0.95
ENSG00000155761:SPAG17	0.32	0.76	0	0.01	0.07	0.03	0.09	0.08	0.83	0.09
ENSG00000155792:DEPTOR	0.89	2.02	2.16	3.73	4.65	5.74	0.53	1.62	17	3.17
ENSG00000155827:RNF20	12.83	14.95	39.44	21.79	33.76	32	3.97	8.04	37.4	6.29
ENSG00000155846:PPARGC1B	1.71	2.33	2.01	1.02	4.78	5.02	1.48	6.35	0.62	0.17
ENSG00000155849:ELMO1	41.25	36.87	8.21	6.5	4.17	4.26	0.54	1.24	5.85	2.13
ENSG00000155850:SLC26A2	30.93	43.08	18.18	15.63	70.49	80.68	7.82	29.95	0.43	0.4
ENSG00000155858:LSM11	1.87	1.58	3.23	2.19	2.24	1.32	0.72	1.43	1.27	2.64
ENSG00000155868:MED7	10.03	13.75	44.35	36.53	25.09	24.96	4.94	8.23	19.96	15.2
ENSG00000155886:SLC24A2	0.05	0.06	0	0	0.12	0	0	0.02	1.34	0.03
ENSG00000155890:TRIM42	0	0	0	0	0	0	0.02	0.02	0.03	0
ENSG00000155893:PXYLP1	10.76	10.25	2.33	2.75	14.81	12.96	0.37	0.55	3.25	14.12
ENSG00000155897:ADCY8	0	0	0.03	0	0.11	0.23	0.03	0.3	0.13	0.1
ENSG00000155903:RASA2	10.07	14.48	22.85	13.13	8.87	6.87	2.91	4.06	2.16	4.18
ENSG00000155906:RMND1	12.15	15.38	29.41	27.26	3.12	2.64	1.68	3.71	15.5	23.18
ENSG00000155926:SLA	3.14	6.17	1.32	1.36	1.51	1.17	1.11	2.61	0.31	0.25
ENSG00000155957:TMBIM4	70.63	60.37	113.27	106.07	364.25	447.51	13.85	23.07	17.84	31.71
ENSG00000155961:RAB39B	0.12	0.12	0.31	0.37	0.09	0.08	0	0.03	2.32	0.71
ENSG00000155966:AFF2	9	8.91	2.87	2.39	0.61	0.31	0.05	0.08	0.09	0.02
ENSG00000155970:MICU3	54.71	40.83	3.56	2.3	3.97	2.84	0.64	1.08	2.52	0.74
ENSG00000155975:VPS37A	40.95	47.53	43.6	28.4	8.07	8.05	2.77	4.21	254.69	66.26
ENSG00000156011:PSD3	4.82	6.27	9.86	8.79	32.58	39.21	1.49	3.34	1.86	0.36
ENSG00000156017:CARNMT1	4.19	4.51	15.52	10.5	6.43	5.83	2.19	3.99	2.2	0.64
ENSG00000156026:MCU	9.21	17.93	22.05	17.68	30.3	24.86	2.91	6.08	22.99	6.62
ENSG00000156030:MIDEAS	14.3	29.97	23.66	11.93	33.04	17.93	1.3	5.42	5.5	1.1
ENSG00000156042:CFAP70	1.21	2.13	0.27	1.16	0.43	0.18	0.72	1.94	7.19	1.71
ENSG00000156049:GNA14	3.9	5.54	12.71	10.74	56.16	49.55	3.8	9.14	0.23	0.79
ENSG00000156050:FAM161B	1.63	1.72	2.57	2.35	1.23	0.71	0.32	0.49	8.79	0.72
ENSG00000156103:MMP16	0.24	0.66	0.38	0.12	0.61	0.3	0.19	0.31	6.04	3.08
ENSG00000156110:ADK	32.1	27.51	15.1	16.86	26.2	29.11	3.79	4.81	135.62	35.61
ENSG00000156127:BATF	1.59	2.72	0.66	1.58	5.47	4.86	0.24	0.69	1.94	0.81
ENSG00000156140:ADAMTS3	2.65	3.36	1.86	2.74	22.37	13.21	0.49	0.54	104.76	11.64
ENSG00000156150:ALX3	0	0	0.13	0	0.55	0.61	0.19	1.02	0	0
ENSG00000156162:DPY19L4	15.33	12.86	11.74	6.88	14.21	10.87	3.81	6.31	18.95	4.41
ENSG00000156194:PPEF2	0.08	0.08	0.99	1.62	0.22	0.16	0.02	0.02	0	0
ENSG00000156206:CFAP161	0.53	0.58	0.21	0.9	5.89	2.54	0	0	1.01	0.93
ENSG00000156218:ADAMTSL3	9.25	11.38	0.15	0.14	0.01	0.06	0.07	0.29	8.01	2.82
ENSG00000156219:ART3	0.23	0.1	2.87	2.22	0.75	0.29	0.1	0.14	0.34	0.05
ENSG00000156222:SLC28A1	1.2	0.73	0.13	0.55	0.59	0.23	0.02	0.08	0.96	0.39
ENSG00000156232:WHAMM	7.94	7.61	21.17	15.82	14.34	13.54	0.91	2.18	4.52	1.9
ENSG00000156234:CXCL13	0.04	0.05	0.48	0.37	0.34	0	0.01	0.02	0.09	0
ENSG00000156239:HEMK2	3.21	5.16	10.59	10.07	2.18	2.53	0.78	1.14	1.55	1.95
ENSG00000156253:RWDD2B	7.37	10.71	3.28	4.62	8.19	7.9	0.58	1.37	6.67	15.01
ENSG00000156273:BACH1	17.92	25.48	29.53	21.39	13.94	10.27	8.49	12.85	8.29	1.67
ENSG00000156282:CLDN17	0.04	0	0	0	2.51	1.35	0	0.03	0	0.12
ENSG00000156298:TSPAN7	7.44	19.45	20.59	25.96	44.86	47.53	1.23	3.62	15.21	14.96
ENSG00000156304:SCAF4	26.39	31.7	33.94	20.62	19.64	17.32	1.23	3.79	25.86	10.12
ENSG00000156313:RPGR	6.6	10.36	4.13	2.25	2.03	2.34	0.91	1.48	12.19	1.42
ENSG00000156374:PCGF6	4.14	5.35	12.31	17.91	44.06	11.3	0.77	1.18	4.45	7.65
ENSG00000156381:ANKRD9	22.34	35.94	6.38	4.59	11.79	8.82	1.08	3.22	5.09	14.49
ENSG00000156384:SFR1	3.37	2.68	67.14	47.38	2.76	2.21	0.13	0.12	1.63	2.77
ENSG00000156395:SORCS3	0	0	0	0	0	0	0.02	0.02	0.5	0.51
ENSG00000156398:SFXN2	4.8	5.87	4.1	2.45	4.39	3.46	0.26	0.37	3.9	3.7
ENSG00000156411:ATP5MJ	88.61	97.7	142.94	202.78	479.11	533.79	0	0	29.61	83.77
ENSG00000156414:TDRD9	0.23	0.93	0.38	0.25	0.82	0.78	0.3	1	0.69	0.58
ENSG00000156427:FGF18	0.19	0.62	0.73	1.34	2.21	1.35	0	0	9.68	9.42
ENSG00000156453:PCDH1	60.69	76.46	23.46	25.37	105.79	92.01	1.8	6.36	19.28	9.08
ENSG00000156463:SH3RF2	0.01	0.21	3.81	3.5	15.31	3.18	0.31	0.86	1.05	0.13
ENSG00000156466:GDF6	0.54	2.67	0.52	0.77	33.87	37.83	8.56	24.68	0.15	0.12
ENSG00000156469:MTERF3	12.16	13.46	31.75	26.78	23.91	20.65	3.52	4.74	14.83	12.44
ENSG00000156471:PTDSS1	41.89	48.59	31.94	27.17	163.48	134.69	5.62	12.49	7.16	8.36
ENSG00000156475:PPP2R2B	2.71	4.5	0.23	0.04	0.23	0.22	0.01	0.08	19.97	10.17
ENSG00000156486:KCNS2	0.16	0.57	0.06	0	0.24	0.41	0.04	0.6	0	0.05
ENSG00000156502:SUPV3L1	16.02	17.46	12.62	10.37	10.9	11.65	0.62	1.14	7.88	7.62
ENSG00000156504:PABIR2	27.96	27.15	43.34	21.92	699.11	870.24	18.22	49.29	10.17	5.29
ENSG00000156509:FBXO43	0.42	0.47	0.06	0.07	0.05	0.1	0	0.03	0	0
ENSG00000156510:HKDC1	0	0	4.94	30.4	96.16	114.96	0.04	0.13	51.51	36.39
ENSG00000156515:HK1	36.31	41.03	110.81	52.02	179.09	144.18	15.15	35.98	26.1	13.77
ENSG00000156521:TYSND1	3.67	6.06	11.01	14.25	9.14	6.77	1.43	4.66	2.74	25
ENSG00000156531:PHF6	5.27	5.87	4.35	2.11	15.83	20.51	2.33	4.07	49.47	4.8
ENSG00000156535:CD109	1.69	3.97	35.39	37.07	4.3	4.52	1.56	3.04	16.12	6.16
ENSG00000156564:LRFN2	0	0	0.01	0	0.03	0	0	0	0	0
ENSG00000156574:NODAL	0.27	0.49	0.11	0	0.28	0.24	0.01	0.01	0	0.07
ENSG00000156587:UBE2L6	16.13	22.31	39.97	37.26	25.4	32.58	1.56	2.35	2.42	4.37
ENSG00000156599:ZDHHC5	43.69	40.64	64.85	35.91	67.56	58.19	4.79	9.38	14.68	25.96
ENSG00000156639:ZFAND3	81.38	71.62	157.53	117.62	36.75	33.63	2.91	7.24	26.8	9.76
ENSG00000156642:NPTN	65.52	82.5	121.7	77.25	151.24	117.81	12.31	24.08	63.68	104.98
ENSG00000156650:KAT6B	7.69	10.96	9.82	5.84	13.96	11.57	2.21	5.09	4.67	0.68
ENSG00000156671:SAMD8	10.73	12.2	35.91	24.55	7.11	5.11	6.53	8.07	8.56	2.65
ENSG00000156675:RAB11FIP1	16.76	24.32	34.64	18.56	87.61	84.09	12.66	25.69	10.35	1.97
ENSG00000156687:UNC5D	0	0	0	0	0	0	0.13	0.28	0.31	0.12
ENSG00000156709:AIFM1	13.21	17.4	18.92	22.05	72.54	100.89	6.71	10.81	52.88	32.4
ENSG00000156711:MAPK13	15.77	11.74	21.92	44.22	38.84	30.62	1.8	2.76	14.13	17.97
ENSG00000156738:MS4A1	0.99	0.98	0.59	0.13	0.04	0.11	0.01	0.04	0	0.06
ENSG00000156787:TBC1D31	1.02	1.64	2.03	3.59	17.43	15.4	1.13	2.05	4.73	3.75
ENSG00000156795:NTAQ1	5.8	3.26	46.28	29.26	136	135.95	0.1	0	3.67	11.58
ENSG00000156802:ATAD2	4.12	3.35	4.63	4.09	39.97	39.75	0.74	1.69	3.29	0.45
ENSG00000156804:FBXO32	13.99	16.29	47.09	22.73	34.63	29.27	4.7	10.06	24.17	6.29
ENSG00000156831:NSMCE2	14.48	15.41	19.75	22.88	47.53	49.48	2.14	2.98	86.28	58.25
ENSG00000156858:PRR14	26.78	38.11	46.64	40.53	20.26	20.02	1.41	5.7	20.95	37.1
ENSG00000156860:FBRS	79.19	108.1	75.23	49.77	30.42	27.97	1.21	6.56	8.42	33.95
ENSG00000156869:FRRS1	4.18	5.15	9.58	10.09	6.47	9.61	6.35	6.78	0.99	0.34
ENSG00000156873:PHKG2	18.89	25.96	34.13	40.79	35.09	32.42	1.84	5.16	24.03	58.8
ENSG00000156875:MFSD14A	35.56	36.87	30.77	23.5	81	81.9	7.28	12.14	35.45	38.18
ENSG00000156876:SASS6	3.13	3.52	2.1	1.85	9.66	9.28	0.46	0.67	2.7	0.36
ENSG00000156885:COX6A2	0	0	0	0	0	0	1.59	4.58	3.6	17
ENSG00000156886:ITGAD	0.05	0.23	0.12	0.04	0.04	0	0.01	0.03	0.11	0.07
ENSG00000156925:ZIC3	0	0	4.74	3.99	0	0	0	0.01	0	0.02
ENSG00000156928:MALSU1	19.51	23.25	18.86	19.08	10.69	8.25	3.69	4.64	9.32	16.45
ENSG00000156931:VPS8	20.1	32.97	21.35	20.27	8.22	7.4	2.75	5.1	8.27	6.38
ENSG00000156958:GALK2	13.05	13.91	18.63	28.52	18.01	20.64	5.59	9.66	43.41	36.84
ENSG00000156959:LHFPL4	0	0.01	0.75	0.57	0.13	0.13	0.11	0.1	0	0
ENSG00000156966:B3GNT7	1.93	3.92	97.76	48.79	20.94	10.68	2.78	5.16	16.47	57.92
ENSG00000156968:MPV17L	8.26	16.21	4.45	3.72	0.32	0.17	0.03	0.04	0.9	1.43
ENSG00000156970:BUB1B	5.37	3.17	2.05	1.04	7.78	7.33	0.21	0.34	1.2	3.2
ENSG00000156973:PDE6D	19.72	25.35	23.55	29.51	77.55	51	1.98	3.53	14.55	33.17
ENSG00000156983:BRPF1	6.97	8.11	31.28	18.95	18.04	17.54	2.02	5.66	18.57	18.16
ENSG00000156990:RPUSD3	5.75	12.42	8.15	10.31	74.98	81	0.61	1.77	9.37	14.89
ENSG00000157005:SST	0	0	0	0	0	0	0	0	0	0.08
ENSG00000157014:TATDN2	7.97	12.3	78.15	42.65	11.67	10.35	1.11	3.28	8.41	11.5
ENSG00000157017:GHRL	0.12	1.6	3.95	0.4	0.69	1.02	0.05	0	0.06	0.24
ENSG00000157020:SEC13	82.38	88.75	87.71	77.98	84.46	74.34	8.1	23.75	119.53	130.11
ENSG00000157045:NTAN1	17.62	26.21	79.01	84.68	126.09	114.9	10.81	21.34	15.08	34.18
ENSG00000157060:SHCBP1L	0	0.03	0.24	4.14	0.32	0.75	0.05	0.16	0.1	0.06
ENSG00000157064:NMNAT2	3.71	2.89	1.77	1.31	2.2	1.21	0.15	0.47	0	0.04
ENSG00000157077:ZFYVE9	4.23	8.68	9.3	8.11	10.81	10.12	4.71	9.3	6.52	8.21
ENSG00000157087:ATP2B2	0.02	0.01	0.03	0	11.3	2.82	0.14	0.38	97.52	6.33
ENSG00000157103:SLC6A1	0.34	1.39	0.1	0.07	0.12	0.02	0.05	0	0	0
ENSG00000157106:SMG1	37.28	49.61	53.65	26.6	18.76	16.47	13.53	26.8	13.68	3.75
ENSG00000157107:FCHO2	15.22	17.35	58.13	34.45	42.07	40.55	3.89	7.9	17.1	2.27
ENSG00000157110:RBPMS	60.58	115.7	96.94	110.8	62.31	41.87	5.06	18.03	10.21	34.87
ENSG00000157111:TMEM171	0	0.4	0.48	0.15	5.51	0.93	0	0	1.98	2.67
ENSG00000157119:KLHL40	0	0	1.24	0.4	0.72	0.48	0.01	0.01	0	0.07
ENSG00000157131:C8A	0	0	0.08	0	0	0	0	0	0.05	0
ENSG00000157152:SYN2	2.71	3.61	1.47	1.12	1.56	1.64	0.19	0.85	0.03	0.03
ENSG00000157168:NRG1	0.15	0.39	8.69	5.01	1.56	1.76	0.15	0.3	0.36	0.8
ENSG00000157181:ODR4	13.36	18.27	33.79	24.61	26.96	28.76	2.98	5.74	26.04	5.39
ENSG00000157184:CPT2	18.79	18.64	25.15	23.5	27.03	23.09	2.1	6	22.55	39.26
ENSG00000157191:NECAP2	27.96	39.27	64.35	64.84	63.56	53.84	7.88	15.67	22.91	26.61
ENSG00000157193:LRP8	19.91	15.19	84.51	27.9	11.82	8.25	0.09	0.17	29.3	7.47
ENSG00000157211:CDCP2	0	0	0.03	0	0	0	0.01	0.04	0.02	0
ENSG00000157212:PAXIP1	10.47	12.05	10.73	15.75	11.76	9.39	0.75	2.43	6.1	5.36
ENSG00000157214:STEAP2	0.22	0.45	4.74	8.05	15.19	11.94	0.01	0.02	0.12	0.11
ENSG00000157227:MMP14	94.43	89.93	184.84	196.55	134.47	116.14	12.18	27.73	54.16	46.69
ENSG00000157240:FZD1	8.75	8.74	24.62	21.6	10.77	10.15	1.05	3.11	3.57	2.63
ENSG00000157259:GATAD1	32.49	36.25	74.84	69.59	5.63	5.55	2.2	3.56	22.09	11.7
ENSG00000157315:TMED6	0.49	1.13	0.43	3.84	7.66	1.66	0	0	1.05	5.39
ENSG00000157330:CFAP107	0.03	0.13	0	0	0.11	0	0	0	0	0
ENSG00000157343:ARMC12	0	0.23	0.15	0.16	1.04	0.49	0.02	0.05	0.13	0.08
ENSG00000157349:DDX19B	15.82	11.2	4.65	3.91	18.83	13.1	1.57	3.35	110.89	24.03
ENSG00000157350:ST3GAL2	4.63	8.51	13.48	11.82	5.64	9.33	2.06	7.3	2.86	4.31
ENSG00000157353:FCSK	9.13	13.4	6.75	5.54	15.01	13.5	1.69	4.6	4.75	6.51
ENSG00000157368:IL34	0.22	0.17	16.72	17.7	3.53	3.96	0.03	0.22	40.55	11.07
ENSG00000157379:DHRS1	10.05	18.87	54.96	46.86	30.74	26.58	2.48	5.52	31.25	42.45
ENSG00000157388:CACNA1D	3.9	5.14	2.32	2.65	1	0.65	0.47	1.32	1.26	0.31
ENSG00000157404:KIT	3.11	5.25	145.32	69.82	2.89	3.89	6.29	9.16	0.27	0.29
ENSG00000157423:HYDIN	0.17	0.31	0.05	0.01	0.56	1.03	0.07	0.14	0.95	0.39
ENSG00000157426:AASDH	6.31	7.8	12.94	8.22	4.38	4.89	1.25	2.27	5.71	6.48
ENSG00000157445:CACNA2D3	2.14	3.25	7.37	2.28	2.79	2.84	0.03	0.01	0	0.04
ENSG00000157450:RNF111	26.87	32.77	32.49	19.3	12.61	12.45	2.9	5	5.04	1.06
ENSG00000157456:CCNB2	10.01	7.83	1.81	0.97	17.47	12.66	0.19	0.44	2.11	4.28
ENSG00000157470:FAM81A	0.32	0.49	0.74	0.38	4.51	1.79	0.21	0.36	2.12	0.46
ENSG00000157483:MYO1E	43.55	35.78	54.25	29.14	143.29	113.46	12.46	22.07	12.74	7.34
ENSG00000157500:APPL1	8.38	11.21	21.04	11.13	43.52	39.43	4.78	7.61	22.97	4.91
ENSG00000157510:AFAP1L1	17.8	23.73	39.74	26.05	1.52	2.67	1.01	1.9	5.69	1.32
ENSG00000157514:TSC22D3	21.2	57.83	238.51	166.34	236.45	246.86	0.92	3.57	1.19	1.14
ENSG00000157538:VPS26C	27.56	34.75	44.33	36.84	44.88	54.08	3.31	6.49	25.65	23.12
ENSG00000157540:DYRK1A	49.9	53.83	41.52	23.43	44.22	38.67	5.7	10.92	15.71	3.74
ENSG00000157542:KCNJ6	0.43	0.16	0	0	0	0	0	0	0.04	0.12
ENSG00000157551:KCNJ15	1.62	2.87	11.01	17.46	4.62	3.23	1.14	3.86	0.35	0.82
ENSG00000157554:ERG	14.6	21.28	9.75	7.45	13.64	17.59	3.67	7.39	9.99	5.19
ENSG00000157557:ETS2	19.22	39.85	157.57	85.44	130.02	84.97	6.28	16.76	53.01	22.47
ENSG00000157570:TSPAN18	16.41	22.44	20.92	11.57	15.09	11.21	0.17	0.73	2.73	2.31
ENSG00000157578:LCA5L	2.35	3.29	1.2	0.67	0	0.06	0.13	0.05	1.88	1.73
ENSG00000157593:SLC35B2	11.25	14.24	42.4	36.8	51.46	45.85	2.51	4.05	17.63	42.79
ENSG00000157600:TMEM164	10.13	13.94	19.97	11.12	6.81	3.87	9.81	22.22	3.76	7.88
ENSG00000157613:CREB3L1	2.17	12.66	89.7	44.69	7.35	7.04	0.4	1.77	21.61	34.47
ENSG00000157625:TAB3	36.44	53.06	20.04	8.56	12.52	10.1	0.93	1.58	6.13	0.87
ENSG00000157637:SLC38A10	47.83	58.32	81.66	51.77	39.15	39.66	3.13	12.21	66.65	18.73
ENSG00000157657:ZNF618	0.66	1.64	0.33	1.27	2	1.17	0.06	0.26	9.04	2.39
ENSG00000157680:DGKI	1.27	3.82	0.03	0	0.12	0.11	0.04	0.09	0.8	0.24
ENSG00000157693:TMEM268	7.74	9.65	3.63	10.02	45.06	42.63	0.97	3.15	4.78	3.5
ENSG00000157734:SNX22	1.81	2.25	2.66	2.55	82.53	77.3	0.15	0.23	1.79	4.8
ENSG00000157741:UBN2	6.55	7.39	12.44	7.83	2.87	2.59	1.02	2.48	2.32	0.08
ENSG00000157764:BRAF	16.11	15.2	25.16	11.43	10.17	10.78	3.15	7.08	2.21	0.88
ENSG00000157766:ACAN	0.75	0.56	0.23	0.28	1.46	1.88	0.01	0.15	0.07	0.03
ENSG00000157778:PSMG3	12.4	17.46	17.98	15.92	48.09	50.61	4.28	7.72	0.88	5.61
ENSG00000157782:CABP1	0.22	0.62	2.23	1.87	1.28	1.1	1.25	2.51	1.62	0.35
ENSG00000157796:WDR19	6.3	10.6	5.33	5.3	9.79	10.9	1.14	2.09	1.31	0.32
ENSG00000157823:AP3S2	24.35	24.13	11.5	10.19	28.59	30.96	3.25	5.69	15.12	14.09
ENSG00000157827:FMNL2	32.64	57.69	12.3	25.78	53.6	34.15	4.62	9.08	1.6	0.24
ENSG00000157833:GAREM2	0.36	0.36	0	0	1.31	1.07	0.05	0.7	0.23	0.24
ENSG00000157837:SPPL3	91.16	95.95	81.23	52.45	39.72	33.9	2.41	6.73	18.3	52.62
ENSG00000157851:DPYSL5	0.03	0.03	0.29	0.77	0.5	0.15	0.03	0.22	7.69	5.73
ENSG00000157856:DRC1	0.1	0	0.47	0.64	0.44	0.29	0.65	0.65	1.43	1.05
ENSG00000157870:PRXL2B	7.25	9.58	3.92	3.76	32.41	30.15	0.34	0.6	3.1	5.05
ENSG00000157881:PANK4	17.12	21.03	12.38	12.21	13.26	13.71	0.82	2.39	11.42	14.85
ENSG00000157884:CIB4	0.1	0	0.29	0	0	0	0	0	0	0.16
ENSG00000157890:MEGF11	0.29	0.28	14.13	7.09	0.08	0.08	0.09	0.09	0.45	0.25
ENSG00000157895:C12orf43	7.77	9.35	12.46	30.79	8.48	9.71	0.87	1.74	2.15	6.64
ENSG00000157911:PEX10	10.18	11.32	6.19	3.53	19.53	22.51	2.14	5.5	2.41	9.08
ENSG00000157916:RER1	101.18	118.86	115.09	102.96	100.03	94.47	15.36	29	83.39	111.41
ENSG00000157927:RADIL	1.77	2.68	1.96	1.01	0.07	0.04	0.02	0.01	5.38	0.95
ENSG00000157933:SKI	16.12	21.51	61.2	49.88	53.24	37.34	4.44	12.74	12.67	2.06
ENSG00000157978:LDLRAP1	33.89	42.62	65.92	28.92	45.13	41.86	0.93	2.38	4.98	5.98
ENSG00000157985:AGAP1	14.18	15.2	18.83	9.93	15.35	11.35	2.62	10.35	15.75	10.76
ENSG00000157992:KRTCAP3	2.46	2.72	17.33	16.5	51.54	38.44	0.99	2.16	47.11	57.82
ENSG00000157999:ANKRD61	0.95	1.41	0.77	0.28	1.88	1.02	0.09	0.33	0.45	0.18
ENSG00000158006:PAFAH2	32.34	42.01	13.11	15.6	19.7	15.18	3.13	5.92	17.97	10.94
ENSG00000158008:EXTL1	6.49	4.34	16.22	6.91	0.19	0.42	0.06	0.13	0.55	0.78
ENSG00000158019:BABAM2	14.69	15.64	28.3	24.36	20.22	20.21	6.37	12.98	5.41	19.35
ENSG00000158022:TRIM63	0.28	1.11	2.48	6.48	0.05	0.15	0.24	0.51	10.81	7.83
ENSG00000158050:DUSP2	0.07	0.18	2.83	2.36	1.29	0.89	1.18	3.57	0.18	1.25
ENSG00000158055:GRHL3	1.87	1.82	0.41	0.17	7.32	4.07	0.49	1.5	3.33	1.32
ENSG00000158062:UBXN11	4.72	8.92	2.06	0.73	4.85	3.34	0.16	0.09	20.46	65.83
ENSG00000158079:PTPDC1	1.23	1.69	6.79	3.39	1.07	0.98	0.63	1.22	0.67	0.43
ENSG00000158089:GALNT14	0.31	0.04	0.25	0.13	0.52	0	0.01	0	0.04	0.03
ENSG00000158092:NCK1	28.98	36.69	35.1	26.25	45.26	27.82	5.6	8.85	18.83	4.24
ENSG00000158104:HPD	0.18	0.39	0	0.45	30.12	31.43	0	0	4.19	42.24
ENSG00000158106:RHPN1	0.78	1.5	5.82	8.42	1.85	2.15	0.05	0.85	19.31	24.76
ENSG00000158109:TPRG1L	14.46	16.91	108.57	110.1	160.25	140.19	3.69	7.5	59.71	27.43
ENSG00000158113:LRRC43	0.94	0.46	0	0	0	0	0	0	0.55	0.26
ENSG00000158122:PRXL2C	3.92	5.75	27.51	24.42	12.57	14.21	0.52	0.95	24.71	10.2
ENSG00000158125:XDH	3.36	1.95	60	48.03	78.29	50.89	0	0.01	10.47	6.28
ENSG00000158156:XKR8	7.38	8.97	1.49	0.77	5.01	4.58	1.05	1.45	1.08	4.27
ENSG00000158158:CNNM4	6.63	10.41	6.31	3.68	12.44	13.93	1.55	3.94	11.62	2.12
ENSG00000158161:EYA3	8.42	8.62	36.06	25.31	18.8	17.24	2.56	4.86	12.64	3.95
ENSG00000158163:DZIP1L	0.78	1.45	2.34	1.58	2.2	1.53	0.66	2.76	3.93	6.22
ENSG00000158169:FANCC	2.73	3.87	11.46	7.4	7.41	6.91	0.1	0.14	0.13	0.05
ENSG00000158186:MRAS	6.77	11.69	33.51	38.66	29.6	40.64	0.72	1.78	1.24	0.36
ENSG00000158195:WASF2	35.71	56.74	70.63	40.85	87.13	78.78	4.42	12.69	26.28	11.91
ENSG00000158201:ABHD3	10.68	17.24	11.21	6.23	27.9	28.86	3.73	5.77	11.21	23.15
ENSG00000158220:ESYT3	0.36	0.74	1	2.95	9.01	7.57	0.36	0.81	3.66	0.92
ENSG00000158246:TENT5B	1.24	3.71	5.41	7.87	12.3	8.74	0.3	1.8	45.05	24.9
ENSG00000158258:CLSTN2	0.38	0.58	0.45	0.43	0.19	0.16	0.04	0.56	0.11	0.03
ENSG00000158270:COLEC12	64.92	65.94	69.56	33.26	8.91	7.72	3.05	6.6	15.78	5.12
ENSG00000158286:RNF207	21.55	29.78	0.94	2.43	11.28	7.05	0	0	0.62	0.14
ENSG00000158292:GPR153	1.89	6.42	9.54	6.32	35.53	33.04	1.66	4.89	0.4	0.29
ENSG00000158296:SLC13A3	30.54	24.41	0.47	26.59	0.69	0.31	3.78	9.28	2.82	2.93
ENSG00000158315:RHBDL2	1	0.7	4.14	2.64	18.31	12.13	2.69	2.56	0	0
ENSG00000158321:AUTS2	10.96	16.74	12.04	4.84	5.51	2.71	0.12	0.26	1.69	1.19
ENSG00000158352:SHROOM4	8.05	10.12	99.33	29.26	7.83	7.94	1.7	3.44	6.29	6.23
ENSG00000158402:CDC25C	1.38	0.82	0.71	0.77	2.35	2.07	0.38	1.17	0.61	0.21
ENSG00000158411:MITD1	23.61	36.82	22.76	20.95	10.67	10.02	1.31	1.15	21.08	26.67
ENSG00000158417:EIF5B	28.18	30.6	58.72	44.23	163.61	149.22	4.14	8.13	87.8	24.31
ENSG00000158423:RIBC1	0.95	0.77	1.77	3.43	1.28	1.41	0.16	0.07	10.09	15.82
ENSG00000158428:CATIP	8.35	12.12	0.49	0.04	0	0	0.01	0.02	2.95	2.92
ENSG00000158435:CNOT11	53.91	58.97	21.85	25.02	28.93	24.42	3.04	5.41	11.16	5.41
ENSG00000158445:KCNB1	0.37	0.46	3.54	3.49	0.79	0.12	0	0.05	0.13	0.05
ENSG00000158457:TSPAN33	2.61	7.87	10.64	9.94	40.98	63.48	6.1	9.84	85	82.29
ENSG00000158458:NRG2	0.07	0.72	0.98	1.41	1.67	1.37	0.02	0.08	0.67	0.24
ENSG00000158480:SPATA2	4.87	4.91	19.51	13.37	9.94	7.72	0.6	1.34	15.97	11.27
ENSG00000158486:DNAH3	0.83	1.04	0.02	0.02	0.19	0.18	0.03	0.06	0.07	0.03
ENSG00000158517:NCF1	3.71	6.42	2.08	4.62	9.19	9.23	0.18	0.34	0.44	2.06
ENSG00000158525:CPA5	0.91	1.14	0.24	0.51	1.79	2.32	0.91	3.06	0.63	1.07
ENSG00000158526:TSR2	13.4	15.49	14.94	16.77	29.13	26.7	4.27	8.26	28.29	30.4
ENSG00000158545:ZC3H18	19.24	23.48	33.56	21.85	25.68	23.35	1.74	6.11	40.75	14.21
ENSG00000158552:ZFAND2B	27.08	30.26	25.76	29.4	26.18	26.91	4.43	9.68	36.67	58.86
ENSG00000158560:DYNC1I1	0.32	0.43	0.78	0.2	7.76	3.69	0.54	1.17	0	0
ENSG00000158571:PFKFB1	0.09	0.23	6.06	3.61	0	0	0.01	0.01	0.39	0.15
ENSG00000158578:ALAS2	8.09	21.27	100.83	119.59	0.05	0.07	13.19	8.85	38.53	28.54
ENSG00000158615:PPP1R15B	100.62	91.02	72.55	44.98	35.74	32.05	5.43	11.68	83.36	3.91
ENSG00000158623:COPG2	11.94	12.5	22.99	18.3	6.86	7.45	7.02	11.86	28.13	24.88
ENSG00000158636:EMSY	25.87	30.26	17.26	10.35	7.93	7.32	1.22	2.61	9.99	1.47
ENSG00000158669:GPAT4	54.99	56.34	52.67	25.05	106	102.46	5.02	11.3	10.68	11
ENSG00000158691:ZSCAN12	2.53	3.19	3.91	3.26	0.07	0.17	1.77	4.04	0.06	0.06
ENSG00000158711:ELK4	8.97	13.3	47.93	30.24	12.7	9.71	3.83	8.08	1.77	0
ENSG00000158714:SLAMF8	1.19	1.75	0.09	0.05	3.02	2.79	0.03	0.07	0.05	0.05
ENSG00000158715:SLC45A3	0.43	1.04	20.75	12.74	3.69	1.86	3.82	2.6	3.72	30.16
ENSG00000158716:DUSP23	4.15	6.58	6.89	8.96	13.74	12.68	0.36	1.08	7.97	20.61
ENSG00000158717:RNF166	6.57	12.89	33.27	23.01	18.32	14.3	1.29	4.72	33.78	59.5
ENSG00000158769:F11R	76.18	71.26	191.35	139.04	285.6	273.11	42.02	79.37	102.48	69.54
ENSG00000158773:USF1	22.82	40.64	61.84	51.33	35.23	35.28	5.14	9.73	21.17	36.85
ENSG00000158786:PLA2G2F	0.71	0.97	0	0	0.17	0.24	0	0	0.67	1.03
ENSG00000158792:SPATA2L	2.18	2.57	4.83	3.44	5.76	3.88	0.22	0.58	2.67	5.57
ENSG00000158793:NIT1	26.17	35.73	37.23	65.54	17.07	19.42	1.88	4.66	19.33	37.92
ENSG00000158796:DEDD	55.79	73.18	41.97	29.06	85.03	81.85	3.03	7.75	26.73	50.16
ENSG00000158805:ZNF276	7.58	14.16	26.7	16.49	18.37	20.53	2.79	10.06	4.59	6.26
ENSG00000158806:NPM2	0.64	0.69	0.42	0	0	0	0.03	0.03	1.14	4.66
ENSG00000158813:EDA	0.29	1.44	2.25	0.89	0.61	0.1	0.05	0.06	0.09	0.13
ENSG00000158815:FGF17	0.04	0.16	0.33	0	0	0.07	0	0	0.09	0.27
ENSG00000158816:VWA5B1	0.11	0.2	0	0	0	0	0	0	0.02	0
ENSG00000158825:CDA	27.75	23.29	68.36	49.83	4.08	2	3.21	1.44	13.25	22.78
ENSG00000158828:PINK1	49.74	62.03	117.77	101.19	39.15	29.82	6.12	14.83	10.13	28.16
ENSG00000158850:B4GALT3	38.16	41.67	43.32	38.74	94.6	115.89	2.11	4.91	66.89	104.97
ENSG00000158856:DMTN	2.64	3.71	2.73	2.48	0.66	0.68	0.08	0.17	70.07	30.95
ENSG00000158859:ADAMTS4	0.52	1.82	35.72	21.61	34.37	19.35	4.7	17.13	16.68	39.59
ENSG00000158863:FHIP2B	90.67	147.59	17.55	11.98	15.11	16.48	2.06	6.24	29.78	44.71
ENSG00000158864:NDUFS2	49.01	69.04	114.35	142.36	129.23	116.23	17.33	31.15	331.96	232.12
ENSG00000158865:SLC5A11	0.14	0.12	0.98	0.79	0.44	0.33	0	0.01	4.06	6.27
ENSG00000158869:FCER1G	53.91	84.64	55.34	62.96	85.53	73.49	1.8	1.89	2.99	8.23
ENSG00000158874:APOA2	0.42	0.07	8.69	925.18	0	0	0.01	0.01	437.05	199.21
ENSG00000158882:TOMM40L	4.34	5.86	11.99	9.49	9.47	8.43	1.2	2.56	15.94	28.35
ENSG00000158887:MPZ	1.09	2.23	0	0.07	0.66	0.4	0	0.01	0.12	0.11
ENSG00000158901:WFDC8	0.33	0.38	1.17	0.59	0	0	0.04	0.09	0	0
ENSG00000158941:CCAR2	58.52	67.18	22.42	15.19	145.44	165.64	2.27	7.41	28.26	25.18
ENSG00000158955:WNT9B	0.46	0.72	4.07	1.03	0.03	0	0.02	0.09	0.09	0
ENSG00000158966:CACHD1	6.93	7.7	5.38	4.37	11.12	11.45	1.16	2.97	26.14	12.09
ENSG00000158985:CDC42SE2	10.57	16.55	81.58	53.13	78.2	83.2	12.94	13.83	2.38	4.15
ENSG00000158987:RAPGEF6	6.05	7.95	13.29	8.8	6.46	5.96	3.84	6.9	5.44	0.36
ENSG00000159023:EPB41	7.73	9.33	44.13	34.06	12.68	10.14	8.86	14.85	67.65	4.98
ENSG00000159063:ALG8	27.12	25.83	11.51	11.87	17.37	17.55	2.24	2.77	3.08	6.36
ENSG00000159069:FBXW5	28.63	38.79	31.74	25.38	33.1	36.55	1.88	5.48	22	19.75
ENSG00000159079:CFAP298	14.79	15.02	15.29	15.65	38.39	33.42	4.48	7.89	80.94	51.04
ENSG00000159082:SYNJ1	24.81	24.69	33.24	23.07	14.9	13.14	1.03	2.6	4.47	1.91
ENSG00000159086:PAXBP1	39.58	38.92	42.92	30.07	52.8	47.76	3.43	5.97	23.01	4.85
ENSG00000159110:IFNAR2	8.13	14.64	53.87	58.37	17.82	16.24	1.2	2.29	6.03	2.99
ENSG00000159111:MRPL10	22.29	26.68	38.3	36.76	21.35	21.09	2.22	4.54	7.9	17.72
ENSG00000159128:IFNGR2	25.22	57.56	15.62	16.36	87.54	64.75	5.46	9.7	13.35	27.47
ENSG00000159140:SON	216.45	297.3	160.94	105.52	115.16	117.01	18.8	41.78	52.84	10.46
ENSG00000159147:DONSON	16.48	18.84	11.48	14.65	14.12	12.16	2.29	5.94	3.66	3.06
ENSG00000159164:SV2A	0.47	0.59	0.28	0.37	0.71	0.48	0.02	0.01	0.02	0.14
ENSG00000159167:STC1	2.95	5.96	1.94	1.33	234.9	357.52	0.54	3.2	12738.49	3347.22
ENSG00000159173:TNNI1	0.28	0.33	2.6	2.67	1.26	0	0.03	0.1	0.1	0.14
ENSG00000159176:CSRP1	195.31	293.79	590.92	330.67	153.64	118.5	24.6	62.42	144.93	146.89
ENSG00000159184:HOXB13	0.15	0.06	0	0	0	0	0.01	0	0	0
ENSG00000159197:KCNE2	0.22	0.18	0.3	0.5	0.28	0	0	0	0	0
ENSG00000159200:RCAN1	29.86	45.52	72.79	68.22	293.29	226.46	27.36	66.84	16.22	9.48
ENSG00000159202:UBE2Z	51.93	62.17	105.77	91.67	63.75	59.25	9.85	19.64	18.67	27.44
ENSG00000159208:CIART	1.73	1.99	1.28	2.87	0.66	0.86	0.48	0.38	0.65	1.02
ENSG00000159210:SNF8	30.12	38.67	77.55	90.77	31.68	28	15.29	28.7	50.25	77.53
ENSG00000159212:CLIC6	0.01	0	0.6	8.82	0	0	0.04	0.02	8.53	0.24
ENSG00000159216:RUNX1	3.07	7.75	28.47	15.08	9.62	3.11	0.39	0.81	9.25	4.3
ENSG00000159217:IGF2BP1	3.37	3.51	20.62	12.03	9.99	10.76	7.14	22.23	29.03	0.67
ENSG00000159224:GIP	0	0.1	0.68	0.66	0	0	0	0	0	0
ENSG00000159231:CBR3	2.73	3.61	2.2	0.88	5.08	6.33	0	0.02	16.51	42.14
ENSG00000159251:ACTC1	0.55	1.62	3.44	3.39	0	0.06	0.06	0.16	10.16	6.85
ENSG00000159256:MORC3	30.43	35.58	16.02	14	18.79	15.66	5.61	9.5	17.12	2.89
ENSG00000159259:CHAF1B	1.69	1.78	3.73	4.96	10.64	8.54	0.63	2.05	2.9	3.09
ENSG00000159261:CLDN14	0.46	0.88	0.13	0.07	0	0	0.01	0.06	0	0
ENSG00000159263:SIM2	0.17	0.38	0.08	0.08	0	0.02	0	0	0.17	0.05
ENSG00000159267:HLCS	10.7	6.84	9.57	9.82	4.95	3.6	1.01	2.75	9.61	2.23
ENSG00000159307:SCUBE1	0.24	0.49	5.54	2.62	0.11	0	0.01	0.03	0.66	0.31
ENSG00000159322:ADPGK	29.93	36.52	22.8	17.35	15.64	17.54	4.38	9.69	11.78	9.43
ENSG00000159337:PLA2G4D	0.03	0	3.77	3.51	0.22	0.29	0.1	0.01	0.03	0.03
ENSG00000159339:PADI4	0.57	0.78	0.48	0.92	0	0.03	0.07	0.09	0.43	0.93
ENSG00000159346:ADIPOR1	125.08	132	140.58	113.83	106.96	73.31	13.13	26.19	42.45	57.98
ENSG00000159348:CYB5R1	143.91	136.07	35.66	19.86	58.12	45.62	1.95	4.64	3.51	11.63
ENSG00000159363:ATP13A2	19.99	22.78	16.23	11.07	10.66	10.46	0.62	2.25	6.41	6.02
ENSG00000159377:PSMB4	134.67	190.78	152.09	132.83	301.69	305.6	28.08	55.7	104.22	231.93
ENSG00000159387:IRX6	0	0.08	0	0	0	0	0.11	0.08	0	0
ENSG00000159388:BTG2	120.59	79.06	98.81	90.49	13.86	15.75	40.23	143.23	17.62	16.49
ENSG00000159399:HK2	2.6	1.16	81.19	56.78	33.5	20.15	2.71	4.39	4.08	1.18
ENSG00000159409:CELF3	0.08	0.31	0.29	0.88	0	0	0.01	0.02	0.86	3.89
ENSG00000159423:ALDH4A1	17.66	16.92	11.59	9.75	13.42	5.19	1.82	3.8	41.18	36.33
ENSG00000159459:UBR1	16.1	15.41	13.04	9.51	16.91	14.27	3.74	5.92	8.4	1.69
ENSG00000159461:AMFR	133.93	105.32	75.86	75.83	62.73	58.19	5.82	8.71	37.94	32.56
ENSG00000159495:TGM7	0	0	0.02	0	0.76	0.21	0	0	1.2	0.38
ENSG00000159556:ISL2	0	0.06	1.08	1.56	0.78	0.83	0	0	0	0.11
ENSG00000159579:RSPRY1	13.5	18.76	12.75	9.52	37.23	36.46	5.64	8.68	11.5	4.14
ENSG00000159592:GPBP1L1	65.52	73.21	75.42	50.66	76.92	67.48	8.95	18.86	96.84	54.93
ENSG00000159593:NAE1	33.07	42.74	32.28	30.97	22.7	18.8	2.7	3.38	14.45	14.62
ENSG00000159596:TMEM69	23.28	25.98	6.15	6.89	6.47	5.31	0.83	1.11	5.97	17.36
ENSG00000159618:ADGRG5	0.35	0.3	0.1	0.19	0.18	0	0.01	0.01	0.14	0.18
ENSG00000159625:DRC7	0.03	0.16	0.03	0	0	0.03	0	0.01	8.78	2.97
ENSG00000159648:SPMIP8	0.47	0.49	0	0	0	0	0	0.04	0.12	0
ENSG00000159650:UROC1	0	0	3.38	2.06	2.95	2.14	0.02	0.15	1.75	0.67
ENSG00000159658:EFCAB14	50.92	56.91	33.56	21.5	104.61	105.71	5.77	14.48	29.55	59.99
ENSG00000159674:SPON2	9.04	11.83	11.95	14.3	38.9	40.2	0.67	1.33	6.1	6.88
ENSG00000159685:CHCHD6	3.19	3.66	8.05	8.8	1.14	2.32	1.82	2.1	6.59	7.83
ENSG00000159692:CTBP1	66.18	99.55	85.22	77.09	75.74	59.35	2.08	5.36	180.88	53.16
ENSG00000159708:LRRC36	18.47	26.95	0.07	0.05	0.26	0.16	0.08	0.14	0.1	0.37
ENSG00000159713:TPPP3	307.46	462.02	14.2	30.66	4.73	5.89	3.08	6.29	185.66	79.35
ENSG00000159714:ZDHHC1	13.39	25.17	11.57	11.16	2.25	2.4	2.56	9.09	1.98	5.26
ENSG00000159723:AGRP	0	0	4.97	3.32	0.14	0.14	0	0	0	0.07
ENSG00000159733:ZFYVE28	0.96	1.43	5.44	1.75	4.65	2.55	0.02	0.02	0.53	0.53
ENSG00000159753:CARMIL2	1.1	0.53	1.42	1.24	1.1	1.32	0.17	0.58	0.16	0.49
ENSG00000159761:C16orf86	2.06	2.46	0	0	0.35	0.6	0.14	0.07	0	0.41
ENSG00000159784:FAM131B	0.04	0.03	0.74	0.56	1.52	1.33	0	0.01	0	0
ENSG00000159840:ZYX	47.32	72.04	148.64	88.47	149.82	132.97	4.44	20.67	52.59	73.67
ENSG00000159842:ABR	13.56	23.41	23.16	18.31	163.15	129.73	3.28	11.55	47.49	16.25
ENSG00000159873:CCDC117	30.47	32.81	48.5	35.27	23.22	21.45	6.07	12.76	10.71	12.08
ENSG00000159899:NPR2	4.53	4.47	33.22	31.85	6.94	5.18	0.95	2.85	18.36	17.52
ENSG00000159921:GNE	49.33	52.68	91.18	39.35	5.77	4.98	0.69	0.85	14.1	5.73
ENSG00000160007:ARHGAP35	5.23	7.08	9.54	9.05	10.97	8.2	2.86	7.48	10.29	1.72
ENSG00000160013:PTGIR	3.91	3.94	0.44	0.38	0.62	0.22	0.43	1	57.78	42.17
ENSG00000160050:CCDC28B	3.21	5.24	11.37	18.41	14.38	16.72	0.35	1.88	47.02	50.53
ENSG00000160055:TMEM234	12.93	15.19	117.43	130.79	20.41	18.69	0.53	1.24	7.96	26.9
ENSG00000160058:BSDC1	41.95	46.42	67.31	43.49	44.49	38.23	7.63	20.84	40.36	24.61
ENSG00000160062:ZBTB8A	1.8	3.21	6.6	6.2	5.13	3.91	1.01	1.43	0.89	0.51
ENSG00000160087:UBE2J2	35.44	51.04	83.19	68.16	62.97	41.66	2.06	5	38.66	59.05
ENSG00000160094:ZNF362	32.53	53.99	35.68	19.18	2.8	2.21	0.45	1.78	7.87	15.42
ENSG00000160097:FNDC5	0.36	0.81	20.59	10.95	1.11	1.98	0.13	0.25	0	0
ENSG00000160113:NR2F6	32.54	53.27	23.5	20.24	46.86	44.58	2.21	8.6	339.32	611.42
ENSG00000160124:MIX23	14.72	16.78	28.09	28.71	31.75	26.63	4.66	6.19	54.31	34.93
ENSG00000160161:CILP2	0.02	0.13	1.82	0.59	0.21	0.15	0.07	0.28	3.97	2.13
ENSG00000160179:ABCG1	6.37	14.01	73.06	34.77	11.8	14.09	0.74	1.82	2.35	1.12
ENSG00000160180:TFF3	0	0	0.92	19.72	0.17	0.34	0	0.04	0	0
ENSG00000160181:TFF2	0	0	0	0	0	0	0.06	0	0	0
ENSG00000160182:TFF1	0	0	0.56	2.03	0	0	0	0	0.39	1.77
ENSG00000160183:TMPRSS3	1.9	1.73	0.05	0	0.03	0	0.01	0	0.06	0
ENSG00000160185:UBASH3A	0.04	0.13	0.02	0.01	0.36	0.2	0.01	0	1.25	0.15
ENSG00000160191:PDE9A	4.63	8.08	27.79	23.59	23.17	25.79	0.58	1.45	1.13	1.58
ENSG00000160193:WDR4	2.75	3.92	15.76	14.43	9.29	7.81	1.3	3.64	0.97	1.39
ENSG00000160194:NDUFV3	18.88	26.14	89.93	111.82	54.16	41.06	1.08	2.39	74.85	89.99
ENSG00000160199:PKNOX1	18.65	32.43	17.44	13.83	7.86	7.33	1.26	3.86	6.71	1.92
ENSG00000160200:CBS	0.38	3.62	1	0.35	11.74	9.03	0.14	0.33	23.74	7
ENSG00000160201:U2AF1	20.69	44.61	102.07	122.55	199.66	169.8	5.6	17.11	41.88	36.46
ENSG00000160202:CRYAA	0	0.08	38.53	31.67	0	0	0	0.28	0.69	0.29
ENSG00000160207:HSF2BP	0.23	0.55	3.67	3.61	4.19	3.77	1.92	5.96	3.27	1.58
ENSG00000160208:RRP1B	3.69	4.67	18.55	12.21	22.68	21.62	1.49	5.96	10.19	6.37
ENSG00000160214:RRP1	8.74	12.69	86.75	69.96	32.14	32.63	2.87	5.17	13.97	9.03
ENSG00000160216:AGPAT3	12.05	17.61	68.14	68.68	72.74	66.15	1.51	2.85	68.23	40.43
ENSG00000160218:TRAPPC10	17.65	21.55	27.36	18.2	22.75	21.21	3.11	7.67	17.95	5.97
ENSG00000160219:GAB3	2.9	4.86	0.42	0.58	0.97	0.83	0.21	0.47	0.05	0
ENSG00000160221:GATD3	3.12	4.57	20.72	23.16	43.43	56.6	3.15	11.38	70.76	19.98
ENSG00000160223:ICOSLG	1.05	2.12	6.03	4.79	31.13	25.13	1.86	4.84	1.88	1.71
ENSG00000160224:AIRE	0.02	0.05	0.7	1.14	0	0	0	0	1.03	2.05
ENSG00000160255:ITGB2	7.81	21.68	4.82	6.28	16.75	8.04	0.58	1.32	6.59	7.44
ENSG00000160271:RALGDS	20.8	31.62	116.46	62.32	21.13	21.86	1.21	3.39	10.21	11.35
ENSG00000160282:FTCD	3.37	1.15	0.02	1.01	0	0.05	0.01	0	0.33	0.41
ENSG00000160284:SPATC1L	8.53	4.06	0.11	0.08	0.24	0.06	0.01	0.03	0.47	0.3
ENSG00000160285:LSS	76.58	48.09	9.28	13.32	8.02	8.07	15.99	48.4	8.57	8.53
ENSG00000160294:MCM3AP	28.81	38.29	16.92	28.57	26.97	28.93	1.92	6.91	15.43	13.86
ENSG00000160305:DIP2A	27.35	40.6	12.9	8.74	5.6	6.2	1.09	3.56	3	5.88
ENSG00000160323:ADAMTS13	0.7	1.24	0.29	0.55	0.1	0.1	0.18	0.46	0	0
ENSG00000160325:CACFD1	2.82	3.67	34.47	39.51	12.92	14.08	2.59	7.17	3.27	1.24
ENSG00000160326:SLC2A6	0.84	0.83	1.13	1.15	3.13	3.71	0.14	0.25	0.51	0.61
ENSG00000160345:PIERCE1	1.11	2.63	0.53	1.16	15.77	13.52	0.06	0.12	2.23	2.84
ENSG00000160392:C19orf47	10.54	11.91	16.08	13.16	9.28	9.25	0.35	1.11	12.61	17.31
ENSG00000160396:HIPK4	0.12	0.09	0.88	0.46	0.37	0.82	0.04	0.24	0	0
ENSG00000160404:TOR2A	7.09	10.74	80.01	64.8	83.93	68.45	0.5	1.5	23.83	29.72
ENSG00000160408:ST6GALNAC6	13.32	15.02	10.71	9.05	16.67	16.79	1.63	3.08	1.16	4.01
ENSG00000160410:SHKBP1	13.95	17.77	18.15	16.9	36.29	30.84	1.58	4.8	35.52	39.67
ENSG00000160445:ZER1	16.8	20.98	25.99	22.13	12.08	11.72	0.89	3.25	18.51	6.47
ENSG00000160446:ZDHHC12	20.88	22.31	16.79	26.33	19.99	17.57	1.88	4.32	11.12	22.51
ENSG00000160447:PKN3	2.28	3.57	2.78	1.96	7.93	10.35	0.07	0.23	11.42	6.69
ENSG00000160460:SPTBN4	0	0.14	0.9	0.42	0.4	0.2	0.04	0.12	0.06	0.1
ENSG00000160472:TMEM190	0.1	0.12	0.1	0	0.35	0.74	0.06	0.43	2.28	12.6
ENSG00000160539:PLPP7	0.17	0.99	2.29	1.69	1.22	0.88	0.13	0.26	0.23	0.26
ENSG00000160551:TAOK1	20.41	19.57	21.85	11.95	22.17	19.44	4.44	8.86	11.66	0.31
ENSG00000160563:MED27	13.06	11.54	11.51	10.38	27.97	25.54	1.99	7.11	4.52	5.35
ENSG00000160570:DEDD2	20.45	19.51	51.22	41.96	22.68	28.05	4.53	17.52	4.86	35.35
ENSG00000160584:SIK3	42.18	41.93	23.68	31.04	11.51	9.45	1.24	4.53	14.3	7.34
ENSG00000160588:MPZL3	0.3	0.47	23.37	16.3	34.11	37.8	6.39	10.8	9.91	2.99
ENSG00000160602:NEK8	3.9	4.94	6.73	13.51	6.14	5.68	0.97	2.97	3.73	5.04
ENSG00000160606:TLCD1	15.66	9.12	16.01	24.02	7.46	6.32	1.28	2.58	4.97	19.18
ENSG00000160613:PCSK7	30.53	39.41	27.07	18.43	60.34	55.47	3.33	7.77	20.78	11.91
ENSG00000160679:CHTOP	68.39	84.46	67.92	59.8	167.25	166.84	14.32	25.36	67.66	73.96
ENSG00000160683:CXCR5	0.5	0.45	0.11	0	0.07	0.04	0.01	0.04	0	0
ENSG00000160685:ZBTB7B	20.64	25.9	44.29	27.37	60.57	59.81	4.95	12.26	24.4	26.9
ENSG00000160688:FLAD1	22.7	21.75	16.69	13.71	17.67	15.23	2.33	8.22	123.67	117.5
ENSG00000160691:SHC1	87.66	98.14	59.86	63.11	98.15	85.46	8.26	23.05	45.99	42.93
ENSG00000160695:VPS11	19.35	22.49	24.23	22.58	31.19	29.75	5.1	10.87	30.11	16.11
ENSG00000160703:NLRX1	2.34	4.49	17.77	7.78	16.6	16.57	1.04	3.84	8.06	7.16
ENSG00000160710:ADAR	34.61	47.13	36.87	25.59	21.53	20.78	1.69	4.7	10.54	3.29
ENSG00000160712:IL6R	2.28	3.5	37.93	34.6	57.83	60.4	5.2	14.02	8.33	2.47
ENSG00000160714:UBE2Q1	60.29	66.04	71.45	62.47	52.28	42.45	8.69	17.33	139.41	117.03
ENSG00000160716:CHRNB2	0.08	0.1	0.57	0.32	0.04	0.08	0.21	1.06	5.57	0.19
ENSG00000160741:CRTC2	40.74	56.68	48.34	29.07	59.77	63.49	0.93	3	31.71	118.72
ENSG00000160746:ANO10	20.97	17.13	51.28	26.36	20.12	20.52	3.51	6.38	28.85	17.38
ENSG00000160753:RUSC1	22.41	21.51	49.01	52.05	20.48	20.17	0.78	5.11	17.49	35.24
ENSG00000160767:ENTREP3	10.08	14.82	7.53	6.96	22.16	20.66	0.17	0.54	13.69	31.95
ENSG00000160781:PAQR6	2.07	5.92	0.19	0.46	14.76	7.4	0.35	0.71	23.35	26.63
ENSG00000160785:SLC25A44	10.09	12.05	18.46	20.61	21.01	16.99	1.41	3.39	4.26	5.27
ENSG00000160789:LMNA	173.48	178.7	111.72	95.12	232.08	253.24	26.81	55.11	47.71	54.66
ENSG00000160801:PTH1R	8.02	11.1	59.48	45.2	1.31	1.21	0.86	2.47	2.1	4.57
ENSG00000160803:UBQLN4	27.05	33.64	33.22	28.21	13.05	13.9	1.38	4.02	15.41	10.87
ENSG00000160808:MYL3	1.11	2.34	2.63	2.53	0	0	0.15	1.17	1.32	0.4
ENSG00000160813:PPP1R35	12.91	12.03	12.6	20.24	53.85	51.06	1.63	4.85	0.76	5.52
ENSG00000160838:LRRC71	0.32	0.8	0.36	0.53	1.2	1.32	0.01	0.02	10.23	11.19
ENSG00000160867:FGFR4	0.88	1.05	2.24	1.79	0.83	0.87	0.29	1.27	2.69	2.63
ENSG00000160883:HK3	1.54	1.81	1.25	1.02	1.08	0.66	0.63	1.74	0.49	0.46
ENSG00000160888:IER2	62.54	75.78	16.61	17.09	36.9	35.54	17.34	51.14	69.94	87.63
ENSG00000160917:CPSF4	23.09	27.84	23.5	21.22	22.13	22.31	2.11	5.74	22.39	7.77
ENSG00000160948:VPS28	33.29	45.85	88.02	84.84	105.52	100.97	0.96	2.53	118.7	116.39
ENSG00000160949:TONSL	1.53	2.23	3.69	2.32	12.6	12.53	0.47	2.22	1.86	2.14
ENSG00000160951:PTGER1	0.07	0	1.17	1.44	1.13	0.54	0.02	0.04	6	6.83
ENSG00000160957:RECQL4	3.48	3.83	0.44	0.43	5.27	4.67	0.07	0.28	1.13	0.51
ENSG00000160963:COL26A1	0.12	0.04	1.86	1.47	1.43	0.76	0	0.02	2.85	0.11
ENSG00000160973:FOXH1	0.05	0.07	0.04	0	0	0.06	0.02	0.1	0	0
ENSG00000160991:ORAI2	3.72	3.96	2.02	1.71	8.15	2.77	0.99	2.75	0.97	0.5
ENSG00000160993:ALKBH4	3.83	4.98	10.23	8.64	45.48	30.65	1.19	3.35	7.06	12.06
ENSG00000160994:TEKTL1	0	0	0.03	0	0	0	0	0	0	0
ENSG00000160999:SH2B2	6.13	7.81	26.95	13.01	10.36	5.85	0.31	0.77	0.37	2.24
ENSG00000161011:SQSTM1	478.06	386.44	458.7	456.31	337.11	311.33	77.29	161.44	282.19	330.1
ENSG00000161013:MGAT4B	35.7	56.69	137.68	117.74	55.77	51.12	3.55	11.22	16.59	42.27
ENSG00000161021:MAML1	13.02	20.08	23.66	13.42	9.79	8.67	2.01	5.47	3.61	5.15
ENSG00000161031:PGLYRP2	0	0	0.03	0	0.31	0.1	0.01	0.05	0.12	0.27
ENSG00000161036:LRWD1	4.79	5.25	13.22	10.88	13.14	13.5	1	2.07	21.46	50.91
ENSG00000161040:FBXL13	0.54	0.34	0.09	0	0	0	0	0	0	0.4
ENSG00000161091:MFSD12	149.79	81.47	17.84	17.17	14.62	12.43	25.03	79.16	5.47	31.78
ENSG00000161179:YDJC	5.5	6.09	2.76	3.45	12.83	17.24	0.38	0.91	9.74	52.83
ENSG00000161180:CCDC116	0.98	1.44	0.43	0.57	0.02	0	0.03	0.13	0.06	0.05
ENSG00000161202:DVL3	139.93	182.27	52.83	36.1	38.33	37.25	1.3	4.58	9.5	30.59
ENSG00000161203:AP2M1	271.9	291.77	339.43	355.46	304.83	259.6	14.62	27.29	512.02	274.96
ENSG00000161204:ABCF3	44.4	56.2	28.33	24.09	26.34	25.32	2.2	6.2	18.19	23.27
ENSG00000161217:PCYT1A	17.63	18.63	46.01	63.93	15.07	11.01	3.91	6.63	161.76	40.16
ENSG00000161265:U2AF1L4	11.16	41.23	28.47	21.9	25.92	25.29	2.82	5.82	20.15	27.47
ENSG00000161267:BDH1	3.01	2.43	13.04	7.89	4.42	4.94	0.09	0.46	14.22	26.07
ENSG00000161270:NPHS1	0.06	0.06	0.01	0.02	0	0	0	0	0.22	3.53
ENSG00000161281:COX7A1	3.74	4.32	18.15	14.26	9.01	11.56	1.49	2.64	0	0
ENSG00000161328:LRRC56	0.51	0.97	4.37	3.8	0	0	0.08	0.13	1.38	2.15
ENSG00000161381:PLXDC1	4.03	7.68	3.52	2.41	2.45	0.51	0.09	0.36	0.31	0.11
ENSG00000161395:PGAP3	44.92	38.28	7.68	8.28	48.96	53.39	1.93	5.62	10.68	33.22
ENSG00000161405:IKZF3	0.38	0.8	0.37	0.28	0.04	0.06	0.02	0.03	0.08	0
ENSG00000161509:GRIN2C	0.87	3.09	0.58	0.24	0.05	0.05	0.01	0.15	0.4	0.39
ENSG00000161533:ACOX1	19.77	27.59	77.31	67.65	115.77	113.21	23.7	61.47	10.82	2.39
ENSG00000161542:PRPSAP1	26.2	34.89	35.69	30.94	229.16	250.15	7.03	24.5	12.32	13.36
ENSG00000161544:CYGB	2.72	7.42	1.46	2.19	4.78	6.12	0.14	0.17	1.42	2.27
ENSG00000161558:TMEM143	3.67	5.94	7.68	8.09	2.58	3.22	0.23	0.29	0	0.06
ENSG00000161594:KLHL10	0.05	0.03	0.3	0.57	0	0	0	0.03	0.61	0.5
ENSG00000161609:KASH5	0	0	1.31	2.11	1.1	1.32	0.01	0.04	0.09	0.29
ENSG00000161610:HCRT	0.11	0	0	0	0	0	0.02	0.15	0.8	5.62
ENSG00000161618:ALDH16A1	18.22	18.83	21.55	17.41	41.57	44.74	1.58	4.09	26.82	54.59
ENSG00000161647:MPP3	1.96	2.24	0.56	0.28	0.13	0.31	0.01	0	0.03	0.03
ENSG00000161649:CD300LG	42.77	30.78	3.56	4.25	6	2.86	0.46	0.77	31.85	29
ENSG00000161653:NAGS	1.64	0.83	0.06	0.29	0.16	0.12	0.1	0.33	5.5	7.95
ENSG00000161654:LSM12	47.21	50.59	21.37	20.19	39.31	32.34	6.23	9.4	24.22	21.26
ENSG00000161664:ASB16	1.07	1.57	0.03	0.06	0.13	0.18	0.02	0.07	0.28	0.28
ENSG00000161682:FAM171A2	0.41	0.69	2.07	1.41	1.84	2.49	0.38	1.1	2.35	3.43
ENSG00000161714:PLCD3	25.28	32.92	17.86	13.27	22.94	25.22	2.02	7.38	18.83	14.91
ENSG00000161800:RACGAP1	10.01	5.24	1.96	1.54	63.76	68.9	4.33	4.81	8.3	0.89
ENSG00000161813:LARP4	21.19	19.87	23.72	14.49	24.07	23.02	6.83	11.1	1.6	0.48
ENSG00000161835:TAMALIN	10.46	18.55	21.16	7.5	7	10.66	1.47	3.13	41.87	48
ENSG00000161847:RAVER1	8.79	9.29	20.57	17.22	22.03	19.93	1.03	4.14	8.23	4.62
ENSG00000161860:SYCE2	0.48	0.42	20.57	19.71	5.82	4.52	0	0	0	0.11
ENSG00000161888:SPC24	2.46	1.38	1.84	1.85	22.33	19.93	0.13	0.24	2.61	0.65
ENSG00000161896:IP6K3	1.46	2.35	1.53	1.19	0.2	0.06	1.22	3.5	0.33	0.03
ENSG00000161904:LEMD2	54.16	81.1	64.26	50.09	54.46	44.45	5.52	16.82	0.27	0.29
ENSG00000161905:ALOX15	0.07	0.05	0.33	0.26	0.59	1.88	0.01	0.03	14.74	40.83
ENSG00000161911:TREML1	0.13	0.52	1.03	1.17	0.5	0.49	0.06	0	0.82	0.48
ENSG00000161914:ZNF653	4.74	7.75	6.07	7.47	8.58	8.8	0.94	2.54	12.15	8.98
ENSG00000161920:MED11	11.83	11.71	18.39	26.92	21.31	21.44	4.56	8.66	10.82	18.28
ENSG00000161921:CXCL16	5.82	15.79	11.01	29.35	95.91	76.17	29.85	40.63	38.33	95.48
ENSG00000161929:SCIMP	1.52	2.2	0.2	0.24	0.66	0.43	0.17	0.13	0	0.11
ENSG00000161940:BCL6B	6.52	9.75	3.16	2.6	9.7	10.86	4.37	5.75	3.93	6.13
ENSG00000161955:TNFSF13	2.36	8.08	4.35	1.43	4.37	5.69	0.4	0.66	3.9	1.92
ENSG00000161956:SENP3	54.2	62.56	100.53	78.26	54.42	53.2	4.73	10.08	40.8	52.34
ENSG00000161958:FGF11	0.6	1.34	1.21	1.81	0.14	0.07	0.09	0.33	2.88	0.74
ENSG00000161970:RPL26	691.7	951.31	846.92	845.62	444.17	380.82	85.13	102.49	102.43	102.32
ENSG00000161973:CCDC42	0.05	0	7.03	2.48	0.06	0	0.05	0.11	0.28	0.31
ENSG00000161980:POLR3K	3.69	5.89	6.65	6.52	37.68	35.46	2.8	5.65	13.34	40.41
ENSG00000161981:SNRNP25	3.55	3.8	13.17	15.74	40.54	39.02	4.21	9.54	30.02	13.91
ENSG00000161999:JMJD8	29.82	27.48	16.61	22.3	27.29	28	1.12	2.97	2.56	7.83
ENSG00000162004:CCDC78	0.9	0.59	0.06	0	3.81	2.37	0	0	44.9	23.79
ENSG00000162009:SSTR5	0	0	0.02	0	0	0	0	0.01	0.47	0.44
ENSG00000162032:SPSB3	21.86	31.45	74.26	48.83	40.36	38	4.08	12.42	38.68	41.15
ENSG00000162039:MEIOB	0.17	0.11	0.35	0	0	0.1	0.74	1.24	0	0
ENSG00000162040:HS3ST6	0.21	1.35	0.28	0.08	2.02	0.5	0.01	0.27	1.38	10.87
ENSG00000162062:TEDC2	1.9	1.49	45.43	19.98	23.76	25.06	0.26	0.91	6.56	11.13
ENSG00000162063:CCNF	2.09	1.66	7.26	3.08	8.63	10.24	0.09	0.12	1.83	0.42
ENSG00000162065:TBC1D24	1.35	3.48	11.99	5.76	6.31	6.07	0.61	1.94	27.75	15.45
ENSG00000162066:AMDHD2	14.88	20.08	25.49	62.37	39.78	33.09	10.23	28.63	24.01	33
ENSG00000162068:NTN3	0.02	0.05	1.53	1.36	0.59	0.58	0.01	0.01	13.4	27.7
ENSG00000162069:BICDL2	2.32	1.12	0.17	0.89	70.54	64.29	4.34	15.11	28.55	14.17
ENSG00000162104:ADCY9	4.87	8.72	7.44	4.65	3.98	2.4	1.71	5.03	2.19	0.79
ENSG00000162105:SHANK2	17.39	18.57	0.03	0.07	4.45	3.86	0	0.01	5.4	0.97
ENSG00000162129:CLPB	11.96	11.96	20.05	14.46	9.4	7.51	0.76	2.4	23.94	9.34
ENSG00000162139:NEU3	1.78	2.55	1.69	7.42	4.68	3.1	0.52	0.74	7.45	0.99
ENSG00000162144:CYB561A3	58.02	67.09	48.2	36.56	20.64	19.21	9.23	22.87	5.28	16.01
ENSG00000162174:ASRGL1	1.53	3.37	4.38	3.86	1558.73	1267.67	4.39	8.21	4.69	2.36
ENSG00000162188:GNG3	0	0.35	0.26	0.12	1.46	2.34	0.04	0	0	0
ENSG00000162191:UBXN1	58.89	75.63	193.1	206.46	197.31	169.32	14.26	29.44	90.65	268.14
ENSG00000162227:TAF6L	12.26	16.64	7.8	4.42	13.57	13.92	0.87	2.34	7.5	9.97
ENSG00000162267:ITIH3	0.28	3	0.66	57.17	0	0.07	0.39	0.17	2.05	5.76
ENSG00000162298:SYVN1	72.62	62.3	62.13	59.92	52.52	51.94	2.63	11.08	17.73	35.18
ENSG00000162300:ZFPL1	27.63	33.44	32.68	28.25	35.74	31.25	1.57	4.32	35.26	67.16
ENSG00000162337:LRP5	20.79	24.98	27.63	33.76	33.76	39.29	3.76	19.93	37.45	5.8
ENSG00000162341:TPCN2	1.92	3.13	11.82	8.67	13.51	13.47	1.23	4.15	1.37	2.73
ENSG00000162344:FGF19	0	0	0	0.95	0	0	0.01	0.01	0	0
ENSG00000162367:TAL1	4.17	6.67	1.61	0.87	3.61	4.62	1.46	4.28	10	7.12
ENSG00000162368:CMPK1	35.64	41.91	53.51	48.3	58.82	51.47	10.53	15.68	99.09	108.39
ENSG00000162374:ELAVL4	0	0.12	0.68	1.6	0	0	0	0.02	0.05	0
ENSG00000162377:COA7	6.35	5.84	13.43	19.24	23.76	34.02	0.59	1.36	16.16	12.65
ENSG00000162384:CZIB	36.25	46.72	41.88	50.26	78.32	63.52	3.53	6.98	77.42	91.4
ENSG00000162390:ACOT11	1.63	1.64	2.06	1.95	0.19	0.51	0.38	1.12	0.27	1.51
ENSG00000162391:FAM151A	0	0	2.41	1.25	3.29	3.99	0.44	0.01	1.23	10.27
ENSG00000162398:CIMAP2	0	0.04	0.55	0.05	0	0	0	0	1.8	1.53
ENSG00000162402:USP24	13.4	20.05	17.62	14.42	12.17	9.51	2.66	5.1	29.11	10.6
ENSG00000162407:PLPP3	179.99	214.01	100.73	75.19	65.51	52.42	5.12	13.22	33.61	50.26
ENSG00000162408:NOL9	12	15.67	12.31	8.53	13.57	15.01	2.21	5.83	11.01	9.68
ENSG00000162409:PRKAA2	0.92	0.45	2.89	2.41	4.25	4.1	1.21	2.67	6.38	0.13
ENSG00000162413:KLHL21	4.04	6.44	26.24	20.8	38.07	34.77	2.34	12.57	6.59	6.15
ENSG00000162419:GMEB1	12.48	11.61	10.65	8.6	15.87	15	1.28	2.68	9.63	9.66
ENSG00000162426:SLC45A1	0.25	0.2	0.08	0	0.06	0.09	0	0	1.96	2.26
ENSG00000162430:SELENON	32.11	42.86	64.71	40.52	22.27	19.7	0.61	2.95	1.81	3.42
ENSG00000162434:JAK1	27.05	41.19	85.06	56.26	42.08	33.18	11.01	21.37	64.73	21.07
ENSG00000162437:RAVER2	3.1	4.04	0.82	0.97	7.09	7.54	8.78	16.97	31.56	6.68
ENSG00000162441:LZIC	20.64	20.72	34.32	25.58	15.84	14.24	2.11	3.76	83.53	36.87
ENSG00000162444:RBP7	1.91	3.14	0.76	0.8	1.83	3.3	0.2	0.26	13.24	49.34
ENSG00000162456:KNCN	0	0.02	0.05	0	0.09	0	0.06	0.05	0	0
ENSG00000162460:TMEM82	0	0.1	5.82	4.38	0.83	0.78	0.1	0.29	0.93	0.97
ENSG00000162461:SLC25A34	6.31	9.39	0.71	0.33	5.15	5.1	0.13	0.58	0.79	1.51
ENSG00000162490:DRAXIN	0.09	0.14	0.07	0.07	1.24	2.07	0.04	0.13	3.44	2.18
ENSG00000162494:LRRC38	0.07	1.05	1.22	1.48	8.6	1.6	0.02	0.05	0	0
ENSG00000162496:DHRS3	14.72	23.49	49	62.08	149.25	124.57	3.73	8.91	9.4	15.66
ENSG00000162510:MATN1	0.09	0.26	0.52	1.41	0	0	0	0	0.05	0.05
ENSG00000162511:LAPTM5	32.89	80.32	10.91	11.25	160.31	112.23	16.11	31.39	1.3	5.08
ENSG00000162512:SDC3	15.18	18.45	25.81	20.13	13.42	8.6	0.51	1.82	14.77	3.11
ENSG00000162517:PEF1	61.15	65.83	61.64	74.08	43.68	42.83	5.68	15.53	39.29	107.66
ENSG00000162520:SYNC	4.91	5.76	4.61	4.02	5.95	2.96	0.09	0.39	5.06	2.92
ENSG00000162522:NHSL3	19.44	32.43	59.86	69.29	17.3	13.18	1.55	7.21	7.28	5.35
ENSG00000162526:TSSK3	4.09	4.26	0.39	0.33	0.7	0.22	0.17	0	1.29	1.39
ENSG00000162542:TMCO4	18.39	22.06	13.28	9.81	9.87	8.66	0.52	1.48	6.53	6.67
ENSG00000162543:UBXN10	0.42	0.41	0.06	0.34	0.19	0.02	0	0	8	1.23
ENSG00000162552:WNT4	0.56	0.86	16.88	16.25	50.65	64.44	1.33	4.07	28.94	5.29
ENSG00000162571:TTLL10	1.28	1.1	0.71	5.89	1.63	0.45	0	0.04	0.28	0.41
ENSG00000162576:MXRA8	21.12	45.52	208.41	208.73	73.78	102.58	1.23	3.89	31.61	21.57
ENSG00000162585:FAAP20	20.61	26.64	20.91	22.58	10.44	10.19	0.81	2.19	2.19	3.53
ENSG00000162594:IL23R	0.03	0.02	5.37	4.06	0.04	0	0.02	0.09	0.16	0.12
ENSG00000162598:C1orf87	0	0	0	0	0	0	0	0.05	1.15	0.28
ENSG00000162599:NFIA	2.29	4.71	1.39	1.95	4.44	4.08	0.66	2.14	1.82	1
ENSG00000162600:OMA1	14.05	13.78	12.63	8.81	6.4	5.81	1.06	1.75	10.31	18.49
ENSG00000162601:MYSM1	17.51	20.69	10.65	8.9	19.84	20.05	3.53	5.93	7.13	7.18
ENSG00000162604:TM2D1	31.89	42.49	38.1	35.21	38.17	37.44	3.93	6.66	76.83	52.24
ENSG00000162607:USP1	16	15.07	60.82	36.71	29.29	29.64	9.19	13.15	29.88	9.63
ENSG00000162613:FUBP1	75.77	87.7	53.86	38.98	56.48	67.19	4.89	8.49	37.54	31.75
ENSG00000162614:NEXN	2.4	6.75	26.05	17.96	19.82	7.93	1.11	3.54	62.05	23.87
ENSG00000162616:DNAJB4	12.55	22.46	24.22	24.23	69.65	65.19	9.4	24.71	81.82	65.02
ENSG00000162618:ADGRL4	13.69	21.47	28.37	34.25	12.89	15.01	11.21	22.64	6.76	8.48
ENSG00000162620:LRRIQ3	0.06	0.21	1.24	0.51	0	0	0.62	0.54	0.06	0
ENSG00000162623:TYW3	9.18	11.46	2.01	1.54	6.38	3.58	1.31	1.88	7.72	6.41
ENSG00000162627:SNX7	8.88	13.64	51.14	37.43	10.43	10.56	9.12	14.31	64.66	45.63
ENSG00000162630:B3GALT2	0.34	0.35	0.09	0.17	0.11	0	0.26	0.65	0	0
ENSG00000162631:NTNG1	0.86	0.99	0.07	0.03	1.74	1.96	0.04	0.03	0.53	0.52
ENSG00000162636:EEIG2	6.41	5.86	43.59	35.96	17.21	8.96	6.3	11.11	12.07	1.55
ENSG00000162639:HENMT1	2.88	5.29	0.12	0.14	5.4	6.02	4.64	5.97	2.46	3.01
ENSG00000162641:AKNAD1	2.76	3.23	0.09	0.03	0	0	0	0	0	0.02
ENSG00000162642:C1orf52	19.13	19.38	36.6	29.4	12.6	14.54	3.46	6.56	13.95	30.6
ENSG00000162643:DNAI3	0.54	0.13	0.1	0.97	0.03	0.09	0.32	0.2	2.63	1.8
ENSG00000162650:ATXN7L2	2.22	5.12	3.08	2.43	2.91	2	0.59	2.76	1.9	5.53
ENSG00000162664:ZNF326	17.14	23.89	24.26	14.62	52.73	55.61	5.87	10.72	27.16	8.89
ENSG00000162669:HFM1	0.29	0.96	0.06	0	0	0	0.4	0.72	0.17	0.04
ENSG00000162670:BRINP3	0.03	0.02	0	0.09	0	0	0.04	0.16	0.31	0
ENSG00000162676:GFI1	0.4	0.49	0.08	0.03	0.12	0.03	0.01	0.02	0.06	0.18
ENSG00000162687:KCNT2	0.46	0.41	0.22	0	0.02	0.05	0.17	0.35	0.4	0.22
ENSG00000162688:AGL	8.66	10.78	20.85	12.37	2.88	3.04	2.71	4.66	1.57	0.23
ENSG00000162694:EXTL2	16.14	22.14	9.96	14.19	3.19	4.54	1.1	1.74	1.01	0.77
ENSG00000162695:SLC30A7	16.42	16.27	29.64	25.24	14.21	12.27	7.1	12.02	11.04	9.27
ENSG00000162706:CADM3	3.03	31.67	0.32	0.11	4.65	4.06	0.08	0.16	7.32	4.73
ENSG00000162714:ZNF496	7.28	9.6	16.23	13.55	5.67	4.78	1.29	3.01	2.6	0.83
ENSG00000162722:TRIM58	17.9	7.55	0.04	0.11	0	0.03	0.05	0.02	0.04	0
ENSG00000162728:KCNJ9	0	0	0.02	0.06	0.1	0.1	0.03	0.01	0.41	8.37
ENSG00000162729:IGSF8	12.11	25.76	58.23	38.37	18.39	18.16	2.55	5.65	5.96	28.88
ENSG00000162733:DDR2	3.06	5.37	18.43	10.01	10.98	7.74	3.7	9.85	4.82	2.15
ENSG00000162734:PEA15	80.46	101.47	217.34	136.58	86.77	75.48	12.64	31.13	131.12	63.51
ENSG00000162735:PEX19	30.98	30.83	72.78	63.85	53.12	44.01	6.25	11.07	31.34	28.28
ENSG00000162736:NCSTN	209.3	241.05	103.52	81.5	75.48	74.19	9.19	20.73	91.52	97.8
ENSG00000162738:VANGL2	8.15	8.04	2.01	0.71	1.58	1.01	0.08	0.21	2	0.45
ENSG00000162745:OLFML2B	16.43	32.34	6.45	4.39	14.49	13.54	0.01	0.02	5.1	3.55
ENSG00000162746:FCRLB	0.44	0.53	0	0.2	0.03	0.08	0.01	0	0	0
ENSG00000162755:KLHDC9	4.15	2.57	0.03	0	0.88	0.9	0.06	0.06	5.18	15.26
ENSG00000162761:LMX1A	0	0	0.06	0	0	0	0	0.01	0.03	0
ENSG00000162763:LRRC52	0.11	0.18	0	0	0	0	0	0	0	0
ENSG00000162769:FLVCR1	2.54	3.76	24.5	15.44	7.61	5	0.82	1.2	1.64	0.92
ENSG00000162772:ATF3	132.6	132.7	63.97	44.55	38.32	15.82	10.81	44.71	28.63	24.33
ENSG00000162775:RBM15	5.75	5.61	11.84	6.47	9.6	8.33	3.75	9.07	0.51	0.15
ENSG00000162777:DENND2D	28.75	31.57	0.7	1.36	17.25	15.62	1.51	1.74	9.43	21.46
ENSG00000162779:AXDND1	0	0.13	0.69	0.23	0.08	0.02	0.01	0	7.08	1.09
ENSG00000162782:TDRD5	0.29	0.26	0.1	1.31	0	0.03	0.01	0.05	0.27	0.02
ENSG00000162804:SNED1	0.7	1.36	7.99	9.66	1.05	1.13	0.21	0.65	2.85	6.91
ENSG00000162813:BPNT1	15.15	19.38	16.71	18.18	23.27	28.93	3.55	7.1	17.46	34.92
ENSG00000162814:SPATA17	0.63	0.61	0.56	0.16	0	0	0.04	0.1	1.21	0.29
ENSG00000162819:BROX	25.54	31.39	40.45	28.12	39.53	37.7	7.92	13.09	28.37	9.56
ENSG00000162836:ACP6	7.1	3.79	21.72	21.15	7.09	9.43	1.97	4.77	54.25	84.9
ENSG00000162843:WDR64	0.36	0.46	0	0.22	0	0	0.13	0.17	0	0
ENSG00000162849:KIF26B	1.15	1.51	0.79	0.23	0.25	0.28	0.23	0.65	0.69	0.55
ENSG00000162851:TFB2M	6.41	4.88	18.32	9.7	13.83	12.24	1.72	2.38	4.65	8.37
ENSG00000162852:CNST	11.54	11.74	13.15	12.14	8.43	4.99	3.14	6.37	11.74	3.02
ENSG00000162869:PPP1R21	12.77	20	28.54	45.8	14.34	8.08	1.65	4.09	13.31	5.16
ENSG00000162873:KLHDC8A	0	0	1.37	1.6	0.14	0	0	0.01	0.65	0.7
ENSG00000162878:PKDCC	1.85	5.21	14.13	15.46	27.66	20.41	1.65	5.01	3.2	5.44
ENSG00000162882:HAAO	1.77	6.79	0.67	0.35	0.06	0.09	1.25	1.47	8.83	17.54
ENSG00000162885:B3GALNT2	11.53	12.08	43.67	38.12	61.48	52.87	1.43	2.56	1.4	0.14
ENSG00000162889:MAPKAPK2	18.01	20.44	114.77	89.97	96.9	53.4	4.53	10.31	50.75	28.52
ENSG00000162891:IL20	9.44	0	0	0	0.4	0	0.03	0.12	0.2	0.72
ENSG00000162892:IL24	17.3	0	0.09	0	2.11	0.23	0	0	0	0.35
ENSG00000162894:FCMR	4.26	2.2	0.45	0.94	1.94	0.53	0.03	0.05	0.05	0.84
ENSG00000162896:PIGR	0.04	0.09	0.65	0.71	0.87	0.08	0	0.04	88.42	207.9
ENSG00000162897:FCAMR	0	0.04	0.11	0.19	0	0	0	0	0.04	0.14
ENSG00000162909:CAPN2	28.62	56.75	75.45	98.27	87.01	63.14	6.84	15.49	107.47	58.36
ENSG00000162910:MRPL55	20.29	27.59	24.8	21.95	69.29	72.46	5.65	10.71	49.72	115.14
ENSG00000162923:WDR26	52.57	62.69	131.99	96.85	69.68	61.23	4.32	10.15	103.37	47.91
ENSG00000162924:REL	4.69	4.55	2.92	1.46	10.3	4.28	2.15	3.72	8.87	3.5
ENSG00000162927:PUS10	2.44	3.66	19.84	20.1	5.54	7.5	2.45	6.52	9.6	4.51
ENSG00000162929:SANBR	3.51	5.73	17.52	8.07	0.99	0.61	0.06	0.1	8.67	2
ENSG00000162944:RFTN2	5.7	7.67	0.92	1.41	6.02	8.75	1.78	3.62	5.62	0.71
ENSG00000162946:DISC1	5.61	7.96	0.52	0.47	3.5	2.03	0.42	0.59	0.45	0.03
ENSG00000162949:CAPN13	0	0	0.04	0.09	0	0.03	0	0.02	0	0
ENSG00000162951:LRRTM1	0.11	0.05	0	0	0	0	0	0	0	0
ENSG00000162959:MEMO1	21.53	21.68	32.44	26.84	30.06	29.96	3.59	5.58	35.41	30.09
ENSG00000162961:DPY30	20.92	29.94	23.32	31.96	138.18	139.68	10.42	13.67	35.39	46.33
ENSG00000162971:TYW5	5.13	6.74	19.34	15.34	6.22	7.45	0.32	0.48	9.69	14.59
ENSG00000162972:MAIP1	9.09	9.05	8.67	7.82	11.03	10.54	1.87	2.93	31.2	15.83
ENSG00000162975:KCNF1	0	0.03	0.36	0.58	0	0	0.01	0.09	0.27	0.1
ENSG00000162980:ARL5A	53.44	59.58	33.11	19.93	21.1	20.7	12.54	17.75	1.18	9.48
ENSG00000162981:LRATD1	7.85	9.44	0.52	0.28	15.77	11.46	3.22	10.21	1.48	5.65
ENSG00000162989:KCNJ3	0	0.05	0	0	0	0	0.21	0.45	0.46	0.34
ENSG00000162992:NEUROD1	0	0	0	0	0	0	0	0	0	0
ENSG00000162994:CLHC1	7.41	4.34	0.21	0	2.79	2.58	0.21	0.14	0.31	0.46
ENSG00000162998:FRZB	77.37	73.6	1.42	0.32	0.85	0.29	2.4	6.74	15.19	3.17
ENSG00000162999:DUSP19	1.03	1.38	6.84	6.05	7.55	4.91	1.34	1.57	1.13	2.32
ENSG00000163001:CFAP36	7.29	10.03	11.72	15.55	34.68	32.48	0.52	0.91	104.67	40.95
ENSG00000163002:NUP35	7.23	7.15	11.62	10.54	24.49	25.87	4.3	6.83	3.25	8.98
ENSG00000163006:CCDC138	1.77	0.95	3.37	3.84	3.23	4.96	0.42	0.79	0.58	0.88
ENSG00000163012:ZSWIM2	0.98	0.91	0.05	0	0	0	0	0.01	0.04	0.2
ENSG00000163013:FBXO41	0.3	0.71	0.12	0.16	0.04	0.02	0	0.02	7.23	2.5
ENSG00000163017:ACTG2	5.78	33.99	25.95	18.86	26.58	35.49	22.56	100.33	26.32	189.28
ENSG00000163032:VSNL1	1.93	3.79	0.2	0.44	0.52	1.67	0.02	0.07	50.29	18.27
ENSG00000163050:COQ8A	6.8	10.28	4.24	3.55	10.76	9.25	2.77	7.97	11.75	21.02
ENSG00000163053:SLC16A14	0.36	1.12	0.54	0.97	3.7	2.78	4.71	11.8	3.51	0.12
ENSG00000163064:EN1	0	0	0	0	0	0	0.01	0.01	0	0
ENSG00000163069:SGCB	11.46	15.4	5.41	4.93	7.57	5.61	2.05	4.98	11.24	2.33
ENSG00000163071:SPATA18	3.59	2.62	0.03	0	0.11	0.16	0	0	0.25	0.19
ENSG00000163072:NOSTRIN	28.39	40.76	26.74	23.13	18.21	19.92	2.5	4.42	11.34	0.78
ENSG00000163075:CFAP221	0.42	0.69	0.38	0.92	0	0.02	0	0	1.32	1.19
ENSG00000163082:SGPP2	0.73	0.41	8.94	5.79	6.62	2.31	1.78	3.63	4.56	2.79
ENSG00000163083:INHBB	0.13	0.65	159.04	112.71	25.67	22.66	2.79	7.66	1.22	22.14
ENSG00000163092:XIRP2	0	0.01	0	0	0	0	0.28	0.35	0.27	0.02
ENSG00000163104:SMARCAD1	12.16	15.5	35.96	24.32	18.73	21.87	1.99	3.46	21.26	3.97
ENSG00000163106:HPGDS	6.96	13.94	5.61	8.82	0.45	0.05	0	0.06	0.29	0.48
ENSG00000163110:PDLIM5	62.29	89.14	77	47.18	49.54	39.23	12.23	20.07	28.23	1.85
ENSG00000163116:STPG2	0.05	0.14	0.16	0.04	0.1	0.06	0	0.03	0	0
ENSG00000163121:NEURL3	0.03	0.17	1.39	1.39	0.27	0.07	0	0	0.5	13.23
ENSG00000163125:RPRD2	8.78	10.09	19.68	11.38	12.36	11.62	1.17	2.84	7.81	3.32
ENSG00000163126:ANKRD23	1.18	2.6	15.14	12.75	2.74	2.5	0.29	0.46	3.32	3.15
ENSG00000163131:CTSS	14.13	35.12	35.3	57.11	229.07	125.15	24.48	30.81	8.89	15.61
ENSG00000163132:MSX1	2.01	3.15	1.27	0.8	82.87	84.67	6.53	17.81	8.43	12.76
ENSG00000163138:PACRGL	8.92	8.98	8.17	11.95	3.67	2.75	0.38	0.58	7.74	11.07
ENSG00000163141:BNIPL	4.58	3.56	0.49	0.35	0.97	0.95	0.23	0.42	1.4	0.57
ENSG00000163145:C1QTNF7	1.69	5.6	1.45	1.52	5.22	3.04	1.79	3.77	0.54	0.59
ENSG00000163154:TNFAIP8L2	1.64	4.7	1.27	1.85	9.75	6.29	0.75	0.58	4.38	2.89
ENSG00000163155:LYSMD1	6.83	8.23	12.72	10.96	5.82	4.82	0.45	1.16	12.73	8.89
ENSG00000163156:SCNM1	19.28	27	29.54	30.66	8.97	8.01	3.3	6.03	27.01	32.91
ENSG00000163157:TMOD4	0.82	0.83	1.59	2.34	0.45	0.37	0.02	0.07	0.65	0.35
ENSG00000163159:VPS72	24.5	29.51	64.52	44.64	38.57	26.77	6.13	10.87	63.32	49.07
ENSG00000163161:ERCC3	18.18	26.34	23.47	20.36	24.21	23.18	1.49	3.42	11.45	13.88
ENSG00000163166:IWS1	47.25	52.41	20.27	10.88	42.14	41.46	5.72	12.68	120.6	28.03
ENSG00000163170:BOLA3	6.08	7.04	23.85	34.23	13.44	13.83	1.65	2.41	9.52	26.19
ENSG00000163171:CDC42EP3	9.15	16.25	19.83	10.1	123.46	90.53	5.53	6.66	80.97	63.24
ENSG00000163214:DHX57	9.95	12.33	13.07	9.43	11.87	10.28	1.62	3.48	15.2	3.34
ENSG00000163217:BMP10	0	0.01	5.47	1.36	0	0	0	0	0.04	0.04
ENSG00000163218:PGLYRP4	0.04	0.4	0	0	0.1	0	0.1	0.23	0	0
ENSG00000163219:ARHGAP25	4.67	6.67	2.46	1.62	8.92	6.83	1.83	2.5	2.3	1.82
ENSG00000163235:TGFA	0.72	0.94	8.64	18.67	1.72	0.24	0.01	0.02	0.66	0.11
ENSG00000163251:FZD5	4.93	5.88	16.85	7.9	43.5	35.32	2.77	4.66	1.95	2.37
ENSG00000163263:CFAP141	0.17	0.11	0.47	0.54	0.17	0.51	0.03	0.05	0.97	0.67
ENSG00000163273:NPPC	0.05	0.42	7.4	7.55	821.21	1021.28	0.02	0.07	0.38	2.93
ENSG00000163281:GNPDA2	2.87	4.66	11.36	11.77	11.46	8.41	4.81	5.87	12.21	10.93
ENSG00000163285:GABRG1	0	0	0.03	0.02	0.17	0.07	0	0	0	0
ENSG00000163288:GABRB1	2.02	0.99	0.06	0	0	0.03	0.1	0.4	0	0
ENSG00000163291:PAQR3	6.44	5.06	5.27	6.27	6.66	3.98	1.58	3.38	4.81	3.08
ENSG00000163297:ANTXR2	40.78	67.34	18.23	17.13	68.65	42.7	5.09	11.6	15.77	13.32
ENSG00000163312:HELQ	7.26	8.27	6.03	5.32	4.14	3.52	0.86	2.05	7.93	10.04
ENSG00000163319:MRPS18C	16.48	19.32	38.77	38.27	49.88	49.63	1.17	1.85	14.72	68.21
ENSG00000163320:CGGBP1	37.81	52.22	45.64	30.15	46.04	37.46	7.3	12.94	9.88	16.99
ENSG00000163322:ABRAXAS1	3.13	4.62	9.02	3.65	12.55	12.45	0.34	0.63	7.33	0.84
ENSG00000163328:GPR155	2.44	7.66	4.16	2.03	3.24	2.86	0.96	2.38	4.65	0.66
ENSG00000163331:DAPL1	0.11	0	0.21	0	1.15	0.94	0.08	0.28	0.11	0
ENSG00000163344:PMVK	14.07	16.73	17.87	18.97	23.92	17.81	2.75	5.85	13.01	7.62
ENSG00000163346:PBXIP1	40.7	43.89	64.36	48.11	113.72	101.12	14.79	28.01	32.98	33.62
ENSG00000163347:CLDN1	119.68	87.81	74.03	72.65	139.71	71.58	17.82	30.77	36.73	17.6
ENSG00000163349:HIPK1	16.2	18.98	32.11	23.4	31.28	26.4	7.8	16.88	38.99	22.67
ENSG00000163357:DCST1	0.17	0.3	2.22	1.13	2.2	1.78	0.02	0.03	0.27	0.29
ENSG00000163362:INAVA	3.02	4.75	18.76	22.17	2.75	4.23	0.85	2.31	25.36	9.24
ENSG00000163376:KBTBD8	3.83	2.72	2.04	1.56	2.16	2.57	0.21	0.34	8.42	1.47
ENSG00000163377:TAFA4	0.02	0	0.06	0	0.54	0	0	0	1.16	3.89
ENSG00000163378:EOGT	14.77	24.33	24.84	18.57	11.18	11.29	1.2	2.64	8.68	3.43
ENSG00000163380:LMOD3	0.43	0.38	0.17	0	0.04	0	0.09	0.08	4.54	0.68
ENSG00000163382:NAXE	26	24.32	60.91	48.21	37.48	33.03	3.92	6.61	62.8	133.54
ENSG00000163389:POGLUT1	9.96	9.77	26.91	21.59	5.51	4.59	2.79	6.66	3.52	8.59
ENSG00000163393:SLC22A15	1.99	2.75	5.72	3.9	0.34	0.48	0.52	1.05	2.28	3.65
ENSG00000163395:IGFN1	0	0.03	0.06	0	0.02	0.03	0	0.31	0.16	0.36
ENSG00000163399:ATP1A1	129.49	163.08	333.57	188.6	502.72	319.97	42.87	96.3	522.32	309.65
ENSG00000163406:SLC15A2	0.58	1.73	41.25	17.73	7.31	9.33	57.98	75.29	21.2	5.43
ENSG00000163412:EIF4E3	6.97	5.95	11.25	9.32	7.63	5.08	0.84	1.13	3.78	1.57
ENSG00000163421:PROK2	0.54	0.46	0.1	0	0.06	0	0.05	0.07	0.03	0
ENSG00000163428:LRRC58	13.69	12.63	42.63	21.3	8.51	5.59	7.94	17.94	5.18	2.87
ENSG00000163430:FSTL1	171.69	261.19	156.66	114.44	58.48	53.66	34.69	96.86	78.48	26.61
ENSG00000163431:LMOD1	5.73	20.27	6.22	4.64	24.15	10.5	1.95	6.29	10.91	8.31
ENSG00000163435:ELF3	49.45	72.06	69.11	52.74	195.23	168.61	29.22	97.72	39.46	132.84
ENSG00000163444:TMEM183A	27.22	34.39	77.64	49.6	19.45	23.16	4.04	7.47	17.44	28.95
ENSG00000163449:TMEM169	0.04	0.05	0.37	1.05	1.31	1.87	0.09	0.28	8.37	11.08
ENSG00000163453:IGFBP7	23.63	39.65	309.23	297.62	393.92	499.36	158.12	372.18	41.51	541.99
ENSG00000163462:TRIM46	0.26	0.22	2.24	4.51	1.92	0.75	0.01	0.03	0	0
ENSG00000163463:KRTCAP2	152.84	140.45	136.46	117.43	177.01	206.17	15.68	27.74	15.62	82.33
ENSG00000163467:TSACC	0.48	0.58	1.73	0.91	0.74	1.71	0	0	1.55	10.76
ENSG00000163468:CCT3	58.93	64.41	103.73	118.83	137.31	143.86	30.91	60.04	43.84	79.91
ENSG00000163472:TMEM79	4.91	6.21	12.31	4.48	34.7	28.82	1.19	2.33	6.13	9.57
ENSG00000163479:SSR2	147.69	136.16	259.57	266.86	325.16	320.14	44.83	89.43	128.93	137.26
ENSG00000163481:RNF25	18.45	23.1	40.83	34.53	31.77	30.67	1.58	3.47	30.2	51.21
ENSG00000163482:STK36	12.77	19.54	2.73	1	10.19	7.21	0.59	1.82	4.01	9.92
ENSG00000163485:ADORA1	31.45	9.4	2.76	1.8	0.63	0.66	6.76	15.76	4.27	20.8
ENSG00000163491:NEK10	0.13	0.51	0.01	0	0.27	0.17	0.02	0.04	3.63	1.63
ENSG00000163492:CCDC141	0.33	0.47	3.96	3.52	1.74	0.32	0.14	0.22	3.93	1.52
ENSG00000163497:FEV	0	0	0	0	0	0	0	0	0.23	0.11
ENSG00000163499:CRYBA2	0	0	0	0	0	0	0	0	2.47	4.31
ENSG00000163501:IHH	0.65	0.07	1.42	5.5	0.14	0.21	0.03	0.09	1.22	3.21
ENSG00000163508:EOMES	0.18	0.36	0.39	0.33	0.09	0	0	0.01	0	0
ENSG00000163512:AZI2	28	30.51	55.17	37.16	60.51	45.07	1.91	4.48	30.64	6.53
ENSG00000163513:TGFBR2	33.96	54.63	62.63	68.73	73.25	71.18	21.61	68.55	61.08	56.02
ENSG00000163516:ANKZF1	26.49	47.26	17.73	12.58	15.85	15.22	1.66	3.01	20.94	25.34
ENSG00000163517:HDAC11	2.22	2.97	0.53	0.34	4.93	2.92	0.15	0.32	1.47	0.63
ENSG00000163519:TRAT1	0.12	0.28	0.09	0.1	0.2	0.23	0.03	0.04	0.08	0
ENSG00000163521:GLB1L	4.84	7.98	11.84	9.17	1.87	2	0.73	1.87	52.46	59.47
ENSG00000163531:NFASC	1.16	8.21	0.68	5.81	0.12	0.02	0.03	0.21	0	0
ENSG00000163536:SERPINI1	11.61	26.48	1.87	0.71	3.3	2.86	0.19	0.17	36.58	38.94
ENSG00000163539:CLASP2	22.9	19.26	14.37	6.89	11.01	9.93	4.56	8.06	11.63	11.15
ENSG00000163541:SUCLG1	39.58	47.33	45.18	47.72	92.63	84.72	19.31	34.69	100.66	127.98
ENSG00000163545:NUAK2	1.06	4.76	5.61	6.23	8.02	7.57	1.2	6.15	9.62	5.97
ENSG00000163554:SPTA1	1.55	2.72	0.65	0.31	0.02	0	0.02	0.11	14.28	0.83
ENSG00000163558:PRKCI	10.58	22.02	66.93	40.09	39.19	39.59	2.86	5	27.55	5.63
ENSG00000163576:EFHB	1.53	0.65	0.49	0.14	1.28	1.86	0	0	0.32	0.02
ENSG00000163577:EIF5A2	1.52	2.03	5.19	3.11	4.4	2.8	1.47	2.68	0.42	0
ENSG00000163581:SLC2A2	0	0	0.07	2.47	0	0.03	3.2	6.01	0.44	2.64
ENSG00000163586:FABP1	0	0.03	0.11	0	0	0	0	0	49.1	33.04
ENSG00000163590:PPM1L	6.45	8.14	2.68	3.8	12.03	15.36	0.33	0.86	0.74	0.6
ENSG00000163596:ICA1L	6.24	9.06	2.94	6.23	0.53	0.28	0.04	0.13	1.58	1.11
ENSG00000163599:CTLA4	0.53	1.79	0.1	0.17	0.09	0.05	0.02	0	1.25	0.47
ENSG00000163600:ICOS	0.04	0.11	0.13	0	0.32	0.11	0.01	0.01	0	0
ENSG00000163602:RYBP	137.14	79.72	85.49	50.26	18.61	18.17	4.79	9.75	22.79	2.29
ENSG00000163607:GTPBP8	5.68	7.79	10.37	7.76	7.76	7.01	2.8	4.39	3.13	6.42
ENSG00000163608:NEPRO	21.06	22.97	8.02	4.09	4.04	3.23	1.18	1.59	3.69	7.22
ENSG00000163617:CCDC191	1.53	2.61	5.38	3.73	1.63	2.04	0.76	1.5	13.68	5
ENSG00000163623:NKX6-1	0.22	0.11	0.09	0	1.61	1.21	0	0	0	0
ENSG00000163624:CDS1	21.98	21.54	28.47	19.16	17.62	14.9	0.97	1.61	3.39	3.85
ENSG00000163625:WDFY3	31.55	33.15	50.86	16.3	25.88	21.78	3.72	11.1	11.68	1.27
ENSG00000163626:COX18	5.12	6.71	16.35	13.1	8.25	4.91	0.86	1.61	5.95	8.38
ENSG00000163629:PTPN13	1.26	1.8	21.64	9.44	7.73	5.32	0.66	1.61	25.29	8.34
ENSG00000163630:SYNPR	0.97	0.14	0.18	0.13	0.14	0.58	0.42	0.65	0	0.11
ENSG00000163631:ALB	0.11	0.26	0.23	1012.39	0.08	0	0.18	0.28	0	0.03
ENSG00000163632:C3orf49	0.45	0.44	0.65	13.04	0	0	0	0	0.21	0.15
ENSG00000163633:C4orf36	1.44	1.63	0.03	0.12	1.14	0.43	0.1	0.29	0.16	0
ENSG00000163635:ATXN7	69.21	58.15	12.76	7.4	13.39	8.35	1.54	3.73	4.41	1.01
ENSG00000163636:PSMD6	58.98	71.16	97.66	81.69	89.61	80.81	7.7	12.56	325.74	127.61
ENSG00000163637:PRICKLE2	3.53	5.68	2.73	1.71	1.1	0.65	0.74	1.84	1.2	0.44
ENSG00000163638:ADAMTS9	9.32	13.5	16.92	15.34	9.78	8.83	2.06	5.29	180.69	7.16
ENSG00000163644:PPM1K	3.74	6.64	2.21	1.91	31.88	34.62	2.1	4.01	4.31	0.36
ENSG00000163645:ERICH6	0.03	0.09	0.19	0.07	0	0	0.02	0.06	0.78	0.91
ENSG00000163646:CLRN1	0.39	1.28	0.2	0.05	0	0	0	0	0	0
ENSG00000163655:GMPS	30.44	28.96	9.3	7.33	43.87	33.94	2.04	3.78	13.97	15.07
ENSG00000163659:TIPARP	3.64	2.47	18.65	13.99	72.58	42.35	5.01	9.62	41.55	10.02
ENSG00000163660:CCNL1	137.63	172.34	52.72	47.4	38.03	35.62	22.71	69.39	138.86	95.75
ENSG00000163661:PTX3	0.13	0.66	0.08	0.13	4.61	5.88	17.97	27.21	4.43	6.63
ENSG00000163666:HESX1	0.61	0.33	0.48	0.27	5.88	4.83	0.07	0.2	0	0
ENSG00000163681:SLMAP	16.06	28.98	48.87	31.97	63.31	43.31	8.24	15.81	100.29	19.87
ENSG00000163683:SMIM14	9.66	12.32	94.3	130.09	27.98	26.24	7.5	11.86	15.82	5.7
ENSG00000163686:ABHD6	2.98	3.83	82.93	50.93	104.67	111.08	2.2	2.32	13.13	1.46
ENSG00000163687:DNASE1L3	1.49	1.93	43.78	25.41	73.58	45.59	1.07	2.85	1.26	1.28
ENSG00000163689:CFAP20DC	0.62	1.06	0.6	0.18	0	0	1	2.73	4.4	8.31
ENSG00000163694:RBM47	39.09	56.64	23.27	20.97	106.82	93.73	6.67	14.14	38.99	49.14
ENSG00000163697:APBB2	38.27	26.44	28.39	20.18	43	37.91	4.11	9.05	6.35	1.25
ENSG00000163703:CRELD1	17.06	21.28	24.89	22.41	24.72	30.39	3.35	7.53	91.56	72.09
ENSG00000163704:PRRT3	0.2	0.45	0.16	0.16	0.85	1.85	0.19	0.52	0.8	0.06
ENSG00000163705:FANCD2OS	0.37	0	0.15	0	0	0	0	0	0	0.32
ENSG00000163710:PCOLCE2	20.5	60.29	0.45	0.79	5.21	5.04	1.01	2.61	2.83	4.52
ENSG00000163719:MTMR14	25.49	30.53	29.85	28.75	25.23	24.61	8.96	21.98	36.72	32.77
ENSG00000163728:TTC14	16.65	25.76	29.88	18	29.57	31.04	8.61	11.78	53.46	21.58
ENSG00000163738:MTHFD2L	3.37	3.94	2.09	1.51	7.14	6.54	0.05	0.13	1.47	1.83
ENSG00000163749:CCDC158	0.26	0.56	0.25	0.21	4.24	5.48	0.02	0.03	3.85	3.29
ENSG00000163754:GYG1	13.49	12.69	38.97	45.55	11.46	9.75	6.12	11.5	27.13	57.25
ENSG00000163755:HPS3	8.59	12.07	9.58	7.49	4.92	4.6	3.45	6.81	7.33	7.21
ENSG00000163781:TOPBP1	16.55	19.09	17.26	9.88	19.19	17.75	2.54	4.59	11.17	9.77
ENSG00000163785:RYK	45.32	54.11	68.47	51.02	26.29	24.28	14.12	18.52	12.9	14.02
ENSG00000163788:SNRK	21.17	32.33	30.38	34.24	31.95	27.55	4.37	8.12	5.73	2.05
ENSG00000163792:TCF23	0.28	0.17	0.75	0.96	0.05	0.2	0.05	0.08	0.9	2.18
ENSG00000163793:DNAJC5G	0	0.03	0.09	0	0	0	0	0	0.31	0.15
ENSG00000163794:UCN	1.26	1.62	0.13	0	0.25	0.25	0	0.11	0	0.24
ENSG00000163795:ZNF513	14.38	15.37	28.36	23.49	16.9	13.97	2.12	4.93	14.89	32.65
ENSG00000163798:SLC4A1AP	16.35	18.9	21.3	18.4	31.11	29.66	2.67	5.67	22.24	9.46
ENSG00000163803:PLB1	3.84	7.65	7.92	6.45	2.46	3.05	0.09	0.18	0.21	0.5
ENSG00000163806:SPDYA	2.49	4.86	0.36	0.43	1.66	1.51	0.06	0.15	1.07	5
ENSG00000163807:KIAA1143	13.91	18.44	14.69	10.94	13.56	13.68	1.63	1.72	18.33	2.53
ENSG00000163808:KIF15	1.13	0.89	1.17	1.43	3.63	3.74	0.1	0.14	2.66	0.19
ENSG00000163811:WDR43	29.81	18.55	28.78	27.48	19.2	14.74	6.86	9.27	31.23	22.34
ENSG00000163812:ZDHHC3	36.47	45	41.65	27.95	0.81	3.05	2.8	5.87	84.14	59.06
ENSG00000163814:CDCP1	1.28	2.42	21.72	21.97	36.73	27.29	4.44	9.72	31.42	14.72
ENSG00000163815:CLEC3B	84.31	125.07	4.71	0	116.05	153.13	43.54	106.98	35.88	54.04
ENSG00000163818:LZTFL1	3.93	5.81	25.14	13.07	17.24	15.18	1.75	2.36	10.5	5.53
ENSG00000163827:LRRC2	0.31	0.85	0.61	1.04	0.28	0.07	0.04	0.06	0.05	0
ENSG00000163832:ELP6	9.81	15.09	5.08	4.17	124.13	106.65	1.63	3.72	8.05	8.52
ENSG00000163833:FBXO40	0.01	0	0.64	0.15	0.19	0.31	0.13	0.21	0.14	0.05
ENSG00000163840:DTX3L	11.04	15.73	22.26	12.67	7.45	5.54	0.39	0.62	5.7	1.66
ENSG00000163848:ZNF148	11.29	12.65	24.8	12.72	12.85	11.91	5.09	8.53	13.38	1.84
ENSG00000163864:NMNAT3	18.32	20.66	2.84	2.48	1.47	2.21	0.02	0.09	3.47	2.58
ENSG00000163866:SMIM12	18.5	21.51	80.2	57	23.83	24.58	10.14	21.95	30.88	68.42
ENSG00000163870:TPRA1	29.83	28.76	51.08	80.35	51.15	52.6	5.53	15.82	11.88	15
ENSG00000163872:YEATS2	7.08	9.68	12.56	12.2	46.37	37.78	2.11	3.95	7.73	6.65
ENSG00000163873:GRIK3	0	0	0.97	0.4	0	0	0.22	1	0.06	0
ENSG00000163874:ZC3H12A	4.48	7.06	2.93	4.43	5.35	4.56	2.85	11.81	1.62	33.37
ENSG00000163875:MEAF6	44.24	42.71	19.6	20.37	35.15	36.62	4.34	10.4	25.58	11.28
ENSG00000163877:SNIP1	7.78	7.76	21.07	13.76	18.61	14.94	2.19	4.57	13.55	2.27
ENSG00000163879:DNALI1	3.29	4.43	0.09	0.23	0.13	0.26	0	0.01	4.5	1.02
ENSG00000163882:POLR2H	50.65	79.35	27.71	28.62	22.56	21.48	3.1	4.16	4.31	24.29
ENSG00000163884:KLF15	0.19	0.84	1.28	5.47	28.13	24.06	0.29	1.23	7.56	2.16
ENSG00000163888:CAMK2N2	0.24	0.13	4.92	2.03	3.53	1.97	0.07	0.15	0.45	2.91
ENSG00000163898:LIPH	0.24	0.19	37.06	34.6	6.84	6.42	4.14	4.27	8.26	15.57
ENSG00000163909:HEYL	12.66	15.98	1.24	1	28.82	33.8	0.87	5.22	3.85	4.35
ENSG00000163913:IFT122	6.75	12.15	7.21	6.49	6.48	4.2	0.73	1.44	8.24	8.83
ENSG00000163914:RHO	0.02	0.06	7.65	8.99	0	0.06	0	0	0	0
ENSG00000163918:RFC4	8.1	14.26	4.84	5.84	11.6	12.63	0.69	2.02	5.01	8.34
ENSG00000163930:BAP1	25.58	29.35	42.9	33.1	50.1	40.27	4.34	10.74	27.6	14.51
ENSG00000163931:TKT	108.96	128.45	42.41	33.05	445.13	342.64	15.84	32.5	241.64	212.12
ENSG00000163932:PRKCD	10.42	14.11	70.25	65.14	44.55	35.58	3.56	9.25	32	38.81
ENSG00000163933:RFT1	8.54	9.74	16.75	13.29	9.69	7.07	1.06	1.17	1.99	2.5
ENSG00000163935:SFMBT1	5.19	5.15	7.23	10.08	14.62	16.64	1.38	1.93	21.68	6.87
ENSG00000163938:GNL3	48.87	56.65	39.26	28.5	24.49	24.11	4.79	6.62	16.89	16.93
ENSG00000163939:PBRM1	27.59	29.55	27.94	15.46	17.56	15.65	3.5	6.98	10.67	2.81
ENSG00000163950:SLBP	26.27	31.44	32.48	28.45	49.93	41.73	4.4	12.05	32.78	9.81
ENSG00000163956:LRPAP1	158.09	209.82	210.8	200.32	143.01	147.23	9.26	22.63	217.84	75.97
ENSG00000163958:ZDHHC19	0.24	0.26	0.04	0.77	0.07	0.13	0.01	0	0	0.08
ENSG00000163959:SLC51A	3.51	3.99	0.99	45.73	0.17	0	0	0	0.22	0.79
ENSG00000163961:RNF168	3.07	4.32	7.31	5.67	12.1	9.71	0	0	5	0.75
ENSG00000163964:PIGX	7.92	11.02	52.83	51.48	11.14	13.41	2.03	2.53	4.95	8.55
ENSG00000163975:MELTF	0.14	0.76	0.37	11.72	0.18	0.24	0.01	0.02	7.13	44.4
ENSG00000163995:ABLIM2	0.17	0.05	3.85	5.5	1.98	3.31	0.04	0.12	1.09	0.44
ENSG00000164007:CLDN19	1.23	4.75	0.02	0.26	0.2	0.2	0.01	0	0	0.15
ENSG00000164008:C1orf50	3.87	3.2	6.48	8.8	21.27	19.87	2.25	3.7	7.14	11.72
ENSG00000164022:AIMP1	18.08	22.11	34.82	38.21	96.4	85.51	20.96	29.07	65.57	95.84
ENSG00000164023:SGMS2	18.38	17.47	19.57	14.86	26.89	30.03	6.42	8.81	7.44	1.48
ENSG00000164024:METAP1	10.89	14.97	48.37	34.69	34.16	27.77	6.71	7.82	35.65	27.42
ENSG00000164035:EMCN	0.36	0.93	28.39	34.28	49.54	64.55	1.13	1.39	7.42	38.51
ENSG00000164037:SLC9B1	0.52	0.8	3.73	1.48	0.09	0.09	0.2	0.51	0.07	0
ENSG00000164038:SLC9B2	3.39	2.69	7.99	4.87	0.55	0.92	0.11	0.06	0.28	0.15
ENSG00000164039:BDH2	7.34	14.13	1.3	1.39	41.6	67.45	1.99	4.81	28.04	21.03
ENSG00000164040:PGRMC2	229.9	174.36	45.79	39.06	182.5	201.54	13.32	23.54	127.66	153.33
ENSG00000164045:CDC25A	2.29	1.87	6.73	7.8	9.62	8.22	2.51	4.8	0.91	0.66
ENSG00000164050:PLXNB1	25.03	50.39	21.65	20.54	13.26	11.21	0.44	1.63	7.19	11.25
ENSG00000164053:ATRIP	8.49	6.75	11.23	8.41	4.15	3.87	1.24	3.09	3.27	6.31
ENSG00000164054:SHISA5	111.47	113.55	277.82	229.14	126.06	114.14	4.37	9.33	60.6	89.41
ENSG00000164056:SPRY1	14.1	32.43	10.07	16.94	52.41	33.17	8.29	14.45	6.78	24.85
ENSG00000164061:BSN	0.18	0.27	0.56	0.97	0.09	0.04	0.02	0.08	0.73	0.24
ENSG00000164062:APEH	33.78	37.74	38.92	40.27	31	27.15	2.64	5.32	24.73	47.41
ENSG00000164066:INTU	1.93	3.43	1.44	1.5	1.89	2.38	0.1	0.23	1.6	3.9
ENSG00000164068:RNF123	15.37	21.26	15.33	14.26	17.26	17.26	1.54	4.25	12.82	8.23
ENSG00000164070:HSPA4L	2.61	1.7	7.47	8.19	5.77	6.27	1.19	3.55	54.29	16.28
ENSG00000164073:MFSD8	18.81	26.8	5.85	6.03	7.16	6.37	1.23	2.23	6.11	10.41
ENSG00000164074:ABHD18	6.88	7.49	5.2	11.25	5.31	4.76	0.38	0.72	21.09	2.46
ENSG00000164076:CAMKV	0	0	0	0	0.2	0.76	0.02	0.01	1.48	0.3
ENSG00000164077:MON1A	3.13	3.94	11.17	14.96	10.8	11.54	1.71	3.59	13.52	19.5
ENSG00000164078:MST1R	0.59	0.57	2.29	3.68	1.1	1.11	0.62	0.86	3.99	5.84
ENSG00000164080:RAD54L2	11.74	15.25	9.29	5.41	9.79	9.47	1.41	3.83	4.19	0.75
ENSG00000164081:TEX264	39.28	43.88	166.1	145.74	63.72	62.12	3.59	6.15	184.7	385.54
ENSG00000164086:DUSP7	10.72	12.04	20.53	11.05	15.35	14.37	3.63	7.66	5.34	15.46
ENSG00000164088:PPM1M	8.42	13.5	16.77	18.23	41.82	34.41	1.2	3.39	16.33	40.09
ENSG00000164099:PRSS12	12.71	22.45	6.72	5.76	23.22	12.1	4.2	6.2	1.99	0.81
ENSG00000164100:NDST3	0.17	0.18	0.38	0.16	0.17	0.09	0.38	0.37	0.18	0.11
ENSG00000164104:HMGB2	41.53	39.55	20.03	13.96	123.46	117.09	1.57	2.88	57.14	49.78
ENSG00000164105:SAP30	1.79	2.82	10.77	7.57	10.66	8.56	0.54	1.35	46.06	30
ENSG00000164106:SCRG1	0.12	0.24	0.16	0	0.62	0	0.11	0.23	0	0
ENSG00000164107:HAND2	3.85	16.91	25.46	25.06	24.1	26.09	3.17	10.38	4.27	4.56
ENSG00000164109:MAD2L1	6.88	5.21	4.59	4.25	89.98	61.99	1.28	1.69	5.22	3.68
ENSG00000164113:ADAD1	0	0.03	0.17	0	0.16	0	0	0	0.32	1.03
ENSG00000164114:MAP9	1.52	2.31	3.12	1.76	1.13	1.47	0.29	0.42	3.17	1.42
ENSG00000164116:GUCY1A1	7.04	13.94	10.33	13.27	2.79	3.46	0.51	1.35	17.39	4.15
ENSG00000164117:FBXO8	23.84	25.67	22.56	23.17	29.02	26.85	7.5	11.25	22.55	11.03
ENSG00000164118:CEP44	7.59	12.07	14.79	14.42	7.32	5.13	1.21	2.02	49.03	23.16
ENSG00000164120:HPGD	336.83	223.71	46.64	52.09	2.7	2.97	1.16	2.64	317.07	117.6
ENSG00000164122:ASB5	0.11	0.14	2.68	1.2	0.03	0.11	0.2	0.2	0	0.09
ENSG00000164123:SPMIP2	0.04	0.1	0.08	0	0	0	0	0	0.48	0.47
ENSG00000164124:TMEM144	2.26	3.52	19.9	23.54	32.54	30.87	1.33	2.03	1.36	3.57
ENSG00000164125:GASK1B	3.8	9.38	6.37	4.06	4.91	5.92	1.33	3.75	6.26	3.3
ENSG00000164128:NPY1R	3.75	3.48	0.07	0.18	0.08	0	0.55	0.58	0	0
ENSG00000164129:NPY5R	1.74	1.28	0	0	0	0	0	0	0.3	0
ENSG00000164134:NAA15	11.15	12.11	25.4	19.53	22.08	19.5	6.7	10.01	30.85	4.61
ENSG00000164136:IL15	0.9	1.9	1.65	3.37	1.55	1.06	0.21	0.4	0.94	4.27
ENSG00000164142:FHIP1A	1.15	0.75	8.36	4.15	12.05	14.88	2.43	9.68	5.98	2.22
ENSG00000164144:ARFIP1	20.89	18.43	31.26	31.03	27.22	25.57	15.64	19.6	48.81	6.47
ENSG00000164151:ICE1	12.42	13.19	24.76	15.11	19.67	16.64	1.94	5.44	8.05	2.42
ENSG00000164161:HHIP	0.11	0.07	0.99	2.54	6.97	2.91	0.07	0.17	85.41	25.45
ENSG00000164162:ANAPC10	10.66	14.35	17.5	13.93	9.4	9.11	0.26	0.51	10.92	14.11
ENSG00000164163:ABCE1	21.3	22.17	37.52	24.52	33.84	30	7.4	10.08	25.89	42.91
ENSG00000164164:OTUD4	22.58	25.92	53.23	23.58	14.65	13.81	4.02	7.53	15.24	4.65
ENSG00000164168:TMEM184C	17.53	19.91	12.77	11.05	36.48	30.89	21.64	42.03	51.17	99.67
ENSG00000164169:PRMT9	4.74	6.1	14.42	11.7	7.22	7.71	1.56	3.16	5.97	8.56
ENSG00000164171:ITGA2	2.34	2.96	27	13.15	18.32	11.26	18.11	22.85	3.07	0.34
ENSG00000164176:EDIL3	0.31	2.28	0.04	0.17	0.97	0.21	0.14	0.25	2.47	5.96
ENSG00000164180:TMEM161B	21.78	19.36	11.47	10.83	11.86	10.21	3.37	4.6	2.13	2
ENSG00000164181:ELOVL7	9.37	7.34	1.17	1.7	162.41	172.9	4.33	8.54	5.08	5.4
ENSG00000164182:NDUFAF2	6.17	7.12	11.85	13.06	8.36	7.72	1.28	1.21	43.5	37.47
ENSG00000164187:LMBRD2	5.19	5.39	9.53	4.67	17.4	14.42	7.06	10.04	9.29	4.55
ENSG00000164188:RANBP3L	0.83	2.96	0.31	0.24	0.24	0.09	0.02	0.02	42.16	8.63
ENSG00000164190:NIPBL	37.3	53.11	22.13	12.26	19.34	17.01	5.17	10.54	28.93	4.99
ENSG00000164197:RNF180	0.2	0.79	0.54	0.58	0.29	0.23	0.07	0.04	3.9	1.53
ENSG00000164199:ADGRV1	5.17	4.89	1.66	1.37	0.18	0.18	0.1	0.14	0.43	5.5
ENSG00000164209:SLC25A46	21.34	26.92	21.09	13.66	23.9	18.37	3.5	5.92	6.41	1.74
ENSG00000164211:STARD4	37.15	32.43	8.9	21.62	70.52	72.81	4.66	14.56	0.92	1.02
ENSG00000164220:F2RL2	0.25	0.35	0.5	0.32	15.71	10.02	5.5	10.8	0.21	0.13
ENSG00000164236:ANKRD33B	0.62	1.85	37.2	22.65	10.17	2.96	2.16	8.38	0.13	0.03
ENSG00000164237:CMBL	2.22	2.33	4.83	12.96	21.66	22.98	0.62	1.49	1.69	12.83
ENSG00000164241:C5orf63	0.78	2.14	7.49	6.24	4.54	4.95	1.64	2.25	1.23	8.65
ENSG00000164244:PRRC1	66	58.56	46.67	29.85	17.85	15.57	4.26	7.95	20.34	7.88
ENSG00000164251:F2RL1	1.44	1.64	25.95	21.69	57.59	52.65	5.76	8.54	4.91	8.8
ENSG00000164252:AGGF1	6.86	10.99	30.61	22.32	47.93	44.69	4.5	7.26	26.08	6.32
ENSG00000164258:NDUFS4	23.99	31.45	72.38	86.1	104.76	84.08	25.72	37.44	100.54	138.31
ENSG00000164265:SCGB3A2	5.25	10.95	0	0	0	0	0	0	0.17	3.21
ENSG00000164270:HTR4	0.04	0.21	0	0	0.34	0.85	0.34	0.67	0.05	0.05
ENSG00000164283:ESM1	0.08	0.19	0.29	2.76	250.75	302.72	10.46	52.41	436.95	334.63
ENSG00000164287:CDC20B	0.03	0.05	0	0	0.5	0.1	0.09	0.19	0	0.1
ENSG00000164291:ARSK	4.35	4.16	5.63	3.3	1.67	0.9	0.48	0.95	48.95	8.99
ENSG00000164292:RHOBTB3	424.31	490.22	2.12	1.45	95.25	80.88	2.56	4.76	8.45	9.88
ENSG00000164294:GPX8	16.94	21.28	60.23	66.17	44.77	58.72	1.82	4.06	23.05	23.29
ENSG00000164299:SPZ1	0	0	0.03	0.22	0	0	0.01	0.02	38.59	19.38
ENSG00000164300:SERINC5	52.22	43.48	174.23	56.13	30.45	27.45	5.86	10.62	3.6	6.59
ENSG00000164303:ENPP6	0.15	0.15	0.33	0.93	2.22	2.68	2.34	7.53	2.49	2.67
ENSG00000164304:CAGE1	0.01	0.1	1.36	0.83	0.27	0.5	0.3	0.59	0.76	0.57
ENSG00000164306:PRIMPOL	7.96	8.39	4.05	4.01	15.47	7.5	0.23	0.61	7.89	4.58
ENSG00000164307:ERAP1	49.82	49.38	28.41	15.05	10.43	6.46	2.21	3.68	21.9	25.51
ENSG00000164309:CMYA5	8.54	12.16	1.51	0.16	0.22	0.1	0.06	0.11	0.09	0.05
ENSG00000164318:EGFLAM	18.15	22.38	2.56	1.13	25.04	23.49	4.62	9.49	7.46	5.02
ENSG00000164323:CFAP97	9.77	11.3	8.62	5.16	12.51	9.18	1.95	3.83	4.06	2.51
ENSG00000164325:TMEM174	0	0	0	0	0	0	0	0	1.44	1.06
ENSG00000164326:CARTPT	0.07	0	0.22	0	0	0	0	0	0	0.41
ENSG00000164327:RICTOR	30.76	33.36	14.67	10.06	9.2	15.05	4.44	7.34	13.63	1.08
ENSG00000164329:TENT2	46.81	61.67	59.75	50.21	17.23	14.12	4.06	6.73	6.67	7.29
ENSG00000164330:EBF1	7.04	12.59	1.35	0.9	3.04	3.19	1.2	2.79	0	0
ENSG00000164331:ANKRA2	26.52	30.33	20.95	15.87	16.46	13.77	1.3	2.2	14.29	11.54
ENSG00000164332:UBLCP1	21.86	24	37.15	33.54	22.77	22.7	4.58	6.2	12.74	11.9
ENSG00000164338:UTP15	8.14	8.13	12.66	8.56	11.26	9.57	1.77	2.92	14.02	12.52
ENSG00000164342:TLR3	20.78	21.21	4.62	3.2	3.26	3.97	0.26	0.45	0.65	1.4
ENSG00000164344:KLKB1	0.15	0.33	0.11	0.01	0	0	0	0	0.53	1.06
ENSG00000164347:GFM2	13.08	17.57	18.46	12.74	12.54	13.32	2.47	3.86	3.8	2.77
ENSG00000164362:TERT	0.02	0.05	1.3	0.97	3.8	5.65	0.06	0.26	0.29	0.33
ENSG00000164363:SLC6A18	0	0	0.64	2.22	0	0.08	0	0	0.11	0.03
ENSG00000164379:FOXQ1	0.58	0.93	10.92	26.09	8.37	15.9	0.01	0.06	0.21	0.51
ENSG00000164404:GDF9	0.29	0.57	2.41	1.46	0.32	0.35	0.81	1.47	0.16	0.05
ENSG00000164414:SLC35A1	10.37	18.44	33.53	17.29	21.06	21.39	5.25	8.12	38.82	155.3
ENSG00000164418:GRIK2	1.36	4.47	0.03	0.12	0.4	0.12	0.07	0.21	0.41	0.08
ENSG00000164430:CGAS	1.65	2.07	0.68	0.6	4.32	3.83	0.09	0.16	5.71	3.87
ENSG00000164434:FABP7	0.07	0.08	0.41	0.92	2.11	3.56	0.01	0.12	7.05	1.92
ENSG00000164438:TLX3	0.03	0.04	0.35	0.27	0	0	0	0	0	0.12
ENSG00000164440:TXLNB	0.33	0.56	0.81	0.31	0	0.15	0.11	0.1	2.41	0.73
ENSG00000164442:CITED2	17.19	50.89	659.49	362.37	123.2	144.43	13.9	29.92	326.06	119.07
ENSG00000164451:CALHM4	9.08	16.64	0	0	0.08	0.06	0	0	0	0
ENSG00000164458:TBXT	0	0	0	0.37	0.04	0.04	0.13	0.17	0	0
ENSG00000164463:CREBRF	20.55	17.39	23.65	13.19	24.16	27.14	7.26	13.15	18.13	3.19
ENSG00000164465:DCBLD1	6.37	11.88	3.25	4.58	9.18	8.04	1.72	3.47	11.5	9.55
ENSG00000164483:SAMD3	0.48	0.52	0	0	0.04	0.1	0	0	0	0
ENSG00000164484:TMEM200A	0.16	1.38	1.8	2.92	0.02	0.04	0.29	0.78	0.67	0.09
ENSG00000164485:IL22RA2	4.2	3.43	0.04	0.7	0	0	0	0.04	0.07	0
ENSG00000164488:DACT2	47.61	86.76	1.05	1.86	0.68	0	0.01	0.01	1.02	0.42
ENSG00000164494:PDSS2	4.9	5.36	7.21	4.7	7.66	5.11	0.37	0.89	1.52	0.95
ENSG00000164500:SPMIP7	0	0	0.16	0.33	0	0	0	0.01	0	0
ENSG00000164506:STXBP5	3.58	4.52	34.7	20.65	41.39	47.01	8	19.5	4.85	1.62
ENSG00000164509:IL31RA	0.14	0.48	0.1	0.17	0	0.02	0.26	0.51	0.49	0.04
ENSG00000164512:ANKRD55	0.22	0.28	0.57	2.19	0	0	0.02	0.05	0.09	0.24
ENSG00000164532:TBX20	5.67	5.23	4.45	2.48	0.03	0.12	0.52	1.51	5.92	1.04
ENSG00000164535:DAGLB	26.98	35.96	7.08	5.9	25.33	18.92	1.06	2.34	16.63	10.56
ENSG00000164542:MATCAP2	1.61	1.23	0.54	0.99	2.5	2.43	0.85	1.17	5.74	4.48
ENSG00000164548:TRA2A	194.42	288.94	104.87	75.51	90.14	95.92	5	8.37	65.78	62.13
ENSG00000164574:GALNT10	3.76	7.14	14.47	14.09	23.12	18.1	1.59	4.05	5.02	1.92
ENSG00000164588:HCN1	0	0.01	0.01	0.33	3.43	1.67	0.01	0.01	0	0
ENSG00000164591:MYOZ3	1.12	1.6	0.05	0.09	0.13	0.24	0	0.02	0.33	1.5
ENSG00000164597:COG5	10.76	12.07	17.77	15.02	13.62	11.95	3.24	6.03	5.85	7.65
ENSG00000164600:NEUROD6	0	0	0	0	0	0	0.13	0.07	0	0
ENSG00000164603:SAMTOR	3.34	4.52	9.91	7.33	6.34	5.34	3.77	5.14	4.07	1.92
ENSG00000164604:GPR85	1.28	1.51	0.09	0	0.03	0	0.06	0.08	0	0.34
ENSG00000164609:SLU7	29.68	30.8	37.99	33.93	46.14	46.42	5.36	7.92	55.38	17.9
ENSG00000164615:CAMLG	6.82	9.33	40.64	39.62	31.06	28.64	2.89	4.74	41.92	42.91
ENSG00000164619:BMPER	4.79	7.24	13.92	5.53	1.39	1.78	1.28	3.57	0.97	0.91
ENSG00000164620:RELL2	20.76	31.2	1	0.81	4.9	2.6	0.02	0.1	2	7.81
ENSG00000164626:KCNK5	10.8	18.75	104.45	44.55	71.48	51.01	2.57	5.59	4.53	4.04
ENSG00000164627:KIF6	3.76	4	0.49	0.55	0.54	0.54	0.02	0	1.19	0.54
ENSG00000164638:SLC29A4	0.43	0.65	0.89	0.59	0.11	0.42	0.05	0.12	0.08	0.18
ENSG00000164645:TEX47	0	0	0	0	0	0	0	0	0	0
ENSG00000164649:CDCA7L	2	2.63	1.25	0.81	63.65	27.62	0.43	1.09	2.08	1.09
ENSG00000164651:SP8	0.12	0.02	0.03	0	0.02	0.1	0	0.01	0	0
ENSG00000164659:ELAPOR2	5.7	7.03	0.22	0.04	0.07	0.19	1.08	1.84	0.64	0.43
ENSG00000164663:USP49	2.93	3.58	8.97	5.35	2.79	1.47	0.24	0.47	1.37	1.48
ENSG00000164674:SYTL3	0.54	0.99	0.68	2.69	1.18	0.98	0.14	0.31	0.15	0.17
ENSG00000164675:IQUB	0.3	0.54	0.02	0	0.05	0.03	0.45	1.3	0.78	0.49
ENSG00000164683:HEY1	12.97	15.19	4.74	6.61	33.38	30.38	4.95	8.53	2.63	3.57
ENSG00000164684:ZNF704	2.1	4.79	7.41	5.89	0.44	1.48	0.1	0.34	0.67	0.13
ENSG00000164687:FABP5	175.19	206.4	139.89	487.92	282.37	244.6	36.73	75.59	108.41	110.29
ENSG00000164690:SHH	0.01	0.02	0.02	0	0.36	0.15	0.08	0.84	0.3	0.08
ENSG00000164694:FNDC1	0.11	0.45	0.5	0.18	0.14	0.24	0.01	0.1	0.72	0.25
ENSG00000164695:CHMP4C	10.89	9.26	8.56	12.41	8.11	5.77	2.75	4.03	2.76	4.22
ENSG00000164707:SLC13A4	83.88	98.91	49.21	38.65	199.51	285.62	25.74	63.19	0.05	0.04
ENSG00000164708:PGAM2	0	0	4.81	2.28	0.25	4.95	0.09	0.25	1.41	1.21
ENSG00000164713:BRI3	100.79	128.9	99.86	124.76	136.6	116.7	9.53	23.31	8.39	71.73
ENSG00000164715:LMTK2	5	5.78	37.87	17.92	35.87	34.29	6.22	19.22	15.91	1.71
ENSG00000164733:CTSB	330.79	243.42	2210.2	1427.75	1280	1008.96	700.87	1051.81	658.61	425.94
ENSG00000164736:SOX17	2.94	4.76	27.9	26.11	19.69	17.8	0.93	2.65	21.69	29.49
ENSG00000164741:DLC1	16.73	22.87	62.59	29.13	34.27	26.75	4.11	9.92	11.41	5.41
ENSG00000164742:ADCY1	0.2	0.07	1.64	7.93	0.11	0.11	0	0.01	0.8	0.1
ENSG00000164743:C8orf48	0.25	0.51	5.72	3.36	1.43	0.61	0.29	0.54	0.09	1.07
ENSG00000164744:SUN3	0.87	0.46	0.34	0.51	0	0.06	0	0	0.31	0.14
ENSG00000164746:C7orf57	0.58	0.12	1.49	1.79	0.16	0.19	0	0.03	1.36	1.05
ENSG00000164749:HNF4G	0	0.06	0	0	0.22	0.23	0	0.01	0.09	0.08
ENSG00000164751:PEX2	16.43	24.4	23.48	22.89	7.6	7.28	1.38	2.25	3.22	10.71
ENSG00000164754:RAD21	64.91	65.03	100.07	54.35	76.22	75.54	12.69	21.41	62.71	19.42
ENSG00000164758:MED30	4.16	5.14	9.23	13.71	15.76	10.05	2.81	6.31	7.58	8.54
ENSG00000164761:TNFRSF11B	0.57	1.15	288.31	182.41	5.52	3.38	1.84	2.05	0.71	1.27
ENSG00000164764:SBSPON	0.98	10.39	0.26	0.28	6.52	1.24	0.99	1.32	22.78	25.75
ENSG00000164776:PHKG1	0.54	1.04	7.18	5.72	1	0.97	0.18	0.41	0.07	0
ENSG00000164778:EN2	0	0	0.03	0.13	0.11	0.21	0.22	0.79	0.83	0.15
ENSG00000164794:KCNV1	0.2	0.24	0	0	0	0	0	0	0.02	0
ENSG00000164796:CSMD3	0	0.01	0.04	0	0	0.01	0.01	0	0	0
ENSG00000164808:SPIDR	24.47	28.93	4.39	3.1	16.54	10.88	1.05	2.49	1.2	0.7
ENSG00000164815:ORC5	7.51	8.41	19.58	15.45	4.6	4.77	4.81	7.5	6.89	14.26
ENSG00000164818:DNAAF5	7.45	9.35	9.18	7.85	9.15	8.13	0.73	3.4	4.91	3.86
ENSG00000164823:OSGIN2	1.54	3.88	10.27	5.32	24.3	19.27	1.31	1.66	6.74	6.33
ENSG00000164828:SUN1	58.03	96	47.18	35.88	43.27	44.18	1.24	4.08	42.33	9.51
ENSG00000164830:OXR1	12.39	13.42	39.04	30.96	26.08	31.25	6.14	9.32	137.37	15.11
ENSG00000164841:TMEM74	0.2	0.36	0.15	0.24	0	0.03	0.08	0.14	0	0.25
ENSG00000164855:TMEM184A	12.33	22.15	9.23	11.11	11.94	12.06	1.85	5.76	3.93	3.14
ENSG00000164867:NOS3	62.79	49.77	2.62	2.47	3.38	4.01	1.21	4.92	3.62	9.59
ENSG00000164877:MICALL2	3.23	5.99	2.27	2.07	77.24	75.74	2.03	8.7	3.48	4.26
ENSG00000164879:CA3	0.03	0.07	0.21	0.34	0.05	0	0	0	20.55	4.85
ENSG00000164880:INTS1	25.06	38.56	17.57	12.57	26.77	28.36	1.16	4.7	9.9	12.65
ENSG00000164889:SLC4A2	147.11	144.08	73.83	51.48	36.8	31.4	1.91	6.42	32.48	50.8
ENSG00000164897:TMUB1	40.69	55.08	17.79	13.9	23.95	20.46	1.98	5.17	12.32	46.49
ENSG00000164900:GBX1	0	0.19	0.08	0	0.28	0.03	0.24	0.84	0	0
ENSG00000164902:PHAX	16.94	23.82	35.74	30.13	88.12	83.74	6.52	9.69	49.62	23.84
ENSG00000164904:ALDH7A1	54.57	58.73	80.62	66.02	88.25	61.41	5.74	11.69	30.45	7.26
ENSG00000164916:FOXK1	4.4	7.35	33.17	13.75	16.42	10.6	0.97	3.53	3.11	0.41
ENSG00000164924:YWHAZ	415.02	395.81	256.4	191	324.5	286.4	98.26	163.02	510.32	122.31
ENSG00000164929:BAALC	4.41	4.01	0.24	0.45	0.1	0.15	0.2	0.27	7.01	20.28
ENSG00000164930:FZD6	9.65	13.42	13.32	8.08	15.99	17.13	4.68	9.61	5.04	2.96
ENSG00000164932:CTHRC1	12.42	23.18	3.29	4.56	7.43	6.66	2.21	5.5	17.84	12.56
ENSG00000164934:DCAF13	18.53	26.25	32.75	33.71	48.29	40.48	4.73	7.89	21.28	24.87
ENSG00000164935:DCSTAMP	0.11	0.1	0.07	0.05	0.2	0.1	0	0	0	0
ENSG00000164941:INTS8	30.77	49.37	20.23	18.73	26.04	27.74	2.75	4.87	14.51	13.25
ENSG00000164944:VIRMA	25.99	34.99	28.49	16.18	14.45	13.33	7.95	13.45	17.69	4.55
ENSG00000164946:FREM1	0.89	2.39	1.4	2.48	0.06	0.1	0.1	0.1	5.18	0.78
ENSG00000164949:GEM	0.57	2.66	20.39	4.39	21.58	22.59	2.26	4.64	4.9	6.5
ENSG00000164951:PDP1	7.1	10.94	4.11	2.73	17.82	18.76	2.6	4.18	7.41	1.6
ENSG00000164953:TMEM67	5.3	6.63	7.32	6.69	7.07	5.86	0.74	1.26	1.32	1.05
ENSG00000164961:WASHC5	24.52	28.88	24.51	22.47	61.88	64	7.59	12.57	10.93	17.59
ENSG00000164967:RPP25L	11.57	9.17	14.77	19.41	8.76	7.56	2.52	5.19	6.97	29.38
ENSG00000164970:FAM219A	12.92	20.09	37.26	22.42	14.75	20.36	1.1	3.44	1.55	1.29
ENSG00000164975:SNAPC3	11.82	13.56	14.58	10.57	9.62	9.55	0.8	1.88	11.9	5.49
ENSG00000164976:MYORG	20.29	23.74	5.17	10.51	7.7	7.88	0.52	0.98	2.88	0.27
ENSG00000164978:NUDT2	11.18	10.87	10.11	10.02	3.07	2.89	1.04	1.97	34.16	80.62
ENSG00000164983:TMEM65	3.06	5.79	37.01	23.1	36.5	36.5	2.4	4.32	4.83	6.51
ENSG00000164985:PSIP1	24.2	38.58	52.18	37.47	36.44	43.13	2.11	3.82	44.02	8.07
ENSG00000164989:CCDC171	3.75	4.04	2.5	1.82	0.13	0.37	0.06	0.13	7.18	1.51
ENSG00000165006:UBAP1	30.38	34.03	69.08	55.05	36.71	30.49	4.6	10.29	40.67	15.77
ENSG00000165023:DIRAS2	1.63	2.33	16.84	9.93	0.03	0.13	0.06	0.23	0.29	0
ENSG00000165025:SYK	3.53	8.51	13.83	8.15	4.29	2.21	0.32	0.78	2.49	5.86
ENSG00000165029:ABCA1	14.05	24.12	46.43	37.37	14.64	13.47	12.97	30.1	17.71	2.33
ENSG00000165030:NFIL3	22.14	37.21	22.96	25.26	40.86	30.37	3.42	7.46	61.53	48.71
ENSG00000165046:LETM2	2.51	3.58	13.82	8.58	1.26	1.87	0.53	1.37	0.27	0.37
ENSG00000165060:FXN	9.35	7.28	7.25	5.92	22.3	17.78	0.41	1.12	17.06	28.52
ENSG00000165061:ZMAT4	0	0.03	1.79	2.42	0	0	0	0	0	0.09
ENSG00000165066:NKX6-3	0	0	0	0	0	0.04	0	0.02	0	0
ENSG00000165071:TMEM71	0.46	0.65	0.81	0.24	0.65	0.38	0.05	0.08	0.42	0
ENSG00000165072:MAMDC2	0.49	3	10.8	7.92	0.25	0.35	2.03	2.54	1.38	2.54
ENSG00000165078:CPA6	0.03	0.08	0.91	0.52	0	0	0	0.01	0	0
ENSG00000165084:C8orf34	0.64	0.85	0.09	0.04	0.58	0.97	0.24	0.46	0.3	0.14
ENSG00000165091:TMC1	5.13	6.74	0.25	0.04	0.02	0.09	0.04	0.03	0.02	0.02
ENSG00000165097:KDM1B	3.42	5.57	21.18	15.27	7.55	6.46	1.23	2.37	2.48	0.48
ENSG00000165105:RASEF	4.88	4.92	10.42	2.54	0.6	0.92	0.05	0.09	14.14	0.66
ENSG00000165113:GKAP1	4.04	6.85	36.38	33.97	35.47	31.19	1.32	2.08	11.72	11.9
ENSG00000165115:KIF27	5.3	5.04	1.16	4.32	6.91	5.57	0.2	0.46	1.48	0.25
ENSG00000165118:QNG1	4.46	6.11	16.66	35.44	15.58	14.58	1.6	2.52	0.75	5.36
ENSG00000165120:SSMEM1	0	0.16	0.09	0.07	0	0	0.01	0.01	0	0
ENSG00000165124:SVEP1	290.41	389.74	7.42	9.78	3.35	1.53	0.22	0.65	1.48	0.67
ENSG00000165125:TRPV6	322.56	371.52	20.91	23.93	93.27	137.4	12.64	38.03	5.99	40.53
ENSG00000165138:ANKS6	2.73	3.42	2.17	1.32	2.5	0.9	0.14	0.42	3.74	1.92
ENSG00000165156:ZHX1	11.47	12.79	10.91	9.79	13.59	10.78	4.73	9.31	12.68	3.16
ENSG00000165168:CYBB	13.94	42.25	2.52	1.85	14.51	8.34	1.2	1.5	2.8	2
ENSG00000165171:METTL27	2.69	1.65	21.86	21.19	103.14	116.96	0.01	0.03	2.81	4.64
ENSG00000165175:MID1IP1	5.63	9.2	14.63	15.51	23.99	24.28	5.6	15.14	17.82	9.87
ENSG00000165181:SHOC1	0.43	0.22	0.4	0.02	0.01	0	0.06	0.08	0.18	0.36
ENSG00000165182:CXorf58	0.08	0.15	0.77	1.44	0.72	0.36	0	0	0.74	1.63
ENSG00000165185:KIAA1958	0.48	0.56	5.47	3.75	0.95	1.15	0.5	1.47	1.81	0.18
ENSG00000165188:RNF183	0.07	0.08	0.35	0.71	1.38	2.27	0.05	0.32	1.81	8.35
ENSG00000165194:PCDH19	0.03	0.12	1.42	1.16	0.13	0.12	0.05	0.23	0.52	0.17
ENSG00000165195:PIGA	23.76	22.89	4.27	5.01	19.17	16.54	5.86	9.57	5.26	4.16
ENSG00000165197:VEGFD	0.09	0.25	5.04	7.36	10.66	9.65	0.01	0.01	0.12	0.11
ENSG00000165202:OR1Q1	0.23	0.21	0	0	0	0	0	0.03	0	0
ENSG00000165209:STRBP	5.78	7.83	8.85	8.94	23.35	22.14	4.83	8.34	105.93	54.4
ENSG00000165219:GAPVD1	26.81	25.99	39.36	24.48	44.54	48.03	6.45	14.58	16.47	5.8
ENSG00000165238:WNK2	11.2	20.08	4.93	3.91	5.27	4.85	0.35	2.01	7.53	3.6
ENSG00000165240:ATP7A	3.4	3.75	11.59	19.19	4.69	3.1	3.25	5.95	6.65	0.73
ENSG00000165259:HDX	0.03	0.87	0.39	0.26	0	0	0	0	0.69	0.64
ENSG00000165264:NDUFB6	9.45	11.97	59.61	101.22	50.7	40.7	7.36	11.89	31.03	116.94
ENSG00000165271:NOL6	8.1	9.8	27.49	14.6	5.33	5.64	1.3	2.25	5.65	12.72
ENSG00000165272:AQP3	4	14.15	45.79	26.76	1.06	0.76	6.76	8.65	51.05	5.29
ENSG00000165275:TRMT10B	8.75	11.55	8.91	7.06	24.26	23.35	0.67	0.98	8.3	26.39
ENSG00000165280:VCP	80.64	91.13	208.59	170.79	245.63	229.29	21.41	38.67	459.25	196.19
ENSG00000165282:PIGO	24.2	20.72	25.04	13.66	14.61	14.78	3.08	6.44	5.56	11.54
ENSG00000165283:STOML2	26.49	28.79	91	90.76	96.92	81.26	7.05	12.37	75.47	76.4
ENSG00000165288:BRWD3	7.74	10.24	12.3	6.4	4.9	4.52	2	3.64	2.81	0.15
ENSG00000165300:SLITRK5	0.06	0.07	0.02	0	0	0.01	0.01	0	0.38	0
ENSG00000165304:MELK	5.22	4.79	1.26	0.85	7.53	7.01	0.18	0.34	3.94	0.38
ENSG00000165309:ARMC3	0.01	0.02	0.07	0	0	0	0	0.01	1.97	1.13
ENSG00000165312:OTUD1	6.07	8.41	5.36	3.79	22.62	9.59	1.19	2.86	19.32	21.67
ENSG00000165322:ARHGAP12	13.29	18.2	17.81	16.28	22.48	19.84	4.65	8.77	30.12	2.17
ENSG00000165323:FAT3	0.07	0.21	0.13	0.14	0.06	0.02	0.04	0.25	0.06	0
ENSG00000165325:DEUP1	0	0.04	0.11	1.12	0.09	0	0.09	0.15	0.3	0.18
ENSG00000165338:HECTD2	3.64	5.82	2.5	0.95	2.11	2.43	0.94	1.48	1.16	0.84
ENSG00000165349:SLC7A3	0	0	4.64	3.57	0.03	0	22.43	48.4	133.35	159.58
ENSG00000165355:FBXO33	7.51	8.7	17.74	19.87	11.33	6.62	2.98	6.23	12.41	3.46
ENSG00000165359:INTS6L	5.49	8.65	8.68	13.49	0.23	0.28	2.29	6.32	0.24	0
ENSG00000165370:GPR101	0	0.01	0	0	0	0	0	0	0	0
ENSG00000165376:CLDN2	0.53	1.36	14.06	214.3	0.49	0.23	0.03	0.02	0	0.12
ENSG00000165379:LRFN5	0.24	0.48	0	0	0	0	0.01	0.05	0.03	0.03
ENSG00000165383:LRRC18	0	0	3.04	1.23	0	0	0.09	0.23	0.4	0.31
ENSG00000165392:WRN	5.28	5.82	7.9	5.97	5.26	4.41	1.91	2.66	2.43	1.85
ENSG00000165406:MARCHF8	11.11	14.52	81.38	53.74	12.62	13.14	5.21	11.31	32.42	12.32
ENSG00000165409:TSHR	1.03	1.24	0.31	0.45	0	0	0	0.02	0	0
ENSG00000165416:SUGT1	20.77	26.49	84.91	76.69	38.27	33.26	1.41	2.54	50.38	58.91
ENSG00000165417:GTF2A1	27.45	22.02	16.42	12.79	16.19	15.3	4.08	7.11	28.88	1.69
ENSG00000165424:ZCCHC24	7.4	10.69	21.94	31.98	36.79	32.09	1.46	4.02	4.67	1.66
ENSG00000165434:PGM2L1	0.47	1.01	5.89	4.36	15.34	19.7	1.58	1.99	0.42	0
ENSG00000165443:PHYHIPL	99.52	93.99	28.2	18.89	0.08	0.04	0.1	0.24	27.2	13.97
ENSG00000165449:SLC16A9	0.03	0.02	39.45	18.77	0.16	0.11	2.8	4.71	77.79	31.88
ENSG00000165458:INPPL1	97.04	175.49	48.9	31.76	39.09	40.73	3.15	10.32	31.55	46.67
ENSG00000165462:PHOX2A	0.06	0	0.15	0.05	0.12	0.12	0.02	0.09	0.1	0
ENSG00000165471:MBL2	0	0	0	1.2	0	0	0	0	7.55	1.41
ENSG00000165474:GJB2	0.08	0.03	494.79	234.37	281.03	195.56	0	0	0.74	0.6
ENSG00000165475:CRYL1	6.02	9.52	9.76	43.73	59.87	43.4	3.16	9.05	8.7	32.4
ENSG00000165476:REEP3	29.66	36.67	35.81	31.33	41.84	30.35	7.95	11.76	37.79	9.32
ENSG00000165478:HEPACAM	0.01	0	0.62	0.21	0.17	0.11	0	0.01	0.13	1.75
ENSG00000165480:SKA3	3.97	2.25	0.58	0.57	5.17	6.23	0.29	0.68	4.17	2.53
ENSG00000165487:MICU2	47.83	50.67	35.64	36.47	35.21	27.15	4.15	7.56	41.86	21.32
ENSG00000165490:DDIAS	1.39	1.01	1.32	0.65	4.78	3.98	0.06	0.22	0.72	0.6
ENSG00000165494:PCF11	43.58	52.87	32.64	29.04	21.06	27.41	9.06	15.58	20.75	10.17
ENSG00000165495:PKNOX2	3.99	5.57	14.71	11.28	9.33	3.74	0.42	1.35	1.46	0.55
ENSG00000165496:RPL10L	0	0	0.35	0.17	0	0	0.04	0	387.86	1266.46
ENSG00000165501:LRR1	4.36	5.14	0.26	0.64	4.9	4.55	0.69	1.16	2.59	1.55
ENSG00000165506:DNAAF2	2.14	2.49	1.79	1.34	4.87	4.72	0.61	1.45	3.97	4.3
ENSG00000165507:DEPP1	87.62	108.94	18.79	163.77	3.54	3.03	4.5	12.97	2.21	34.41
ENSG00000165512:ZNF22	13.69	20.75	10.96	13.36	6.48	6.64	0.76	1.28	8.32	7.64
ENSG00000165516:KLHDC2	37.06	41.43	54.67	50.87	61.78	60.8	3.7	6.1	64.8	81.43
ENSG00000165525:NEMF	46.69	63.75	27.83	22.78	20.1	22.7	4.25	7.29	20.02	1.92
ENSG00000165526:RPUSD4	8.76	11.42	13.61	17.68	10.58	7	1	1.89	5.01	5.56
ENSG00000165527:ARF6	39.19	47.72	100.78	79.64	147.27	125.58	16.29	33.04	162.71	85.56
ENSG00000165533:TTC8	4.43	7.46	11.8	8.74	3.67	2.44	0.1	0.17	4.09	6.72
ENSG00000165548:TMEM63C	0.16	0.25	0.34	0.21	0.04	0.15	0	0.02	0.07	0.09
ENSG00000165553:NGB	0	0	0.6	0.67	0.05	0.09	0.01	0.01	0	0
ENSG00000165555:NOXRED1	0.15	0.29	0.33	0.55	0.56	0.23	0.27	0.6	0.06	0
ENSG00000165556:CDX2	0	0	5.75	6.83	1.44	3.74	0.79	1.91	3.2	3.53
ENSG00000165566:AMER2	0.33	0.19	1.11	0.58	0.16	0.1	0.13	0.56	1.05	0.34
ENSG00000165568:AKR1E2	1.87	2.24	5.76	16.3	0.49	0.49	0.14	0.14	3.55	13.87
ENSG00000165588:OTX2	0.03	0	0	0	0	0	0.01	0.01	0	0
ENSG00000165606:DRGX	0	0	0	0	0	0	0	0	0	0
ENSG00000165609:NUDT5	16.67	19.32	16.45	13.26	18.35	16.65	0.77	1.5	30.67	22.43
ENSG00000165617:DACT1	7.32	8.96	3.72	3.68	0.68	0.67	2.2	5.04	5.49	1.4
ENSG00000165623:UCMA	0	0	0	0	0.18	0	0.1	0.25	0.09	0.18
ENSG00000165626:BEND7	10.4	15.63	6.27	9.57	11.34	11.21	0.75	1.84	12.36	3
ENSG00000165629:ATP5F1C	96.42	106.81	130.25	150.38	179.27	173.99	19.56	27.39	80.18	188.49
ENSG00000165632:TAF3	4.52	5.84	5.89	6.03	12.14	8.52	0.43	1.34	10.63	4.26
ENSG00000165633:VSTM4	4.84	7.73	28.25	18.49	19.01	12.98	1.98	6.33	0.84	0.4
ENSG00000165644:COMTD1	18.25	24.62	10.9	12.95	9.53	4.14	0.82	1.86	7.59	6.66
ENSG00000165646:SLC18A2	0.05	0	6.18	2.38	4.06	2.96	0.95	1.83	0.04	0.08
ENSG00000165655:ZNF503	2.26	2.02	3.51	2.44	3.7	4.11	1.27	5.27	3.53	6.64
ENSG00000165660:ABRAXAS2	9.58	12.69	29.03	28.92	10.67	10.35	1.22	2.51	19.13	12.04
ENSG00000165661:QSOX2	2.9	3.39	11.49	12.13	12.97	12.2	1.91	8.55	9.15	8.31
ENSG00000165671:NSD1	13.56	16.76	48.66	28.71	18.94	19.11	4.53	9.3	12.05	5.59
ENSG00000165675:ENOX2	6.93	6.91	5.69	5.53	2.77	1.55	0.15	0.48	3.11	2.46
ENSG00000165678:GHITM	79.34	91.4	134.65	107.59	157.74	160.48	15.98	21.79	89.04	66.62
ENSG00000165682:CLEC1B	0.26	2.39	5.83	6.41	0.04	0.12	0.09	0.19	3.23	2.7
ENSG00000165684:SNAPC4	2.19	4.46	19.36	16.11	10.7	12.98	1.38	5.63	6.06	3.35
ENSG00000165685:TMEM52B	7.31	7.97	0.1	0	0.43	0.09	0.07	0.13	0.59	0.35
ENSG00000165688:PMPCA	29.92	35.45	62.72	45.11	58.63	52.08	4.26	10.41	30.72	32.34
ENSG00000165694:FRMD7	0.15	0.06	0.16	0.31	0.03	0.2	0.72	1.96	9.69	10.25
ENSG00000165695:AK8	0.09	0.57	3.83	3.13	1.48	2.76	0.02	0.07	2.64	1.35
ENSG00000165698:SPACA9	2.53	4.06	5.79	2.37	0.05	0.12	0.01	0.02	7.86	9.59
ENSG00000165702:GFI1B	0.12	0.21	0.03	0	0.12	0	0	0	0.83	0.56
ENSG00000165714:BORCS5	8.98	13.26	10.37	11.12	9.54	7.84	0.65	1.6	3.59	9.75
ENSG00000165716:DIPK1B	14.53	21.57	1.97	1.52	0.31	0.48	6.89	18.34	0.41	0.28
ENSG00000165724:ZMYND19	10.55	14.72	15.1	7.78	21.61	19.09	1.49	3.52	29.77	16.88
ENSG00000165730:STOX1	0.33	0.45	12.67	3.53	0.23	0.14	0.13	0.09	0.5	0.39
ENSG00000165731:RET	0.09	0.33	0.81	0.45	0.06	0.12	0.02	0.06	0.37	0.16
ENSG00000165732:DDX21	27.45	23.45	21.97	15.49	23.15	18.77	14.04	19.89	9.93	4.2
ENSG00000165733:BMS1	6.08	7.91	22.42	21.84	16.88	17.16	3.46	6.62	20.98	13.12
ENSG00000165752:STK32C	2.48	3.39	0.66	0.69	0.74	1.94	0.02	0	0.21	0.48
ENSG00000165757:JCAD	20.67	27.49	59.02	36.32	11.93	12.4	4.14	14.83	8.15	0.73
ENSG00000165762:OR4K2	0	0.03	0	0	0	0	0	0.03	0	0
ENSG00000165782:PIP4P1	38.98	44.2	52.12	47.2	40.46	44.32	1.91	5.86	11.26	75.02
ENSG00000165792:METTL17	44.09	60.84	11.42	8.59	31.47	28.05	1.81	3.04	2.84	8.93
ENSG00000165794:SLC39A2	0.15	0.05	3.66	3.59	106.34	129.45	47.02	61.07	6.97	8.7
ENSG00000165795:NDRG2	55.87	73.38	6.11	11.21	35.09	24.34	15.3	19.81	11.33	21.94
ENSG00000165801:ARHGEF40	10.74	19.52	27.35	15.91	13.85	10.34	1.56	4.74	10.93	10.9
ENSG00000165802:NSMF	3.95	5.18	23.1	19.73	20.52	25.28	5.08	20.44	0.11	0.05
ENSG00000165804:ZNF219	6.34	11.1	18.12	24.37	25.78	25.85	2.47	9.01	3.03	9.27
ENSG00000165805:C12orf50	4.2	5.95	0	0	0	0.09	0.02	0.04	0	0
ENSG00000165806:CASP7	10.28	14.26	13.96	10.93	9.57	11.3	4.45	7.79	11.85	17.47
ENSG00000165807:PPP1R36	0.77	2.33	0.64	0	8.9	12.12	0.19	0.41	0.38	1.79
ENSG00000165810:BTNL9	13.35	5.57	0.83	0.15	0.63	0.97	0.01	0.02	0.07	0.47
ENSG00000165813:CCDC186	24.62	24.44	19.54	13.01	70.39	79.54	7.49	11.71	12.68	0.71
ENSG00000165816:VWA2	0.89	0.96	0.27	0.08	2.44	3.92	0.08	0.07	0.24	0.06
ENSG00000165819:METTL3	31.4	43.5	20.33	13.43	14.12	18.26	2.51	5.34	24.75	16.58
ENSG00000165821:SALL2	0.31	0.65	1.61	1.24	0.58	0.58	0.6	1.52	23.22	11.31
ENSG00000165832:TRUB1	4.87	5.89	4.85	3.19	1.18	1.16	0.19	0.23	13.5	19.9
ENSG00000165861:ZFYVE1	9.25	10.32	58	50.38	35.25	36.18	4.5	10.69	22.81	9.08
ENSG00000165868:HSPA12A	1.67	5.3	4.09	11.72	4.24	1.79	0.12	0.2	0.5	0.27
ENSG00000165887:ANKRD2	0	0	0.79	0.71	1.88	1.63	0.07	0.16	0.34	1.11
ENSG00000165891:E2F7	0.87	0.87	7.89	3.16	0.96	1.08	0.01	0.02	3.01	0.61
ENSG00000165895:ARHGAP42	37.06	30.29	33.79	19.23	3.54	2.45	1.87	3.17	4.31	0.58
ENSG00000165898:ISCA2	15.03	20.17	50.4	54.56	24.29	29.89	2.85	5.05	8.62	14.33
ENSG00000165899:OTOGL	2.45	3.05	0.12	0.1	0.62	0.44	0.03	0.04	0.02	0
ENSG00000165905:LARGE2	51.6	69.03	9.57	17.96	19.38	23.05	0.13	0.54	55.51	107.9
ENSG00000165912:PACSIN3	32.28	43.68	49.58	44.64	20.89	11.04	1.23	4.24	149.19	147.96
ENSG00000165914:TTC7B	79.96	88.49	41.54	22.89	6.49	8.3	3.45	10.96	10.58	11.08
ENSG00000165915:SLC39A13	27.77	42.94	62.61	44.17	24.87	21.58	2.65	7.31	17.4	24.63
ENSG00000165923:AGBL2	0.64	0.55	0.47	0.41	0.29	0.06	0.2	0.38	6.96	5.24
ENSG00000165929:TC2N	35.01	40.57	1.74	1.9	12.25	4.8	0.82	0.86	536.83	130.77
ENSG00000165934:CPSF2	26.93	27.77	10.39	8.01	19.01	16.03	3.29	6.3	29.79	5.67
ENSG00000165953:SERPINA12	0	0.04	0.2	0.8	0	0	0.04	0.01	0.04	0.56
ENSG00000165959:CLMN	34.69	60.37	12.56	10.63	23.25	16.24	0.81	2.42	35.29	29.61
ENSG00000165970:SLC6A5	0	0	0	0	0.04	0	0.01	0.01	0.01	0
ENSG00000165972:CCDC38	0.02	0	0.49	0.82	0.08	0.03	0.03	0.08	0	0.04
ENSG00000165973:NELL1	0	0	0.6	0.75	0.21	0	0.32	0.3	0.49	0.12
ENSG00000165983:PTER	6.5	9.84	2.45	1.98	4.49	2.59	0.09	0.17	1.07	7.4
ENSG00000165985:C1QL3	0.06	1.48	0.11	0	0.14	0.05	0.01	0.1	0	0
ENSG00000165995:CACNB2	1.06	1.36	0.67	0.84	0.95	1.12	0.06	0.21	1.45	1.11
ENSG00000165996:HACD1	0.71	1.94	22.24	16.71	2.89	2.56	0.15	0.33	0	0.27
ENSG00000166002:SMCO4	2.77	7.28	13.91	16.2	15.76	19.9	0	0	0	0
ENSG00000166004:CEP295	3.46	6.27	7.36	7.14	9.94	11.96	1.46	2.64	22.46	9.29
ENSG00000166006:KCNC2	0	0	0.3	0.14	0	0	0	0	0	0
ENSG00000166016:ABTB2	5.85	8.13	6.32	6.34	7.47	7.74	0.81	1.94	12.26	12.31
ENSG00000166024:R3HCC1L	10.91	9.97	13.34	11.99	21.08	13.5	4.9	6.47	12.14	17.27
ENSG00000166025:AMOTL1	30.89	35.27	37.19	28.49	104.94	58.88	1.26	5.77	3.67	0.07
ENSG00000166033:HTRA1	953.42	734.06	455.6	480.32	324.01	286.91	2.37	8.21	24.63	42.91
ENSG00000166035:LIPC	0.03	0.32	0.56	1.38	0.7	0.85	0.38	0.66	151.6	21.52
ENSG00000166046:TCP11L2	10.88	13.83	34.08	34.08	7.88	7.71	6.8	10.8	46.95	9.31
ENSG00000166068:SPRED1	6.3	11.72	8.45	6.61	10.42	9.46	2.78	3.96	5.27	1.01
ENSG00000166069:TMCO5A	0	0	0	0	0	0	0	0	0.14	0
ENSG00000166073:GPR176	0.53	0.79	2.88	4.01	0.04	0.18	0.23	0.84	0.11	0.1
ENSG00000166086:JAM3	59.63	51.28	6.89	8.83	36.24	35.2	5.49	11.86	3.01	3.77
ENSG00000166090:IL25	0	0	0.24	0.16	0	0	0.09	0.18	0	0
ENSG00000166091:CMTM5	0.69	0.76	3.01	1.81	0	0	0.01	0	0	2.25
ENSG00000166106:ADAMTS15	1.44	4.82	58.88	21.52	15.1	7.23	0.64	2.91	4.65	1.61
ENSG00000166111:SVOP	0.32	0.35	0.11	0.15	3.41	1.39	0	0	0.1	0
ENSG00000166118:SPATA19	0	0	0	0	0	0	0	0	0	0
ENSG00000166123:GPT2	4.45	6.39	9.17	58.53	55.03	16.5	4.61	6.84	14.53	7.38
ENSG00000166126:AMN	0.56	0.85	0.31	46.81	0.49	0.27	0.01	0.06	16.24	11.8
ENSG00000166128:RAB8B	12.3	18.07	15.65	13.19	12.91	10.42	6	9.19	4.82	0.33
ENSG00000166130:IKBIP	10.98	14.67	23.08	17.91	28.07	30.26	2.49	5.51	25.79	11.83
ENSG00000166133:RPUSD2	2.87	3.2	3.6	1.29	5.09	4.52	0.34	0.75	0.78	0.64
ENSG00000166135:HIF1AN	16.22	17.51	27.69	22.51	27.48	20.45	5.82	15.08	8.48	3.68
ENSG00000166140:ZFYVE19	21.75	23.71	26.21	24.11	6.67	7.9	1.75	3.62	10.69	25.11
ENSG00000166143:PPP1R14D	0.08	0.46	0.35	7.06	6.01	3.83	0.33	0.7	2.48	22.39
ENSG00000166145:SPINT1	152.05	239.05	50.57	87.2	81.17	75.82	20.58	43.94	95.63	277.16
ENSG00000166147:FBN1	49.81	121.85	14.55	7.82	28.78	23.91	7.05	20.45	12.23	3.1
ENSG00000166148:AVPR1A	0.08	0.03	0.02	0	1.44	3.44	0.01	0.04	0.38	0.78
ENSG00000166159:LRTM2	0	0	0.09	4.55	0.06	0.09	0.16	0.88	1.88	0.29
ENSG00000166165:CKB	1.73	5.87	120.11	104.43	56.25	56.71	33.98	63.39	124.22	116.87
ENSG00000166166:TRMT61A	3.21	3.56	6.74	4.69	14.49	9.5	0.99	2.38	2.33	8.03
ENSG00000166167:BTRC	11.4	12.65	18.47	14.13	8.53	6.28	1.74	3.45	11.21	5.14
ENSG00000166169:POLL	10.19	17.41	6.36	4.02	8.72	7.91	0.23	0.53	5.6	10.76
ENSG00000166170:BAG5	16.39	18.56	25.07	23.18	23	22.29	1.49	2.8	53.8	3.83
ENSG00000166171:DPCD	2.74	4.71	14.86	21.48	15.77	11.49	2.11	3.83	55.66	121.58
ENSG00000166173:LARP6	2.15	3.53	4.8	5.09	6.47	6.49	2.64	6.45	1.64	1.08
ENSG00000166181:API5	34.16	36.74	46.94	34.13	35.12	25.5	4.77	8.74	74.05	16.26
ENSG00000166183:ASPG	2.44	2.23	11.55	34.52	0.05	0	0.09	0.06	0.2	0.8
ENSG00000166188:ZNF319	3.61	4.68	8.89	5.41	3.09	3.29	0.31	0.9	2.76	4.45
ENSG00000166197:NOLC1	26.01	27.15	20.95	13.15	39.98	34.44	3.74	7.09	15.02	14.11
ENSG00000166199:ALKBH3	3.82	7.6	48.96	38.64	15.81	9.09	0.34	0.77	37.12	28.67
ENSG00000166206:GABRB3	0.33	1.39	0.23	0.14	0.03	0	0	0.01	0	0.03
ENSG00000166224:SGPL1	8.16	11.1	75.02	55.94	40.68	53.19	13.19	22.86	20.63	8.57
ENSG00000166225:FRS2	21.55	23.3	44.75	25.71	11.87	8.9	1.75	3.51	14.71	0.59
ENSG00000166226:CCT2	47.87	54	113.69	107.39	138.61	137.16	37.47	55.25	103.16	85.49
ENSG00000166233:ARIH1	72.04	84.41	50.51	31.16	30.89	30.07	7.43	13.49	65.77	38.65
ENSG00000166246:DNAAF8	0.39	0.43	1.3	1.26	1.05	0.88	0.05	0.17	1.92	1.12
ENSG00000166250:CLMP	2.88	6.83	25.92	16.36	4.66	2.66	0.58	1.21	3.63	1.03
ENSG00000166257:SCN3B	0.34	0.92	0.43	0.25	0.15	0.22	0.03	0.11	0.65	0
ENSG00000166260:COX11	16.32	18.91	15.19	13.4	28.56	26.39	0.89	1.43	4.12	6.11
ENSG00000166261:ZNF202	4.19	7.28	3.19	2.28	1.95	1.35	0.54	1.36	7.93	6.54
ENSG00000166262:FAM227B	1.2	1.8	0.03	0	0.31	0.22	0.06	0.12	0.16	0.04
ENSG00000166263:STXBP4	1.53	2.24	1.51	1.19	3.78	2.7	0.56	1.23	16.32	6.23
ENSG00000166268:MYRFL	0.8	0.09	0.14	0.02	0.31	0.09	0	0.01	1.39	0.6
ENSG00000166275:BORCS7	25.69	31.27	6.27	4.54	52.24	45.06	9.29	17.22	6.12	9.92
ENSG00000166289:PLEKHF1	21.93	25.46	3.34	4.91	25.66	19.57	3.68	10.59	0.99	0.43
ENSG00000166292:TMEM100	25.98	20.93	52.9	46.19	14.42	16.41	7.01	24.58	1.94	2.39
ENSG00000166295:ANAPC16	50.15	65.94	36.8	38.17	32.57	35.02	7.89	12.49	55.78	49.85
ENSG00000166311:SMPD1	28.12	34.56	60.42	40.8	15.42	14.93	0.96	2.52	30.28	60.74
ENSG00000166313:APBB1	4.98	6.58	24.16	22.57	5.07	3.68	1.51	6.71	40.87	53.89
ENSG00000166317:SYNPO2L	3.81	6.98	0.38	0.45	0.31	0	0.03	0.05	0	0
ENSG00000166321:NUDT13	2.03	2.53	15.05	11.41	2.41	3.44	0.81	1.32	13.43	11.84
ENSG00000166323:C11orf65	0.52	0.31	1.07	0.5	0	0	0.03	0.03	1.4	0.6
ENSG00000166329:CCDC182	0	0.08	0	0	0	0	0	0.09	0	0
ENSG00000166333:ILK	77.95	104.32	218.42	197.69	133.54	114.16	13.6	32.23	99.49	77.43
ENSG00000166337:TAF10	66.91	82.56	109.33	132.28	183.4	132.56	9.24	17.65	62.85	84.02
ENSG00000166340:TPP1	221.17	208.14	117.17	139.04	56.56	46.62	1.76	6.02	76.26	101.33
ENSG00000166341:DCHS1	5.12	8.72	2.08	1.24	5.84	5.65	0.6	3.04	11.5	5.26
ENSG00000166342:NETO1	0.02	0	0	0	0	0	0.02	0.17	0.12	0
ENSG00000166347:CYB5A	45.23	45.63	207.25	234.49	268.18	261.36	20.51	34.8	9.28	14.29
ENSG00000166348:USP54	4.98	6.78	8.4	5.31	11.99	13.76	3.43	6.32	59.77	19.13
ENSG00000166349:RAG1	0.41	0.61	0	0	0.09	0	0.04	0.11	0.12	0.02
ENSG00000166377:ATP9B	29.94	36.75	40.54	27.71	12.07	12.91	2.22	4.79	8.65	4.63
ENSG00000166387:PPFIBP2	10.96	23.92	75.67	39.38	26.74	41.47	4.71	12.41	28.64	10.93
ENSG00000166396:SERPINB7	1.93	0.21	0	0	0.04	0	0	0.02	1.11	1.69
ENSG00000166398:GARRE1	27.7	35.37	58.56	40.53	21.72	20.2	2.8	6.84	4.21	0.7
ENSG00000166401:SERPINB8	11.32	7.56	2.54	2.17	10.94	9.16	3.62	4.17	0.08	0.08
ENSG00000166402:TUB	0.9	2.69	0.18	0	6.02	5.14	0.25	0.84	0.48	1.69
ENSG00000166405:RIC3	0.51	3.2	0.24	0.64	4.25	3.37	0.44	2.05	1.25	0.51
ENSG00000166407:LMO1	0	0.12	0.84	0.26	7.2	10.15	2.69	6.43	1.51	1.36
ENSG00000166411:IDH3A	43.25	41.48	34.5	21.06	25.9	19.34	9.19	17.33	41.82	37.22
ENSG00000166415:WDR72	0.23	0.88	0.42	0.81	27.15	25.26	12.99	20.04	13.58	4.93
ENSG00000166426:CRABP1	0.91	3.18	9.16	6.2	2.19	0.86	0.02	1.46	0.41	0.39
ENSG00000166428:PLD4	0.09	2.39	4.44	5.15	0.11	0.07	0.62	1.44	0.62	0.67
ENSG00000166432:ZMAT1	2.18	3.09	12.12	6.77	37.88	46.99	12.15	28.79	19	10.74
ENSG00000166435:XRRA1	5.76	2.78	0.66	0.47	0.84	1.06	0.34	0.83	3.84	3.42
ENSG00000166436:TRIM66	4.23	4.83	0.08	0	0.09	0.2	0.19	1.22	0.04	0.02
ENSG00000166439:RNF169	6.09	6.57	6.33	7.93	7.09	6.5	1.61	3.11	7.74	0.7
ENSG00000166444:DENND2B	74.17	105.7	42.66	37.74	7.64	7.39	0.96	3.18	4.32	15.7
ENSG00000166446:CDYL2	27.29	35.97	2.49	1.92	18.27	21.56	1.48	3.76	1.04	0.44
ENSG00000166448:TMEM130	0.09	0.11	11.12	8.13	0.09	0.07	0.18	0.19	4.45	1.82
ENSG00000166450:PRTG	4.43	2.35	0.67	0.37	2.42	1.97	0.68	1.64	0.16	0.02
ENSG00000166452:AKIP1	13.74	20.76	41.65	29.86	27.14	20.92	2.81	8.68	0.67	3.01
ENSG00000166455:C16orf46	1.56	0.81	2.56	1.34	1.58	1.03	0.07	0.35	0.99	2.2
ENSG00000166471:TMEM41B	33.86	39.53	80.93	47.17	25	18.83	11.53	18.66	4.92	2.43
ENSG00000166477:LEO1	8.18	10.2	25.54	18.42	25.48	24.73	2.25	4.08	30.45	14.15
ENSG00000166478:ZNF143	18.36	23.86	9.42	7.28	13.01	12.9	3.76	6.1	5.54	8.84
ENSG00000166479:TMX3	15.2	19.91	31.65	18	21.93	21.05	5.31	8	30.75	2.86
ENSG00000166482:MFAP4	15.68	48.21	3.59	3.48	8.93	8.38	1.3	6.04	3.61	2.22
ENSG00000166483:WEE1	58.79	65.31	45.78	23.61	39.96	43.24	2.72	4.95	32.27	8.56
ENSG00000166484:MAPK7	8.06	11.85	16.26	12.66	17.97	18.36	1.12	4.3	4.66	16.2
ENSG00000166501:PRKCB	0.4	1.88	5.77	1.07	1.38	1.02	0.16	0.28	3.41	0.34
ENSG00000166503:HDGFL3	10.31	13.28	3.29	1.61	14.85	12.22	5	8.47	10.07	12.78
ENSG00000166507:NDST2	12.08	13.28	29.98	20.49	21.78	25.63	1.16	3.2	9.03	23.57
ENSG00000166508:MCM7	40.2	43.58	21.99	13.68	125.36	111.52	2.45	5.51	28.06	19.22
ENSG00000166509:CLEC3A	0.11	0.18	0	0	0	0	0.44	2.34	0	0
ENSG00000166510:CCDC68	23.25	30.81	51.32	55.74	1.33	1.42	0.75	1.43	22.62	7.5
ENSG00000166532:RIMKLB	156.79	177.63	80.32	44.7	72.18	32.53	2.24	4.69	2.39	2.06
ENSG00000166548:TK2	8.06	11.55	25.88	23.89	10.88	9.22	1.37	3.21	68.88	19.06
ENSG00000166557:TMED3	60.71	63.6	138.93	150.87	74.91	76.77	3.63	10.33	22.81	7.66
ENSG00000166558:SLC38A8	0	0	0.28	0	0.71	0.3	0	0	0.15	1.35
ENSG00000166569:CPLX4	0.05	0.06	0.12	0	0	0	0	0.07	0.23	0.62
ENSG00000166573:GALR1	0	0.01	0	0	0.45	0.91	0.03	0.06	0.22	0
ENSG00000166575:TMEM135	10.41	22.8	15.99	15.3	37.91	34.46	6.71	9.97	15.68	4.09
ENSG00000166578:IQCD	1.11	1.22	2.05	2.01	1.47	1.23	0.06	0.04	5.1	0.63
ENSG00000166579:NDEL1	60.47	67.58	86.83	74.35	52.77	52.8	4.7	11.63	93.68	10.08
ENSG00000166589:CDH16	0.14	0.09	0.53	1.21	2.08	0.89	0.27	0.5	4	22.82
ENSG00000166595:CIAO2B	36.52	41.56	31.33	33.14	105.87	100.49	6.31	11.5	38.56	184.19
ENSG00000166596:CFAP52	0.29	0.77	0.19	0	0	0.04	0.04	0.04	2.04	3.56
ENSG00000166598:HSP90B1	688.95	593.33	798.95	686.65	332.3	477.85	115.52	190.44	820.43	213.46
ENSG00000166603:MC4R	0	0	0.02	0	0	0	0	0	0	0
ENSG00000166619:BLCAP	53.69	70.18	75.51	45.72	60.19	60.65	1.64	7.98	6.72	13.72
ENSG00000166634:SERPINB12	0.04	0.05	0.07	0	0.4	0.09	0	0	0.04	0.1
ENSG00000166669:ATF7IP2	12.67	16.18	0.38	0.25	1	1.94	0.6	0.84	6.55	16.13
ENSG00000166676:TVP23A	0.88	1.75	1.61	0.8	1.32	1.01	0	0.03	0.43	0.63
ENSG00000166682:TMPRSS5	0.47	0.33	0	0	0	0	0.14	0.15	1.49	0.81
ENSG00000166685:COG1	19.07	24.68	28.41	24.96	28.13	25.72	4.18	11.08	17.68	27.75
ENSG00000166689:PLEKHA7	21.17	37.64	61.6	46.63	10.35	7.85	0.99	2.92	15.36	6.43
ENSG00000166704:ZNF606	8.94	12.47	4.73	2.98	9.04	18.53	0.51	0.97	0.53	0.46
ENSG00000166716:ZNF592	8.12	10.17	24.71	25.54	8.61	8.32	0.88	2.87	12.82	25.61
ENSG00000166734:GOLM2	17.44	27.48	18.26	9.75	55	48.82	3.45	5.62	24.7	3.79
ENSG00000166736:HTR3A	0	0.07	0	0	0.04	0	0	0.01	0	0
ENSG00000166747:AP1G1	42.25	49.97	55.73	57.39	28.49	28.77	5.83	11.76	33.31	6.44
ENSG00000166762:CATSPER2	5.31	4.15	4.28	2.89	0.23	0.15	0.22	0.58	5.78	0.94
ENSG00000166780:BMERB1	0.05	1.04	0.19	0.28	0.05	0.05	0.16	0.43	0.46	8.51
ENSG00000166783:MARF1	17.31	24.5	37.78	22.06	14.56	14.47	1.68	5.55	11.91	3.31
ENSG00000166788:SAAL1	7.43	7.99	5.03	5.16	3.71	2.62	0.56	0.93	6.57	13.98
ENSG00000166793:YPEL4	1.17	1.66	1.55	0.76	3.84	3.38	0.03	0.08	8.2	10.85
ENSG00000166794:PPIB	600.43	460.23	650.31	628.66	701.15	675.98	92.83	193.58	691.38	499.21
ENSG00000166796:LDHC	0	0	0	0	0.99	0.94	0	0	0.63	0.22
ENSG00000166797:CIAO2A	65.54	85.4	50.51	44.54	427	447.39	16.14	24.77	32.64	45.08
ENSG00000166813:KIF7	0.71	1.12	0.92	0.87	5.45	6.11	1.6	4.57	19.12	15.66
ENSG00000166816:LDHD	1.8	3.82	1.76	3.08	0.74	1.01	0.76	1.97	1.05	1.43
ENSG00000166819:PLIN1	0.14	0.84	0.38	0.14	1.17	1	0	0.1	0.3	0.72
ENSG00000166822:TMEM170A	18.7	21.8	12.75	11.9	36.19	30.98	4.97	14.2	0.3	0
ENSG00000166825:ANPEP	3.37	21.75	123.92	53.08	10.6	12.09	1.36	5.55	1.92	2.21
ENSG00000166828:SCNN1G	0.01	0.21	5.97	4.71	48.11	22.79	0.87	2.02	6.3	3.94
ENSG00000166831:RBPMS2	3.04	4.35	4.6	4.76	5.09	4.66	0.08	0.39	17.77	38.72
ENSG00000166833:NAV2	7.12	19.7	8.81	4.09	16	13.09	1.01	3.64	31.55	17.68
ENSG00000166845:C18orf54	15.1	16.27	8.69	8.72	2.88	3.07	1.02	1.5	0.42	0.8
ENSG00000166847:DCTN5	37.62	34.89	46.73	48.18	36.11	28.86	7.07	11.1	51.81	36.12
ENSG00000166848:TERF2IP	33.69	43.87	11.83	10.49	44.4	40.3	5.51	10.66	36.06	4.91
ENSG00000166851:PLK1	6.89	5.33	1.96	1.42	17.87	15.36	0.14	0.23	3.75	0.81
ENSG00000166855:CLPX	46.41	44.07	25.58	25.3	47.4	40.43	8.45	15.7	50.43	5.94
ENSG00000166856:GPR182	0.14	0.17	1.33	1.67	0.19	0.29	0.94	1.82	1.08	2.6
ENSG00000166862:CACNG2	0	0	0	0	0	0	0	0.02	0	0.26
ENSG00000166863:TAC3	0.41	7.65	0.93	0.71	7.11	7.28	0	0	11.66	4.89
ENSG00000166866:MYO1A	1.11	1.03	0.34	0.75	0.29	0.47	0	0.01	0.24	0.26
ENSG00000166881:NEMP1	19.99	18.03	5.63	8.15	2.52	2.73	0.39	0.87	2.65	2.01
ENSG00000166886:NAB2	26.39	28.47	9.37	11.71	10.24	9.97	3.46	9.72	2.58	5.05
ENSG00000166887:VPS39	32.02	40.6	19.54	15.42	23.79	21.98	2.6	7.04	9.03	2.78
ENSG00000166888:STAT6	41.21	72.6	33.79	32.44	17.93	12.74	4.73	10.16	15.48	31.48
ENSG00000166889:PATL1	30.01	37.95	25.61	17.15	53.2	53.62	2.76	7.2	30.84	23.82
ENSG00000166896:ATP23	1.98	3.85	4.57	2.85	12.08	9.18	1.11	1.27	0.84	2.11
ENSG00000166900:STX3	58.7	64.15	41.61	63.32	46.19	40.87	7.53	14.02	63.57	33.78
ENSG00000166902:MRPL16	16.53	17.12	16.83	15.87	59.6	40.62	5.81	12.06	19.8	46.61
ENSG00000166908:PIP4K2C	21.18	19.08	85.47	63.93	65.09	61.03	6.17	11.77	7.28	6.47
ENSG00000166913:YWHAB	105.75	113.21	110.93	99.31	191.33	179.7	20.29	41.2	154.64	52.64
ENSG00000166922:SCG5	0.23	0.21	0.12	28.81	0.37	1.18	0.02	0	5.39	1.31
ENSG00000166923:GREM1	0.02	0.03	0.76	0.65	56.61	24.32	0.04	0.04	0.94	1.07
ENSG00000166924:NYAP1	0.05	0.42	8.99	7.81	13.65	11.09	0.14	0.23	0.39	1.27
ENSG00000166930:MS4A5	0	0.12	0	0	0	0	0	0	1.21	0.53
ENSG00000166938:DIS3L	11.22	15.04	9.55	6.96	23.07	23.14	0.65	1.14	7.62	9.69
ENSG00000166946:CCNDBP1	79.25	93.04	44.41	34.38	54.24	43.85	3.04	5.75	43.99	33.35
ENSG00000166947:EPB42	0.49	1.02	1.53	1.72	0.09	0	0.14	0.13	12.12	5.74
ENSG00000166948:TGM6	0	0	0.43	0.45	0	0	0	0	0	0.1
ENSG00000166949:SMAD3	3.92	10.11	52.21	23.59	14.67	10.49	2.37	3.78	22.55	2.83
ENSG00000166959:MS4A8	0	0	0.19	0	725.66	596.25	0.02	0	0	0
ENSG00000166961:MS4A15	0.16	0.17	0.08	0	0	0	0	0	0	0
ENSG00000166963:MAP1A	0.42	0.92	0.98	0.69	4.03	2.44	0.1	0.45	1.61	0.86
ENSG00000166971:AKTIP	87.44	101.26	47.77	38.05	57.84	53.72	9.25	14.1	58.85	69.28
ENSG00000166974:MAPRE2	10.93	15.35	77.63	44.41	27.45	31.73	0.77	1.97	5.8	4.34
ENSG00000166979:EVA1C	3.48	7.88	41.76	43.38	6.54	6.7	0.37	1.5	10.63	21.13
ENSG00000167004:PDIA3	698.47	545.83	797.5	596.84	712.66	852.59	88.46	140.83	425.17	235.15
ENSG00000167005:NUDT21	39.26	37.69	21.11	21.5	30.06	23.94	0.08	0.1	119.57	75.11
ENSG00000167014:TERB2	0.1	0.31	0.04	1.78	0	0	0.03	0.1	0.25	0.37
ENSG00000167034:NKX3-1	0.24	0.39	0.2	0.05	0.09	0.63	0.02	0.03	0.48	0.64
ENSG00000167037:SGSM1	5.42	3.34	6.66	3.25	0.99	0.98	0.03	0.07	0.28	0.13
ENSG00000167074:TEF	3.33	6.5	27.76	25.94	7.82	5.17	0.53	1.55	17.36	7.97
ENSG00000167077:MEI1	1.46	2.49	0.69	0.25	0.59	0.21	0.05	0.12	0.22	1.09
ENSG00000167081:PBX3	3.3	4.93	3.92	3.39	10.33	7.02	0.76	1.56	2.61	3.39
ENSG00000167085:PHB1	40.68	49.56	55.23	42.76	169.91	145.79	20.04	35	39.43	86.07
ENSG00000167098:SUN5	0	0	0.04	0	0	0	0	0.01	0	0
ENSG00000167100:SAMD14	2.37	2.83	5.9	5.28	1.78	0.64	0.03	0.06	3.83	0.91
ENSG00000167105:TMEM92	0.02	0	0.04	0.18	9.83	19.12	0.42	0.98	27.18	30.46
ENSG00000167106:EEIG1	7.6	12.68	44.26	38.08	15.69	20.94	0.95	2.77	27.29	5.27
ENSG00000167107:ACSF2	35.06	55.06	15.22	14.23	31.11	22.34	4.2	10.6	9.07	5.14
ENSG00000167112:TRUB2	8.13	6.76	11.97	8.13	11.15	10.38	3.13	7.06	4.55	0.96
ENSG00000167113:COQ4	27.29	32.78	8.58	7.91	11.46	9.77	4.23	9.84	9.06	43.31
ENSG00000167114:SLC27A4	6.85	6.37	22.47	17.71	14.96	9.53	12.4	26.37	32.32	41.41
ENSG00000167118:URM1	17.48	17.87	31.7	30.94	37.89	33.77	5.9	10.63	10.4	44.77
ENSG00000167123:CERCAM	29.69	45.74	8.37	12.64	5.78	3.41	0.26	1.16	3.62	1.7
ENSG00000167130:DOLPP1	12.81	13.36	12.53	13.54	22.87	23.19	0.78	2.09	2.85	7.43
ENSG00000167131:DNAAF19	0	0.15	0.5	0.66	0.34	0.96	0	0	2.51	3.25
ENSG00000167136:ENDOG	1.25	1.87	5.73	15.21	14.36	10.09	0.91	2.29	16.34	28.46
ENSG00000167139:TBC1D21	0	0	0	0	0.09	0	0	0	0	0.03
ENSG00000167157:PRRX2	0.54	1.22	0.91	0.24	2.66	2.64	1.33	4.58	0.87	1.05
ENSG00000167173:C15orf39	18.94	25.29	34.01	30.1	43.34	50.48	0.97	3.41	6.21	8.38
ENSG00000167178:ISLR2	0.25	0.03	7.15	4.46	0.07	0	0.03	0.06	0.15	0
ENSG00000167182:SP2	19	23.44	15.81	9.88	6.97	6.59	0.2	1.32	26.42	11.47
ENSG00000167183:PRR15L	0.03	0.2	1.74	9.52	7.65	6.3	0	0	113.52	66.8
ENSG00000167186:COQ7	8.16	13.11	18.5	20.45	20.23	18.38	4.43	6.44	32.96	30.18
ENSG00000167191:GPRC5B	7.28	15.85	25.69	9.25	9.62	10.15	14.81	32.14	14.79	4.55
ENSG00000167193:CRK	37.06	42.73	101.51	64.23	52.21	46.75	15.58	24.93	35.94	4.12
ENSG00000167196:FBXO22	21.53	19.04	36.16	31.68	17.51	15.4	2.98	5.91	48.52	40.74
ENSG00000167202:TBC1D2B	42.87	53.26	5.92	10.17	17.53	20.06	1.01	3.1	7.43	7.47
ENSG00000167207:NOD2	0.23	1.24	0.91	0.66	0.88	0.8	0.14	0.66	1.94	2.65
ENSG00000167208:SNX20	0.49	1.7	1.15	6.61	1.22	0.63	0.33	1.14	1.14	0.31
ENSG00000167210:LOXHD1	0.45	0.59	0.05	0	0	0	0	0	0.09	0.03
ENSG00000167216:KATNAL2	1.04	1.67	0.52	0.17	0.92	0.94	0.08	0.06	4.18	10.3
ENSG00000167220:HDHD2	15.77	20.07	26.67	20.05	30.33	26.57	1.17	2.04	126.54	26.59
ENSG00000167257:RNF214	15.22	19.27	30.43	19.18	8.93	12.97	1.06	2.43	22.43	12.12
ENSG00000167264:DUS2	17.2	13.16	5.73	5.07	5.98	4.01	1.84	3.61	8.1	13.35
ENSG00000167272:POP5	6.75	12.28	30.48	29.27	25.18	18.78	2.81	8.67	6.81	18.83
ENSG00000167280:ENGASE	13.29	26.54	13.15	10.79	9.15	7.86	0.42	1.72	2.95	3.36
ENSG00000167281:RBFOX3	0.12	0.33	0.78	0.51	0.07	0	0	0	0.77	0.47
ENSG00000167286:CD3D	0.95	0.7	0.06	0.1	1.31	0.84	0.07	0.06	2.74	1.37
ENSG00000167291:TBC1D16	2.17	3.64	15.35	8.05	1.79	1.99	0.41	1.69	2.05	1.75
ENSG00000167302:TEPSIN	16.45	32.08	15.49	14.44	10.01	9.79	0.98	4.3	7.07	12.96
ENSG00000167306:MYO5B	18.26	25.12	12.26	19.41	47.13	24.67	7.75	21.64	8.22	1.23
ENSG00000167315:ACAA2	20.28	20.46	15.33	19.74	34.59	36.1	2.17	3.42	15.74	25.72
ENSG00000167323:STIM1	20.66	27.45	53.79	48.84	42.02	36.37	2.16	6.39	91.36	22.11
ENSG00000167325:RRM1	24.69	21.43	69.63	59.27	76.34	69.44	4.21	7.42	20.82	16.51
ENSG00000167332:OR51E2	3.18	1.83	3.6	2.19	0	0	0.03	0.27	0	0
ENSG00000167394:ZNF668	2.94	3.07	7.08	3.8	4.48	3.72	0.53	1.61	3.88	17.92
ENSG00000167395:ZNF646	3.49	5.71	18.87	12.33	4.82	4.14	0.42	1.71	17.35	5.53
ENSG00000167397:VKORC1	19.19	26.56	61.71	74.56	78.78	67.61	6.6	14.98	10.97	68.05
ENSG00000167414:GNG8	0	0	0.21	0	0	0	0.02	0.06	1.52	3.24
ENSG00000167419:LPO	0.38	0.27	0.36	0.17	0.18	0.11	0	0	0.32	0.22
ENSG00000167461:RAB8A	47.42	40.85	55.4	52.23	81.59	77.47	4.12	8.39	59.37	39.75
ENSG00000167468:GPX4	112.7	145.78	431.14	502.11	383.44	415.86	34.29	61.66	257.2	562.55
ENSG00000167470:MIDN	34.28	42.23	56.95	40.27	26.08	20.43	2.94	9.59	16.31	16.54
ENSG00000167483:NIBAN3	0.67	1.38	1.42	1.84	0.59	0.93	0.15	0.55	0.14	0.08
ENSG00000167487:KLHL26	0.72	0.97	26.91	14.65	1.81	2.42	0.18	0.62	1.11	1.49
ENSG00000167491:GATAD2A	41.57	46.83	42.79	37.01	36.57	32.41	2.26	6.34	15.76	2.2
ENSG00000167508:MVD	5.86	6.16	6.02	22.87	21.14	19.92	5.35	35.45	8.85	21.79
ENSG00000167513:CDT1	3.03	2.62	13.17	8.76	11.7	10.66	0.09	0.18	14.2	17.61
ENSG00000167515:TRAPPC2L	18.82	18.87	37.42	41.11	143.61	70.15	4.71	12.79	20.75	84.65
ENSG00000167522:ANKRD11	28.59	43.74	70.05	40.43	49.12	46.18	3.51	15.45	97.87	3.95
ENSG00000167525:PROCA1	1.5	2.99	2.3	2.04	4.7	4.87	0.06	0.2	1.82	11.15
ENSG00000167531:LALBA	0	0	0	0	0	0	0	0	0	0.22
ENSG00000167535:CACNB3	7.77	7.2	17.83	13.54	29.62	22.06	1.52	4.86	0.52	0.5
ENSG00000167536:DHRS13	5.04	4.81	11.86	14.56	8.82	5.82	0.56	0.81	2.48	12.02
ENSG00000167549:CORO6	102.63	274.17	1.39	1.21	2.87	3.39	0.4	0.84	3.13	5.24
ENSG00000167578:RAB4B	63.62	64.01	28.34	23.86	51.07	47.36	3.31	7.17	29.59	54.34
ENSG00000167595:PROSER3	12.99	18.39	4.97	4.54	3.45	3.91	0.5	1.98	7.14	16.04
ENSG00000167600:CYP2S1	1.75	1.58	35.49	48.17	45.31	53.16	3.03	12.6	15.53	33.59
ENSG00000167601:AXL	6.02	12.2	53.7	39.41	23.32	15.74	5.1	12.03	31.03	14.39
ENSG00000167604:NFKBID	1.13	2.36	0.97	0.47	5.01	7.2	1.05	3.75	0.24	1.45
ENSG00000167608:TMC4	22.17	50.5	74.29	106.52	25.16	14.54	2.43	5.71	29.45	74.96
ENSG00000167614:TTYH1	2.16	2.85	1.34	0.81	0.95	0.93	0.04	0.15	0.53	0.27
ENSG00000167615:LENG8	115.46	224.03	108.17	73.71	91.89	107.62	7.84	35.08	31.9	54.68
ENSG00000167619:TMEM145	0.25	1.3	1.67	0.87	7.82	4.84	0.02	0.25	0.33	2.96
ENSG00000167625:ZNF526	3	4.53	7.4	3.26	5.75	4.9	0.39	0.86	1.03	3.22
ENSG00000167632:TRAPPC9	12.68	12.81	12.33	23.22	11.58	9.73	1.71	6.43	6.68	1.15
ENSG00000167642:SPINT2	239.32	339.14	147.01	192.9	699.19	712.18	40.44	67.87	1447.26	2673.31
ENSG00000167645:YIF1B	14.84	19.11	41.81	42.68	38.72	33.98	2.96	6.08	63.44	248.43
ENSG00000167646:DNAAF3	0.18	0.63	0.34	1.12	9.2	11.77	0.37	1.37	3.4	10.46
ENSG00000167654:ATCAY	0.48	0.55	0.07	0.04	0.15	0.03	0.01	0.02	0.07	0
ENSG00000167656:LY6D	3.28	3.6	6.05	3.03	0	0	0	0.04	0	4.26
ENSG00000167657:DAPK3	34.28	42.68	45.61	48.95	88.28	62.63	4.55	11.98	16.56	3.74
ENSG00000167658:EEF2	304.49	444.21	592.26	559.27	639.81	508.18	136.66	250.37	56.18	2.57
ENSG00000167670:CHAF1A	6.96	9.94	3.4	1.11	15.47	12.38	0.34	0.92	2.93	0.38
ENSG00000167674:HDGFL2	12.45	20.9	56.01	46.8	70.04	65.3	2.5	7.18	91.59	63.17
ENSG00000167676:PLIN4	0.23	0.43	2.23	3.82	0.12	0.08	0	0.03	4.5	0.16
ENSG00000167695:TLCD3A	3.58	4.62	39.59	22.5	27.9	21.96	1.03	2.25	8.9	2.67
ENSG00000167700:MFSD3	4.93	5.09	3.09	2.66	4.96	4.94	1.53	3.91	3.8	21.02
ENSG00000167701:GPT	0.48	0.73	1.35	1.28	3.36	4.96	0.9	3.19	0.29	1.25
ENSG00000167702:KIFC2	8.45	11.48	7.85	4.63	4.1	6.53	0.59	3.22	0.22	0.22
ENSG00000167703:SLC43A2	243.9	271.84	33.26	67.64	12.1	13.31	5	17.51	95.4	48.6
ENSG00000167705:RILP	3.56	6.02	3.7	2.59	5.05	3.79	0.21	0.58	4.86	3.78
ENSG00000167711:SERPINF2	0.32	0.82	0.15	6.41	0.32	0.92	0.07	0.12	3.06	4.79
ENSG00000167716:WDR81	4.95	9.41	12.12	11.88	15.31	16.38	0.47	1.93	8.36	6.06
ENSG00000167720:SRR	3.09	4.33	27.7	25.66	2.07	2.68	0.95	1.97	18.37	19.84
ENSG00000167721:TSR1	11.84	13.38	23.45	16.14	14.88	11.59	5.08	7.65	13.31	12.18
ENSG00000167723:TRPV3	1.32	1.49	0.99	0.96	0.25	0	0.3	0.88	0	0
ENSG00000167740:CYB5D2	13.55	12.02	7.9	6.19	9.39	8.43	0.4	1.33	8.48	48.62
ENSG00000167754:KLK5	0.04	0	0	0	0	0	0.01	0.01	0.73	1.56
ENSG00000167757:KLK11	0.04	0	0	0	0	0	0.04	0.1	0.26	0.7
ENSG00000167759:KLK13	0	0	0	0	0	0	0	0	0	0
ENSG00000167768:KRT1	0.35	1.06	0.55	0	0.26	0.25	0	0	0.51	0.68
ENSG00000167769:ACER1	0.12	0	0.06	0	1.88	1.68	2.28	6.85	0.04	0
ENSG00000167772:ANGPTL4	89.72	52.89	22.93	20.3	10.01	10.03	19.34	36.46	15.91	16.13
ENSG00000167791:CABP2	0	0	0	0	0	0.25	0.02	0.24	0	0
ENSG00000167792:NDUFV1	90.49	108.61	71.01	60.06	75.14	79.33	9.34	19.89	72.66	74.72
ENSG00000167797:CDK2AP2	54.64	54.04	65.9	79.77	31.73	38.68	3.73	13.58	14.98	76.09
ENSG00000167815:PRDX2	59.14	65.09	145.66	177.01	370.82	336.41	0	0	13.41	62.92
ENSG00000167842:MIS12	11.75	16.32	15.58	15.1	7.27	8.13	2.79	4.58	3.03	2.5
ENSG00000167861:HID1	45.18	56.04	4.3	5.28	15.08	21.64	1.68	4.31	9.03	14.99
ENSG00000167862:MRPL58	15.16	14.91	34.71	40.6	49.73	42.78	1.14	2.62	35.73	58.42
ENSG00000167881:SRP68	53.12	50.51	63.03	45.89	60.19	50.96	4.17	12.34	45.66	27.64
ENSG00000167889:MGAT5B	0.3	0.42	0.2	0.18	0.09	0.04	0.16	0.62	1.86	0.51
ENSG00000167895:TMC8	1.61	5.07	12.07	11.69	16.62	24.12	0.13	0.41	0.62	0.39
ENSG00000167904:TMEM68	13.42	20.11	13.78	8.44	33.58	24.54	2.11	2.85	25.35	9.74
ENSG00000167910:CYP7A1	0.07	0.2	0	0	0	0	0.01	0.01	0	0
ENSG00000167916:KRT24	0.03	0.06	0	0	0	0	0.36	0.19	1.04	0.09
ENSG00000167925:GHDC	5.04	9.4	14.37	13.7	14.24	9.62	0.75	1.63	6.83	5.04
ENSG00000167930:FAM234A	31.81	31.49	91.97	60.94	67.62	95.1	0.31	1.03	10.28	5.85
ENSG00000167941:SOST	0	0	0	0	0.07	0.13	0	0	0.27	0.19
ENSG00000167962:ZNF598	18.57	21.8	32.33	25.5	46.49	37.74	1.08	5.16	16.65	15.99
ENSG00000167964:RAB26	0.09	0.11	0.95	2.54	1.34	1.99	0.14	0.49	0	0
ENSG00000167965:MLST8	19.09	24.32	15.38	12.69	11.29	7.68	11.01	27.54	7.58	12.75
ENSG00000167967:E4F1	10.27	15.15	21.81	17.19	10.56	10.41	3.09	11.51	17.61	19.84
ENSG00000167968:DNASE1L2	0.25	1.23	4.29	4.74	0.94	0.69	2.05	7.09	3.8	1.09
ENSG00000167969:ECI1	15.95	10.75	17.5	15.54	22.52	25.64	4.09	9.17	59.61	27.5
ENSG00000167977:KCTD5	12.22	14.35	26.14	21.95	27.28	17.17	1.94	3.74	37.64	3.98
ENSG00000167978:SRRM2	438.84	856.43	203.14	179.14	113.32	104.4	8.22	38.39	49.94	47.75
ENSG00000167984:NLRC3	1.04	1.29	1.27	0.63	0.45	0.47	0.1	0.19	0.09	0.15
ENSG00000167986:DDB1	312.54	270	516.17	423.07	246.36	284.76	47.38	101.54	77.43	46.93
ENSG00000167987:VPS37C	10.05	13.55	32.49	27.77	15.62	18.48	0.48	1.54	8.1	15.44
ENSG00000167992:VWCE	5.8	5.6	1.01	3.2	9.67	12.73	0	0	4.01	0.9
ENSG00000168000:BSCL2	9.15	16.21	22.32	27.69	22.2	24.9	1.78	7.93	47.13	51.63
ENSG00000168002:POLR2G	31.52	35.46	47.82	49.47	64.35	57.92	5.43	9.95	24.68	148.56
ENSG00000168003:SLC3A2	176.45	158.47	436.87	305.46	320.35	418.28	12.63	27.28	126.18	234.4
ENSG00000168005:SPINDOC	17.99	21.11	43.91	40.96	23.73	22.25	0.79	2.51	5.67	36.22
ENSG00000168014:C2CD3	44.4	39.37	10.25	12.2	5.88	5.04	0.98	3.07	1.17	1.24
ENSG00000168026:TTC21A	4.78	5.83	0.76	0.19	1.75	1.39	0.52	1.58	2.15	3.75
ENSG00000168032:ENTPD3	0	0.06	0.45	45.13	1.47	2.27	0.26	0.63	2.67	0.5
ENSG00000168036:CTNNB1	172.01	227.43	564.18	486.24	283.52	260.56	72.03	102.11	137.85	62.33
ENSG00000168038:ULK4	6.15	7.32	0.7	1.55	1.71	1.14	1.57	2.31	4.09	3.46
ENSG00000168056:LTBP3	116.21	194.07	147.15	109	11.15	9.02	0.59	3.99	8.31	26.09
ENSG00000168060:NAALADL1	0.88	1.05	0.11	0.64	0.04	0.07	0.25	0.37	1.98	2.08
ENSG00000168061:SAC3D1	1.44	2.36	9.73	7.93	2.24	1.73	0.54	0.89	1.74	8.23
ENSG00000168077:SCARA3	19.55	21.23	1.55	1.17	24.63	17.39	1.21	2.66	1.03	1.68
ENSG00000168078:PBK	2.93	2.42	0.56	0.5	12.46	10.23	0.33	0.34	2.34	0.67
ENSG00000168079:SCARA5	0.62	0.76	7.53	7.09	8.97	1	0.28	0.27	18.04	9.31
ENSG00000168081:PNOC	0	0	0.84	1.39	0	0	0	0.03	0.09	0.53
ENSG00000168092:PAFAH1B2	43.27	49.82	54.53	32.05	53.98	41.64	6.31	10.57	78.93	24.11
ENSG00000168096:ANKS3	7.89	11.43	31.31	23.26	23.44	19.77	0.76	2.58	10.38	8.18
ENSG00000168101:NUDT16L1	10.21	11.6	29.36	28.42	23.73	22.08	0.84	1.99	19.4	36.46
ENSG00000168118:RAB4A	14.56	24.26	11.01	24.22	38.37	28.83	21.24	32.28	27.5	9.17
ENSG00000168135:KCNJ4	0	0	0.07	0.07	0	0.02	0	0	0	0.06
ENSG00000168137:SETD5	78.18	90.59	67.71	36.39	38.39	39.15	3.87	12.14	29.31	8.19
ENSG00000168140:VASN	8.94	17.15	59.9	38.19	40.67	44.77	0.66	3.26	9.14	26.71
ENSG00000168143:FAM83B	3.39	5.12	3.18	1.53	4.02	7.19	0.66	1.47	12.01	3.73
ENSG00000168209:DDIT4	5.31	14.4	50.55	44.9	66.58	52.19	21.95	47.81	39.43	116.21
ENSG00000168214:RBPJ	37.82	56.79	22.4	18.6	36.17	36.32	4.94	10.03	18.18	6.6
ENSG00000168216:LMBRD1	67.84	64.97	62.26	62.25	113.84	87.43	6.58	11.26	22.08	6.1
ENSG00000168228:ZCCHC4	4.53	5.26	12.23	6.81	4.69	3.6	0.54	1.2	12.19	10.32
ENSG00000168234:TTC39C	0.53	1.31	8.09	4.24	4.01	3.94	0.35	0.71	2.49	1.65
ENSG00000168237:GLYCTK	6.95	7.38	1.17	1.48	5.61	5.29	0.23	0.58	3.28	4.94
ENSG00000168243:GNG4	3.73	0.52	1.02	6.51	0.05	0.03	0.02	0.09	0.19	0.11
ENSG00000168246:UBTD2	10.3	16.62	22.23	8.6	14.61	15.96	1.56	2.7	45.49	76.86
ENSG00000168256:NKIRAS2	40.1	43.31	30.36	36.31	20.87	22.16	2.72	6.49	44.73	24.7
ENSG00000168259:DNAJC7	51.73	67.28	81.52	71.89	74.11	73.8	6.77	14.52	122.72	62.39
ENSG00000168263:KCNV2	0.02	0.05	2.77	2.8	0	0	0.01	0	0	0
ENSG00000168264:IRF2BP2	48.77	89.44	17.48	16.97	71.34	47.48	6.03	15.42	6.6	17.49
ENSG00000168267:PTF1A	0	0	0	0	0	0	0.01	0	0	0
ENSG00000168268:NT5DC2	26.08	28.1	18.91	19.64	11.52	12.66	1.1	3.17	1.96	6.03
ENSG00000168269:FOXI1	0	0.03	0	0	11.61	19.29	0.29	0.58	0	0
ENSG00000168273:UQCC5	4.17	6.57	12.35	11.85	20.68	21.37	2.63	5.69	9.93	35.07
ENSG00000168280:KIF5C	0.08	0.24	8.27	6.25	19	12.65	4.14	10.71	0.35	0.02
ENSG00000168282:MGAT2	6.4	4.51	50.91	40.27	18.49	18.02	4.66	9.03	40.02	45.72
ENSG00000168283:BMI1	94.22	105.79	24.5	21.39	45.88	24.32	7.24	12.3	14.01	4.41
ENSG00000168286:THAP11	10.09	15.73	33.53	30.77	11.18	11.06	3.93	9.84	19.79	7.31
ENSG00000168288:MMADHC	43.36	50.66	59.86	60.24	90.49	80.04	3.66	6.64	61.06	20.43
ENSG00000168291:PDHB	43.76	54.54	77.77	61.15	60.12	55.37	21.36	27.84	25.97	17.59
ENSG00000168297:PXK	15.67	31.02	76.68	56.33	35.46	35.44	2.42	5.01	17.05	18.52
ENSG00000168300:PCMTD1	34.56	51.67	27.44	15.98	85.04	80.58	14.12	26.62	11.28	3.97
ENSG00000168301:KCTD6	4.92	6.23	48.98	36.57	7.64	8.13	3.77	6.48	0.95	3.36
ENSG00000168306:ACOX2	3.01	4.47	0.81	58.91	3.62	2.43	1.1	1.51	0.9	1.2
ENSG00000168310:IRF2	21.67	31.93	43.1	22.09	24.48	22.67	3.26	7.83	28.77	15.5
ENSG00000168329:CX3CR1	0.88	18.79	3.08	3.05	0.78	1.92	0.19	0.69	0.15	0.07
ENSG00000168350:DEGS2	0.52	0.24	28.8	22.97	7.94	3.18	1.69	2.67	0.34	0.8
ENSG00000168356:SCN11A	2.21	5.51	0.02	0	0.03	0.02	0	0	0	0.01
ENSG00000168385:SEPTIN2	178.68	220.68	60.19	32.42	128.72	116.18	15.87	38.15	162.4	44.61
ENSG00000168386:FILIP1L	8.68	20.76	26.3	19.22	36.23	30.08	2.26	2.82	37.98	10.11
ENSG00000168389:MFSD2A	484.78	413.99	26.67	13.56	15.71	7.92	0.13	0.16	0.25	0.45
ENSG00000168394:TAP1	5.03	10.24	18.31	18.61	11.48	9.34	2.98	5.52	4.25	14.61
ENSG00000168397:ATG4B	31.88	51.37	86.28	58.52	39.37	36.81	3.68	9.43	3.8	1.98
ENSG00000168411:RFWD3	13.97	15.53	29.33	23.64	7.19	8.94	0.67	1.63	4.86	7.61
ENSG00000168412:MTNR1A	0	0	0	0	0.06	0	0	0	0.07	0.07
ENSG00000168418:KCNG4	0.03	0.02	0.11	0.04	0	0	0.05	0.42	0.16	0
ENSG00000168427:KLHL30	0.15	0.23	0.24	0.48	0.23	0.05	0.07	0.2	0.08	0.29
ENSG00000168434:COG7	16.66	24.44	20.8	17.97	16.78	14.64	1.93	3.52	14.86	11.39
ENSG00000168438:CDC40	7.13	6.97	31.2	17.03	14.66	13.19	3.28	5.54	30.86	5.04
ENSG00000168447:SCNN1B	21.26	16.17	48.75	39.35	33.11	12.73	1.44	2.96	5.72	2.07
ENSG00000168453:HR	1.34	0.75	4.55	3.19	4.23	4.83	0.69	2.6	0.58	0.77
ENSG00000168476:REEP4	39.57	35.73	35.05	32	38.29	33.69	2.72	6.55	36.14	85.64
ENSG00000168477:TNXB	4.84	20.38	0.46	2.35	3.67	1.24	0.47	1.5	3.88	5.56
ENSG00000168481:LGI3	0.04	0.04	0.12	0.12	4.66	1.23	0.04	0.09	1.86	6.54
ENSG00000168484:SFTPC	0	0.06	0.08	0	0.37	0	0	0	2.99	9.29
ENSG00000168487:BMP1	490.51	568.46	127.81	74.93	15.45	14.37	1.21	3.33	59.57	16.66
ENSG00000168488:ATXN2L	95.53	154.21	84.19	60.05	70.35	66.85	2.54	12.01	14.85	18.61
ENSG00000168490:PHYHIP	1.99	3.59	0.77	0.17	0.03	0	0	0	0	0
ENSG00000168495:POLR3D	20.46	22.27	24.32	15.71	25.51	22.12	1.58	3.18	17.37	6.05
ENSG00000168496:FEN1	12.87	8.64	5.25	5.77	11.58	10.9	0.36	0.94	6.07	9.88
ENSG00000168497:CAVIN2	9.76	16.13	12.2	12.11	7.15	9.58	9.19	13.1	32.9	4.59
ENSG00000168502:MTCL1	2.1	6.14	10.91	5.58	5.38	5.02	0.22	0.49	0.7	0.81
ENSG00000168505:GBX2	0.06	0	0.04	0	0.14	0.03	0	0.03	0.11	0.1
ENSG00000168509:HJV	0	0.16	0	0	0	0.01	0.03	0.23	0.06	0.05
ENSG00000168517:HEXIM2	3.27	4.65	4.83	5.47	142.48	144.06	1.36	4.49	15.46	14.72
ENSG00000168522:FNTA	68.62	78.85	79.63	61	71.34	55.32	4.15	6.35	13.93	17.94
ENSG00000168528:SERINC2	35.47	59.77	20.46	16.18	295.14	270.87	4.32	10.45	35.41	31.41
ENSG00000168530:MYL1	0	0	0.27	1.03	0	0	0	0	44.49	3.47
ENSG00000168538:TRAPPC11	23.27	19.51	24.03	17.48	19.64	17.69	3.27	5.7	17.86	8.16
ENSG00000168542:COL3A1	198.58	416.4	301.58	213.64	331.04	281.13	24.37	69.02	389.06	307.57
ENSG00000168546:GFRA2	10.59	7.14	0.86	1.18	0.09	0.33	0.2	0.84	3.5	3.71
ENSG00000168556:ING2	8.08	17.3	44.46	40.75	15.31	16.96	1.38	2.31	9.76	5.22
ENSG00000168564:CDKN2AIP	13.93	16	21.85	13.13	28.98	26.58	2.5	4.21	31.38	6.4
ENSG00000168566:SNRNP48	4.74	9.38	12.14	14.96	28.34	27.6	1.83	4.46	33.05	19.31
ENSG00000168569:TMEM223	5.55	8.05	23.36	26.19	20.79	18.89	9.25	19.84	5.73	133.93
ENSG00000168575:SLC20A2	20.45	29.51	27.99	21.27	2.27	1.64	1.74	3.04	5.72	3.49
ENSG00000168589:DYNLRB2	0.32	0.72	0	0	2.93	9.12	0.64	0.5	16	30.53
ENSG00000168591:TMUB2	31.99	43.8	61.88	53.37	55.97	65.06	3.63	8.49	12.57	47.21
ENSG00000168610:STAT3	28.91	47.34	76.86	52.81	29.46	19.5	9.69	21.85	57.13	62.95
ENSG00000168612:ZSWIM1	7.1	7.11	14.92	8.34	1.87	2.02	0.4	1.09	7.51	12.66
ENSG00000168619:ADAM18	0	0	0	0	0	0	0	0	0	0.14
ENSG00000168621:GDNF	0.61	2.01	0.27	0.08	6.66	2.66	0.05	0.27	0.29	0.06
ENSG00000168646:AXIN2	6.84	12.74	18.55	13.71	9.93	7.81	2.74	6.61	4.54	1.18
ENSG00000168653:NDUFS5	84.06	96.96	55.43	66.86	261.35	257.82	21.76	30.17	65.64	111.45
ENSG00000168658:VWA3B	0.39	0.59	0.3	0	0.59	0.08	0.02	0.03	0.03	0
ENSG00000168672:LRATD2	21.03	17.41	1.4	3.6	15.18	12.14	5.81	11.07	28.17	3.19
ENSG00000168675:LDLRAD4	2.71	15.27	3	1.75	17.82	19.35	2.12	6.16	1.81	2.45
ENSG00000168676:KCTD19	0.64	0.78	0.09	0.13	0.1	0.13	0	0	0	0.03
ENSG00000168679:SLC16A4	160.62	173.81	11.03	9.56	0	0	0.16	0.31	8.27	11.47
ENSG00000168685:IL7R	0.99	1.53	0.78	1.09	2.16	1.13	0.03	0.2	1.46	0.87
ENSG00000168702:LRP1B	0	0	0.03	0.08	0	0	0	0	2.86	0.12
ENSG00000168703:WFDC12	0	0	0	10.55	11.41	8.8	1.74	2.9	17.05	30.97
ENSG00000168710:AHCYL1	54.78	55.41	60.78	45.69	79.94	72.38	6.72	11.05	45.77	16.16
ENSG00000168724:DNAJC21	40.17	50.48	16.79	16.44	40.72	26.44	0.74	1.28	32.68	26.07
ENSG00000168743:NPNT	1.55	9.56	13.57	17.8	6.91	5.71	1.15	1.89	11.29	7.46
ENSG00000168748:CA7	0	0	0.3	2.16	0	0	0	0.02	3.24	12.87
ENSG00000168754:FAM178B	0.83	1.58	1.76	1	0.17	0.03	0.05	0.14	0.25	0.38
ENSG00000168758:SEMA4C	20.96	47.05	54.91	25.94	8.27	8.68	1.73	4.82	131.65	121.54
ENSG00000168763:CNNM3	10.59	13.12	21.36	15.04	15.96	15.52	1.63	4.9	36.97	23.6
ENSG00000168769:TET2	13.19	14.82	7.26	6.25	15.6	12.05	6.48	16.83	1.65	0.48
ENSG00000168772:CXXC4	0.52	1.49	0.04	0	0.07	0.11	0.23	1.03	0.14	0
ENSG00000168779:SHOX2	1.17	1.79	0.6	1.06	3.86	8.58	1.21	2.71	0.34	0
ENSG00000168781:PPIP5K1	20.14	15.17	11.12	20.85	7.36	8	1.97	3.8	7.11	7.47
ENSG00000168785:TSPAN5	2.6	3.65	19.11	16.75	16.41	12.24	0.52	0.52	2.51	0.63
ENSG00000168792:ABHD15	2.58	4.96	1.76	1.19	0.9	0.57	0.02	0.03	0.11	0.43
ENSG00000168795:ZBTB5	8.99	8.75	7.63	6.47	4.62	4.86	0.91	1.83	8.92	3.26
ENSG00000168803:MAPDA	1.7	2.7	5	7.42	4.21	3.44	0.98	2.32	1.01	2.15
ENSG00000168807:SNTB2	3	5.81	8.26	4.51	13.34	8.48	1.32	4.32	8.65	1.03
ENSG00000168811:IL12A	0.21	0.25	0	0.13	0.58	0.14	0.03	0.07	0	0.12
ENSG00000168813:ZNF507	26.75	22.35	11.84	7.67	8.05	6.8	0.89	1.88	0.89	0.13
ENSG00000168818:STX18	29.35	34.18	27.06	26.71	16.77	14.64	3.53	9.66	32.49	9.69
ENSG00000168824:NSG1	88.05	78.88	2.05	3.42	0.51	0.05	0.35	0.91	1.33	0.65
ENSG00000168826:ZBTB49	4.2	2.91	8.97	5.47	6.78	6.72	0.49	1.21	4.47	2.58
ENSG00000168827:GFM1	25.98	22.08	21.43	14.75	8.49	7.53	3.22	5.02	46.28	16.78
ENSG00000168843:FSTL5	0.06	0.25	0	0	0	0	0	0	0	0
ENSG00000168874:ATOH8	0.49	0.97	6.06	5.62	7.76	7.97	0.65	2.27	6.92	1.33
ENSG00000168875:SOX14	2.43	3.85	0	0	0	0.16	0	0	0.12	0
ENSG00000168876:ANKRD49	13.62	15.65	11.59	7.14	12.15	13.47	1.75	2.96	14.99	25.89
ENSG00000168878:SFTPB	0.27	0.19	0.12	0	0	0.16	0	0	0	0.06
ENSG00000168883:USP39	32.27	36.66	34.26	30.87	37.52	34.33	4.68	9.15	11.44	9.51
ENSG00000168884:TNIP2	19.02	27	13.22	12.86	14.81	15.4	2.32	8.14	5.24	4.42
ENSG00000168890:TMEM150A	25.83	24.44	85.95	172.34	5.81	5.09	0.32	0.99	3.46	17.08
ENSG00000168899:VAMP5	32.08	29.32	35.06	50.78	46.32	48.45	0.46	1.18	4.51	4.91
ENSG00000168906:MAT2A	76.94	103.15	65.25	61.08	100.36	86.45	24.61	42.31	112.07	207.69
ENSG00000168916:ZNF608	2.65	4.43	3.13	2.84	2.87	2.19	0.63	1.03	3.59	0.85
ENSG00000168917:SLC35G2	3.61	4.76	2.01	2.7	0.37	0.13	0.3	0.52	0.52	0.12
ENSG00000168918:INPP5D	14.72	23.48	8.72	4.69	56.2	65.41	1.48	4.97	0.78	1.09
ENSG00000168924:LETM1	7.76	10.14	25.91	23.41	55.2	51.55	5.28	16.01	207	17.09
ENSG00000168936:TMEM129	11.28	18.3	32.26	24.44	22.61	27.97	2.79	8.72	6.88	12.92
ENSG00000168938:PPIC	17.23	21.85	109.64	89.3	111.78	126.91	10.74	23.49	63.48	19.92
ENSG00000168944:CEP120	5.16	6.97	32.16	19.88	17.56	15.92	3.69	7.21	4.5	1.74
ENSG00000168952:STXBP6	15.02	23.62	3.36	11.54	35.69	26.59	3.16	7.51	24.26	18.06
ENSG00000168955:TM4SF20	1.27	1.29	0.1	0	0	0	0.02	0.02	4.26	3.76
ENSG00000168959:GRM5	0	0	0.01	0	0	0	0.07	0.14	0.02	0
ENSG00000168993:CPLX1	2.35	1.95	1.37	1.32	0.29	0.08	0.05	0.03	0	0
ENSG00000168994:PXDC1	96.82	113.93	50.35	58.55	145.1	123.58	1.36	4.55	72.93	23.13
ENSG00000169019:COMMD8	12.34	12.15	46.16	39.43	9.48	7.2	4.21	5.44	28.18	20.53
ENSG00000169021:UQCRFS1	18.67	21.32	46.64	51.86	106.67	109.6	9.07	12.32	187.76	156.08
ENSG00000169026:SLC49A3	0.8	2.23	4.32	2.22	11.08	12.31	8.6	19.99	45.22	28.02
ENSG00000169031:COL4A3	0.1	0.07	2.09	1.35	0.21	0.08	0	0	4.91	0.68
ENSG00000169032:MAP2K1	11.93	16.26	112.81	85.26	63.37	65.25	6.38	11	74.04	58.12
ENSG00000169035:KLK7	0	0	2.83	1.46	0	0	1.04	0.29	0	0
ENSG00000169047:IRS1	5.01	10.25	1.2	0.71	7.29	6.18	0.79	2.88	4.5	3.67
ENSG00000169057:MECP2	10.28	15.31	10.61	9.81	14.56	12.16	1.82	5.52	6.06	7.62
ENSG00000169064:ZBBX	0	0	1.14	0.2	0.08	0.12	0	0	0.74	0.49
ENSG00000169067:ACTBL2	0.02	0.27	0	0	0	0.02	0.01	0	0	0
ENSG00000169071:ROR2	0.39	1.82	1.5	0.7	1.37	1.19	0.33	0.91	4.79	4.07
ENSG00000169083:AR	0.27	0.12	0.67	0.5	0.08	0.06	0.01	0.01	0.21	0.08
ENSG00000169085:VXN	1.63	4.3	0.13	0.22	1.24	0.68	0.08	0.15	0.6	0.14
ENSG00000169087:HSPBAP1	30.62	31.68	27.07	20.42	12.1	8.53	1.01	2.16	5.8	5.73
ENSG00000169116:PARM1	16.78	24.72	109.89	90.76	11.12	9.15	1.55	5.43	31	9.27
ENSG00000169118:CSNK1G1	4.07	5.32	11.62	6.59	10.09	5.72	2.73	4.67	6.5	0.64
ENSG00000169122:FAM110B	0.79	2.42	13.06	10.09	2.76	2.09	0.29	1.19	2.68	0.82
ENSG00000169126:ODAD2	0	0.34	0.05	0	0.61	0.66	0.6	1.12	1.02	0.17
ENSG00000169129:AFAP1L2	10.01	14.68	99.13	46.59	34.59	43.43	0.57	1.71	34.92	5.09
ENSG00000169154:GOT1L1	0.13	0	8.46	3.6	0.69	1.29	0	0	0	0
ENSG00000169155:ZBTB43	7.8	9.86	16.57	10.84	5.81	4.89	0.8	1.62	7.28	0.73
ENSG00000169169:CPT1C	2.98	3.45	8.41	8.18	1.8	2.62	0.23	0.31	0.76	0.61
ENSG00000169180:XPO6	55.03	81.13	49.3	45.05	41.34	42.22	3.14	8.69	28.34	32.61
ENSG00000169181:GSG1L	0.03	0.34	0.88	1.01	0	0	0.01	0.08	0.21	0.04
ENSG00000169184:MN1	1.37	1.49	2.35	1.41	0.04	0	0.02	0.11	0.06	0.11
ENSG00000169188:APEX2	8.32	9.08	5.03	4.73	5.39	5.06	0.29	0.78	2.84	10.34
ENSG00000169189:NSMCE1	15.69	15.95	26.43	40.81	40.11	30.99	3.68	8.16	14.03	24.1
ENSG00000169218:RSPO1	0.04	0.39	0.14	0.58	2.51	2.03	0.34	0.75	1.04	0.66
ENSG00000169221:TBC1D10B	16.66	21.45	103.1	50.14	55.39	46.71	2.96	8.52	29.48	21.75
ENSG00000169223:LMAN2	148.27	175.73	106.03	113.6	170.52	163.14	7.25	18.73	256.93	217.6
ENSG00000169228:RAB24	24.2	42.1	105.53	101.91	149.32	99.58	6.4	14.46	110.9	80.47
ENSG00000169231:THBS3	11.39	20.26	8.04	11.31	1.35	1.32	2.18	4.82	17.24	7.04
ENSG00000169241:SLC50A1	26.47	35	30.38	28.1	18.35	12.4	2.96	5.97	6.24	48.16
ENSG00000169242:EFNA1	30.93	77.92	94.9	79.52	187.74	145.36	19.41	40.39	32.66	147.23
ENSG00000169245:CXCL10	1.18	3.4	4.28	0.48	3.38	3	0.74	0.91	0.21	0.21
ENSG00000169247:SH3TC2	42.55	84.13	17.37	10.8	1.15	1.45	0.96	1.58	10.36	4.9
ENSG00000169251:NMD3	18.91	18.81	46.61	46.57	22.9	18.9	5.35	7.17	8.58	14.33
ENSG00000169252:ADRB2	3.53	4.17	2.45	4.69	3.25	2.27	0.26	0.68	1.9	0.89
ENSG00000169271:HSPB3	0	0	0	0	44.45	56.08	0.07	0.15	0.2	0.38
ENSG00000169282:KCNAB1	0.63	1.84	2.25	0.42	0.14	0	0.91	1.75	0.67	0.33
ENSG00000169291:SHE	12.5	17.4	6.14	4.16	3.72	4.71	1.03	1.83	6.77	2.12
ENSG00000169297:NR0B1	0	0	0	0	0.32	0.18	0	0	1.56	11.62
ENSG00000169302:STK32A	0.04	0.51	0.23	4.35	1.18	0.88	0.01	0.01	1.8	1.71
ENSG00000169306:IL1RAPL1	0	0.05	0	0	0	0	0.01	0.03	0	0.03
ENSG00000169313:P2RY12	0.45	2.23	0.46	0.73	0.38	0.94	0.52	1.12	0.24	0.3
ENSG00000169330:MINAR1	0.45	0.57	0.02	0.18	0.08	0.03	0	0	16.09	0.53
ENSG00000169340:PDILT	0	0	0	0	0.05	0	0	0.02	0	0
ENSG00000169344:UMOD	0	0	0.02	0	1.73	0	0	0.01	0	0
ENSG00000169359:SLC33A1	21.89	19.51	14.71	15.68	28.07	29.37	3.91	8.44	46.82	21.73
ENSG00000169371:SNUPN	11.22	9.6	12.4	16.09	28.08	29.27	1.82	3.19	8.34	6.11
ENSG00000169375:SIN3A	25.16	28.4	28.31	18.74	15.32	13.72	4.69	10.32	23.91	9.18
ENSG00000169379:ARL13B	1.5	2.71	27.82	16.05	25.13	21.88	2.2	5.18	6.67	0.75
ENSG00000169403:PTAFR	2.87	4.28	2.49	1.97	9.37	2.97	0.3	0.4	0.31	0
ENSG00000169410:PTPN9	11.6	15	42.62	34.96	28.62	23.2	3.58	7.52	18.7	10.96
ENSG00000169427:KCNK9	0.04	0.15	0.22	0.1	0	0.04	0.03	0.02	0	0.04
ENSG00000169435:RASSF6	8.34	9.03	69.05	34.85	40.27	34.49	3.67	5.06	319.57	35.7
ENSG00000169439:SDC2	30.99	45.08	19.1	29.36	320.33	209.38	21.09	49.52	264.43	130.14
ENSG00000169490:TM2D2	25.01	38.29	63.07	62.9	42.19	36.24	5.13	9.22	68.33	64.55
ENSG00000169495:HTRA4	18.79	20.41	3.17	1.25	9.73	10.95	0.16	0.27	0.23	0.57
ENSG00000169499:PLEKHA2	11.32	13.97	25.7	14.53	12.37	6.35	1.43	3.44	2.77	1.4
ENSG00000169504:CLIC4	208.83	197.87	396.57	259.54	310.08	284.08	56.75	102.41	67.13	58.63
ENSG00000169508:GPR183	4.59	8.59	0.37	0.32	24.16	32.72	9.86	11.11	0.23	0.07
ENSG00000169519:METTL15	5.33	5.42	2.26	0.97	3.05	2.65	0.39	0.72	24.33	29.36
ENSG00000169554:ZEB2	24.34	48.38	12.63	11.31	8.05	6.23	2.86	5.8	5.53	1.09
ENSG00000169562:GJB1	0	0	0.16	35.9	62.08	29.98	6.5	16.04	45.73	98.08
ENSG00000169570:DTWD2	0.85	1.62	4.91	5.02	5.32	3.48	0.39	0.55	0.28	0.66
ENSG00000169583:CLIC3	219.69	255.71	2.45	3	6.98	4.28	0.26	1.27	234.62	135.61
ENSG00000169592:INO80E	25.71	42.16	31.99	28.07	36.57	48.4	1.29	4.58	23.28	26.89
ENSG00000169594:BNC1	1.1	1.47	0.12	0.31	1.94	0.82	0.04	0.1	2.64	1.55
ENSG00000169598:DFFB	2.13	3.37	4.7	4.63	5.13	6.32	0.29	0.69	1.11	0
ENSG00000169599:NFU1	34.33	45.07	37.75	40.87	81.86	57.31	1.8	2.96	43.22	29.94
ENSG00000169604:ANTXR1	12.91	32.05	83.52	44.7	6.41	5.72	4.57	14.85	2.19	0.89
ENSG00000169605:GKN1	0	0.64	28.34	24.96	0	0	0	0	0	0
ENSG00000169621:APLF	1.48	1.88	7.39	7.2	2.74	3.33	0.77	1.3	29.28	4.01
ENSG00000169635:HIC2	6.69	7.9	36.18	17.78	16.72	17.08	5.34	17.72	5.23	0.93
ENSG00000169641:LUZP1	6.46	9.41	48.15	27.47	31.57	24.39	6.36	14.21	26.31	5.32
ENSG00000169660:HEXD	12.16	28.39	12.88	8.07	14.45	15.47	0.3	1.14	6.38	2.12
ENSG00000169676:DRD5	0.04	0.05	0	0	0.2	0	0	0	0.11	0.31
ENSG00000169679:BUB1	3.62	2.09	0.8	0.71	11.1	10.48	0.19	0.2	1.8	0.13
ENSG00000169682:SPNS1	22.31	26.21	20.34	28.05	67.2	57.45	1.41	5.07	36.63	59.59
ENSG00000169683:LRRC45	4.55	6.85	10.64	14.5	6.29	7.92	3.19	14.04	21.92	9.71
ENSG00000169684:CHRNA5	1.49	1.14	0.08	0	0.1	0.2	0.02	0.02	0.25	0.06
ENSG00000169696:ASPSCR1	15.64	26.49	55.21	46.15	39.36	35.48	2.54	6.91	31.75	26.97
ENSG00000169704:GP9	0.12	0.07	1.33	0.51	0.31	0.2	0.06	0.22	5.3	2.73
ENSG00000169710:FASN	17.16	29.73	8.75	31	29.4	27.29	18.49	140.69	6.66	4.14
ENSG00000169714:CNBP	145.51	168.2	192.93	158.19	256.61	191.03	10.3	14.53	119.39	36.49
ENSG00000169717:ACTRT2	0	0	0	0	0	0	0	0	0	0
ENSG00000169718:DUS1L	34.44	40.06	22.75	28.16	37.18	31.03	1.69	6.58	27.85	45.74
ENSG00000169727:GPS1	32.57	42.3	61.66	46.63	43.79	38.46	5.53	17.2	36.54	43.87
ENSG00000169733:RFNG	12.43	20.89	14.27	9.05	15.23	13.94	2.52	7.43	12.52	19.84
ENSG00000169744:LDB2	35.88	48.55	6.46	5.58	6.04	6.74	2.94	10.41	9.94	11.33
ENSG00000169750:RAC3	4.65	7.28	1.75	7.82	26.13	33.7	2.46	8.85	33.99	48.49
ENSG00000169752:NRG4	1.43	1.68	3.63	3.43	0.11	0.05	0.16	0.33	1.26	0.37
ENSG00000169758:TMEM266	3.92	5.79	1.66	1.72	0.14	0.07	0.08	0.3	0	0
ENSG00000169760:NLGN1	0.87	0.99	0.07	0.04	0.03	0	0	0.01	0.21	0.14
ENSG00000169762:TAPT1	28.18	37.7	43.28	21.82	15.39	15.14	2.77	6.6	10.05	6.61
ENSG00000169777:TAS2R1	0	0	0	0	0	0	0	0	0	0
ENSG00000169783:LINGO1	7.25	6.41	1.33	0.18	1.03	1.01	0.02	0.02	0.85	2.66
ENSG00000169814:BTD	10.82	11.13	21.95	32.21	6.24	5.66	2.32	4.23	3.86	8.24
ENSG00000169826:CSGALNACT2	6	13.14	12.17	8.34	6.38	6.55	1.58	2.73	37.25	7.17
ENSG00000169836:TACR3	0.07	0.05	0.02	0	0	0	0.55	1.03	0	0
ENSG00000169840:GSX1	0	0	0.03	0	0	0	0	0	0	0
ENSG00000169851:PCDH7	0.11	0.12	3.98	4.35	0.65	0.48	1.22	2.62	33.83	12.92
ENSG00000169855:ROBO1	3.37	6.91	5.32	2.92	0.41	0.26	0.34	0.46	3.21	0.86
ENSG00000169856:ONECUT1	0.11	0.01	0	0.02	0	0	0	0	0.06	0
ENSG00000169857:AVEN	8.87	9.66	7.4	5.98	13.18	13.53	1.57	4.06	49.2	33.31
ENSG00000169862:CTNND2	0.17	0.42	1.73	0.84	2.89	1.74	0.05	0.68	0.46	0.08
ENSG00000169891:REPS2	1.04	2.01	9.55	3.97	1.17	0.87	0.83	1.59	2.41	2.87
ENSG00000169896:ITGAM	2.63	8.82	2.27	3.08	15.57	8.04	1.78	3.15	0.14	0.21
ENSG00000169902:TPST1	4.59	9.92	14.92	10.99	16.6	12.22	1.93	2.54	7.49	12.14
ENSG00000169903:TM4SF4	0	0	0	0.17	0.15	0.22	0.22	0.6	2.78	7
ENSG00000169906:S100G	0	0	1034.57	1438.44	2885.41	3681.48	0	0	0	0.47
ENSG00000169918:OTUD7A	0.11	0.11	0.09	0.04	0.02	0.02	0.41	1.09	5.53	2.55
ENSG00000169925:BRD3	8.69	11.18	70.21	29.06	50.5	35.25	1.39	4.43	23.76	3.33
ENSG00000169926:KLF13	10.64	21.16	48.61	31.3	56.21	31.66	4.03	9.25	9.5	18.23
ENSG00000169933:FRMPD4	0.01	0.01	0.06	0.11	0.11	0.03	0.09	0.22	0.12	0.02
ENSG00000169946:ZFPM2	1.3	3.62	0.16	0	0.28	0.53	0.15	0.39	0.73	0.55
ENSG00000169962:TAS1R3	0.32	0.46	0.4	0.16	0.37	0.57	0.19	0.82	0.41	0.16
ENSG00000169964:TMEM42	3.91	5.88	8.33	7.78	7.74	9.04	0.49	1.46	25.13	27.9
ENSG00000169967:MAP3K2	11.37	13.17	16.27	9.69	5.19	3.14	5.11	7.84	1.3	0.23
ENSG00000169989:TIGD4	0.16	0.24	0.09	0.02	0.17	0.16	0.21	0.37	0	0.05
ENSG00000169994:MYO7B	1.63	4.78	2.12	1.86	0	0.07	0.06	0.22	0.04	0.07
ENSG00000170004:CHD3	56.2	83.86	48.79	40.85	45.97	37.5	4.81	20.77	60.64	25.11
ENSG00000170006:TMEM154	3.04	1.27	19.84	13.12	11.2	3.64	1.98	2.58	2.52	0.1
ENSG00000170017:ALCAM	3.03	6.45	2.74	5.82	2.2	0.98	9.12	15.66	5.99	2.1
ENSG00000170035:UBE2E3	61.22	60.48	57.56	43	52.81	58.02	6.71	13.74	0	0
ENSG00000170037:CNTROB	11.37	21.92	3.94	4.86	12.09	12.4	0.32	0.81	1.78	1.8
ENSG00000170044:ZPLD1	0	0.03	0	0.03	0	0	0.34	0.42	1.06	0.61
ENSG00000170049:KCNAB3	1.58	4.18	0.97	0.87	0.1	0.16	0.53	1.03	3.93	9.49
ENSG00000170075:GPR37L1	0.13	0.21	0.02	0	0.86	0.18	0	0	0.15	0.69
ENSG00000170088:TMEM192	10.35	9.56	27.26	24.39	11.85	7.26	1.25	2.61	6.8	3.33
ENSG00000170099:SERPINA6	0.03	0.2	0.09	0	0	0	0	0	3.69	1.89
ENSG00000170113:NIPA1	5.26	4.86	3.28	5.02	3.15	6.33	1.12	1.67	6.25	4.18
ENSG00000170142:UBE2E1	65.01	69.66	64.2	56.03	57.6	45.63	17.73	22.96	59.58	85.76
ENSG00000170145:SIK2	4.37	6.28	7.92	3.89	14.2	10.85	2.41	6.74	3.51	0.82
ENSG00000170162:VGLL2	0.29	0.26	0	0.15	0.44	0.25	0.01	0	0	0.21
ENSG00000170175:CHRNB1	13.25	12.37	13.85	39.84	3.35	3.61	0.22	0.74	19.31	4.74
ENSG00000170178:HOXD12	0	0	0	0	0	0	0.01	0.01	0	0
ENSG00000170185:USP38	8.13	8.41	22.34	15.5	14.09	14.19	2.13	4.4	8.58	4.54
ENSG00000170190:SLC16A5	29.52	33.18	2.29	1.2	12.26	5.64	0.71	1.61	40.22	28.98
ENSG00000170191:NANP	2.1	2.35	4	1.28	8.85	6.76	1.28	2.53	2.01	4.95
ENSG00000170214:ADRA1B	0	0.25	0.22	0.18	0.09	0.18	0.01	0.09	0.2	0.08
ENSG00000170231:FABP6	0	0	0.96	1.37	0.64	0	0	0	0.22	0.52
ENSG00000170234:PWWP2A	7.21	12.48	20.83	18.68	30.24	36.32	0	0	7.55	4.27
ENSG00000170236:USP50	4.55	6.35	0.7	0.83	0.69	0.95	0	0	3.99	7.49
ENSG00000170242:USP47	49.57	62.88	92.37	53.46	36.16	33.26	7.31	10.71	64.8	17.39
ENSG00000170260:ZNF212	11.84	14.45	16.66	12.32	13.12	13.31	0.76	1.34	20.02	6.91
ENSG00000170262:MRAP	0.07	0.56	6.52	4.32	0	0.24	0	0.03	0.28	0.13
ENSG00000170264:FAM161A	2.24	3.33	3.36	5.51	7.65	6.08	0.3	0.43	3.81	2.08
ENSG00000170266:GLB1	26.5	35.04	54.41	67.39	116.63	95.36	32.3	53.31	18.08	41.96
ENSG00000170270:GON7	3.72	4.92	9.2	8.37	18.32	13.14	5.64	10.01	24.65	25.73
ENSG00000170271:FAXDC2	6.61	12.98	0.61	0.35	0	0	17.2	32.58	156.75	47.91
ENSG00000170275:CRTAP	56.07	64.82	111.83	109.55	31.37	25.36	3.21	8.32	34.15	47.64
ENSG00000170289:CNGB3	0.03	0.09	0	0	0.33	0.08	0	0	0	0
ENSG00000170291:ELP5	19.5	30.05	56.96	58.67	123.87	96.98	2.41	4.24	2.75	3.07
ENSG00000170310:STX8	22.64	28.67	27.69	34.56	31.73	26.69	2.56	4.98	24.7	20.5
ENSG00000170322:NFRKB	10.16	11.14	10.01	6.58	14.17	14.15	1.9	5.02	4.81	6.97
ENSG00000170323:FABP4	208.17	131.67	147.31	250.18	1.46	2.25	1.92	3.93	0.37	0.97
ENSG00000170324:FRMPD2	0.22	0.33	0.34	0.1	0	0	0	0	0	0
ENSG00000170325:PRDM10	5	5.31	7.01	3.89	2.79	2.87	0.45	1.3	2.01	0.12
ENSG00000170340:B3GNT2	15.29	23.91	20.33	6.41	57.2	48.63	8.78	13.03	63.66	19.98
ENSG00000170345:FOS	109.53	362.47	53.19	81.59	84.77	60.24	62.15	206.46	16.46	18.26
ENSG00000170348:TMED10	362.96	186.23	529.26	488.62	187.93	162.25	39.76	57.72	199.78	53.79
ENSG00000170365:SMAD1	4.79	9.34	24.08	17.52	35.84	36.48	2.45	4.2	5.44	9.79
ENSG00000170370:EMX2	0	0.08	8.24	6.38	48.79	37.7	0	0	64.56	74.63
ENSG00000170381:SEMA3E	0.97	0.78	38.48	22.71	0.91	0.57	0.04	0.04	1.96	0.42
ENSG00000170382:LRRN2	0.36	0.55	7.04	2.32	3.63	6.16	0	0	0	0.1
ENSG00000170385:SLC30A1	16.09	11.25	37.29	19.81	38.24	38.03	2.89	6.67	100.54	18.14
ENSG00000170390:DCLK2	2.55	4.24	3.06	3.14	1.2	1.5	1.51	2.51	2.94	0.56
ENSG00000170396:ZNF804A	0.03	0.07	0.17	0.23	0	0	0.01	0.02	0.05	0
ENSG00000170412:GPRC5C	3.93	4.95	62.78	23.86	10.55	7.25	3.2	7.63	157.52	231.97
ENSG00000170417:TMEM182	15.9	21.8	0.1	0	1.19	2.67	0.09	0.17	0	0.07
ENSG00000170419:VSTM2A	0	0	0.02	0	0.09	0	0	0	0	0.68
ENSG00000170430:MGMT	2.26	6.53	0.37	0.6	43.92	44.85	1.33	4.41	1.82	13.56
ENSG00000170439:TMT1B	3.4	8.22	2.32	6.44	0.33	0.37	0	0	5.23	3.78
ENSG00000170445:HARS1	17.7	22.72	29.53	28.83	38.53	33.5	2.64	5.81	94.57	72.98
ENSG00000170448:NFXL1	8.27	10.62	16.71	16.74	7.31	6.14	0.55	1.01	7.46	1.18
ENSG00000170456:DENND5B	3.09	3.6	5.01	4.98	3.85	2.4	0.76	1.94	17.25	12.84
ENSG00000170458:CD14	43.47	97.26	12.82	14.52	151.12	95.41	1.47	3.88	12.63	32.06
ENSG00000170464:DNAJC18	3.27	5.23	9.12	8.13	8.19	7.07	0.91	2.42	8.65	1.48
ENSG00000170468:RIOX1	3.67	4.05	7.12	5.28	7.36	7.32	0.81	1.43	9.57	14.15
ENSG00000170471:RALGAPB	28.92	33.74	26	16.12	15.42	14.39	3.55	7.16	16.1	2.53
ENSG00000170477:KRT4	0.3	0	0.02	0	0	0	0	0	0.3	0.46
ENSG00000170482:SLC23A1	1.1	0.58	1.26	1.69	23.26	19.05	0.18	0.33	0.08	0.25
ENSG00000170485:NPAS2	42.22	28.17	9.45	6.78	1.09	0.68	0.35	0.78	1.97	1.63
ENSG00000170525:PFKFB3	4.13	6.38	25.76	26.67	74.88	35.9	1.41	3.46	2.66	1.23
ENSG00000170537:TMC7	3.6	4.65	4.87	3.35	2.68	2.41	0.52	1.41	1.42	0.13
ENSG00000170549:IRX1	0	0	0.85	0.1	0	0	0	0.1	0	0
ENSG00000170558:CDH2	0.01	0.17	2.34	2.01	2.41	2.86	0.02	0.06	4.49	0.9
ENSG00000170561:IRX2	2.63	7.53	6.75	4.22	0	0	0	0.03	0.44	0.16
ENSG00000170571:EMB	9.3	15.83	11.2	11.33	81.58	26.84	0.09	0.41	6.19	3.75
ENSG00000170577:SIX2	0.13	0.08	0.62	0.68	0.53	0.63	0.01	0.31	0	0.15
ENSG00000170579:DLGAP1	3.18	0.28	0.2	0.12	0.47	0.34	0.51	1.66	0.66	0.98
ENSG00000170584:NUDCD2	16.07	16.71	26.95	29.19	57.91	60.78	0.98	1.85	15.6	18.92
ENSG00000170606:HSPA4	43.3	44.16	99.88	93.4	49.14	54.05	13.64	21.27	58.05	42.85
ENSG00000170608:FOXA3	0.03	0	1.13	2.97	0.6	0.18	0.06	0.24	0.69	4.8
ENSG00000170613:GARIN3	0	0	0.06	0	0	0	0	0	0	0
ENSG00000170615:SLC26A5	0	0.13	0.02	0.99	0.03	0	0	0	0.02	0
ENSG00000170624:SGCD	0.03	0.3	0.09	0	0.14	0.07	0.22	1.15	1.92	2.83
ENSG00000170627:GTSF1	35.91	22.53	0.32	0.96	6.9	1.44	2.31	4.29	6.4	5.52
ENSG00000170632:ARMC10	12.97	14.29	23.99	19.07	33.18	26.02	8.14	16.74	4.02	5.54
ENSG00000170633:RNF34	14.74	15.8	18.18	11.85	17.97	19.95	1.06	2.63	32.3	22.69
ENSG00000170638:TRABD	12.29	18.11	32.34	33.02	46.08	41.86	2.06	4.81	45.83	14.65
ENSG00000170677:SOCS6	18.58	21.64	20.52	26.27	39.6	27.33	3.56	6.24	27.44	2.72
ENSG00000170681:CAVIN4	0.89	0.72	2	0.9	4.07	3.48	0.01	0.02	0	0
ENSG00000170689:HOXB9	0.44	0.84	3.75	0.99	0.6	1.75	0.08	0.09	3.92	1.5
ENSG00000170703:TTLL6	0.02	0.13	0.01	0	0	0	0	0	2.85	2.45
ENSG00000170734:POLH	3.78	4.18	5.48	2.89	12.47	11.82	0.76	1.6	2.33	1.19
ENSG00000170743:SYT9	0.04	0	1.17	0.48	13.17	9.69	0.01	0.43	1.25	0.15
ENSG00000170759:KIF5B	64.06	58.22	38.69	25.59	79.04	63.45	14.6	23.44	306.4	14.6
ENSG00000170775:GPR37	2.53	5.72	0.07	0	0.25	0.05	0.16	0.18	0.91	1.28
ENSG00000170776:AKAP13	25.11	37.55	45.53	24.72	38.6	33.33	9.3	25.3	26.8	1.24
ENSG00000170786:SDR16C5	0	0.03	0	0	0.09	0	17	21.61	6.26	14.37
ENSG00000170788:DYDC1	0.24	0.46	0	0	0.74	0.52	0.37	1.14	16.42	8.78
ENSG00000170801:HTRA3	3.86	6.86	515.7	415.27	2.05	3.01	0.15	0.25	6.07	16.33
ENSG00000170802:FOXN2	19.33	16.79	15.3	6.15	24.25	23.71	3.11	5.94	2.98	0.48
ENSG00000170819:BFSP2	0	0	0.07	0	0.11	0.27	0.01	0	0.12	0
ENSG00000170820:FSHR	0.02	0	0.02	0	0.7	0.07	0	0	0.04	0
ENSG00000170835:CEL	1.04	1.75	2.33	0.12	0	0.04	0.03	0.08	0.3	0.82
ENSG00000170836:PPM1D	21.5	30.9	24.41	14.43	27.44	19.74	2.6	4.99	20.72	13.52
ENSG00000170837:GPR27	1.89	1.54	3.9	1.77	2.52	2.6	0.66	1.4	0	0
ENSG00000170852:KBTBD2	38.57	44.37	37.63	22.9	34.4	36.8	6.36	11	10.63	5.84
ENSG00000170854:RIOX2	36.13	44.28	18.78	9.12	9.68	9.38	1.73	3.11	2.53	2.92
ENSG00000170860:LSM3	13.42	14.9	37.36	42.71	181.47	162.15	1.42	1.99	58.37	29.97
ENSG00000170873:MTSS1	23.42	47.09	83.57	63.68	6.01	5.28	1.8	4.95	57.28	8.76
ENSG00000170876:TMEM43	72.84	87.13	68.77	58.11	58.29	47.87	7.82	14.78	28.27	11.35
ENSG00000170881:RNF139	28.42	29.4	26.23	15.7	25.97	21.99	5.05	7.07	16.97	19.32
ENSG00000170890:PLA2G1B	0	0	0	0	0	0	0	0	1.22	0.43
ENSG00000170891:CYTL1	5.89	11.39	0.53	0.18	0	0	0.06	0.05	0	0.04
ENSG00000170892:TSEN34	12.85	15.84	66.53	65.8	54.87	45.46	3.73	12.12	6.68	56
ENSG00000170893:TRH	0.06	0.27	0	0	0.24	0	0.02	0.04	0	0.04
ENSG00000170903:MSANTD4	1.96	2.91	18.65	17.89	17.09	14.22	4.91	8.01	29.85	10.17
ENSG00000170909:OSCAR	0.37	0.65	0.18	0	1.05	0.92	0.11	0.61	0.18	0.57
ENSG00000170915:PAQR8	2.53	3.58	4.18	4	41	48.3	5.89	8.31	1.14	9.38
ENSG00000170917:NUDT6	1.89	2.36	3.43	2.61	2.78	2	0.62	1.25	2.04	8.06
ENSG00000170921:TANC2	8.94	11.57	16.9	10.56	8.78	8.95	3	8.68	1.19	0.33
ENSG00000170927:PKHD1	0.08	0.03	0.09	0.09	0.32	0.42	0	0	0.06	0.07
ENSG00000170946:DNAJC24	10.04	10.98	7.86	11.01	8.78	9.76	1.74	2.53	21.24	9.99
ENSG00000170955:CAVIN3	10.84	22.57	19.75	22.99	24.99	32.5	11.72	38.16	48.14	41.13
ENSG00000170961:HAS2	1.84	1.16	0.34	0.15	0.94	2.82	0	0	1.33	0.38
ENSG00000170962:PDGFD	0.28	8.11	4.7	6.2	3.16	3.78	3.01	6.01	12.31	10.72
ENSG00000170989:S1PR1	24.15	31.74	29.04	20.56	24.57	24.29	5.04	11.08	10.22	38.21
ENSG00000171004:HS6ST2	7.2	4.55	1.73	1	0	0	0.01	0.02	0.24	0
ENSG00000171014:OR4D5	0	0	0.23	0.12	0	0	0.03	0	0	0
ENSG00000171017:LRRC8E	4.88	10.9	1.52	1.28	11.82	8.52	1.29	2.32	2.45	0.99
ENSG00000171033:PKIA	3.03	1.84	1.92	0.8	8.37	2.83	3.78	5.69	6.2	0.78
ENSG00000171044:XKR6	1.18	1.47	2.87	3.1	0.69	0.45	0.16	0.41	0.28	0.07
ENSG00000171054:OR13H1	0.1	0.12	0	0	0	0	0	0	0	0
ENSG00000171055:FEZ2	60.48	88.1	40.99	42.09	23.29	19.04	2.19	4.63	33.28	16.2
ENSG00000171056:SOX7	21.44	24.64	11.33	9.61	2.77	3.69	1.8	4.84	2.06	1.53
ENSG00000171060:C8orf74	0.02	0	0	0	0	0	0.01	0	0	0
ENSG00000171067:C11orf24	14.22	15.93	17.39	16.75	24.25	25.79	0.74	3.18	4.2	27.51
ENSG00000171094:ALK	0.41	0.21	0	0	0	0	0	0.01	0.55	0.23
ENSG00000171100:MTM1	19.61	20.85	4.77	3.36	2.78	2.29	0.81	1.3	13.32	2.45
ENSG00000171105:INSR	34.66	38.36	22.25	20.15	10.17	9.36	1.21	3.79	10.83	5.97
ENSG00000171109:MFN1	20.44	25.61	64.11	67.34	23.84	20.95	4.79	7.84	32.03	10.19
ENSG00000171119:NRTN	0.05	0.23	0.96	0.94	5.93	4.21	0.77	2.33	57.62	93.17
ENSG00000171121:KCNMB3	3.74	7.65	0	0	1.51	1.05	0.01	0	0.1	0
ENSG00000171126:KCNG3	0	0	0.42	0.24	0.16	0.29	0.52	0.55	0.49	0.06
ENSG00000171133:OR2K2	0	0	0	0	0	0	0	0.05	0	0
ENSG00000171136:RLN3	0.1	0.64	0.09	0	0	0	0.01	0.02	2.18	2.42
ENSG00000171148:TADA3	14.56	21.46	39.56	30.23	71.17	78.91	2.44	6.02	76.81	70.95
ENSG00000171150:SOCS5	8.23	8.35	14.18	7.09	9.5	8.76	2.4	3.79	11.32	2.06
ENSG00000171160:MORN4	1.73	2.58	2.31	3.08	4.79	4.41	0.84	2.06	9.84	15
ENSG00000171163:ZNF692	32.02	47.01	5.94	4.57	11.78	17.63	0.42	1.69	19.57	41.08
ENSG00000171174:RBKS	0.7	1.72	4.13	5.2	14.8	8.16	1.5	3.08	6.22	4.29
ENSG00000171189:GRIK1	0.26	0.19	0.02	0	0.11	0	0	0.07	0.5	0.06
ENSG00000171202:TMEM126A	10.21	10.26	20.21	32.7	15.29	15.97	3.66	4.76	6.06	26.92
ENSG00000171204:TMEM126B	14.06	18.63	8.29	10.95	11.65	8.86	2.83	5.05	1.3	6.4
ENSG00000171206:TRIM8	31.78	44.6	29.33	26.9	27.8	23.03	5.55	16.24	58.46	75.38
ENSG00000171208:NETO2	1.38	2.6	1.7	1.06	0.36	0.49	0.12	0.19	0.82	0.71
ENSG00000171209:CSN3	0.07	0	0.1	0	0	0.07	0	0	0.09	0.08
ENSG00000171219:CDC42BPG	14.39	19.8	23.36	16.47	54.17	63.06	2.8	9.58	29.1	40.17
ENSG00000171222:SCAND1	17.27	19.47	26.86	30.04	10.82	9.79	4.95	16.22	92.44	84.81
ENSG00000171223:JUNB	73.65	72.6	57.96	37.49	62.23	61.52	33.9	105.21	81.96	118.62
ENSG00000171224:FAM241B	0.92	0.97	3.18	6.15	37.36	32.71	0.07	0.14	0.11	0
ENSG00000171241:SHCBP1	3.4	3.33	1.18	0.86	8.7	8.96	0.18	0.26	2.46	0.23
ENSG00000171243:SOSTDC1	0.03	0	2.39	1.01	0.37	0.73	0.5	1.08	1.76	4.32
ENSG00000171246:NPTX1	1.46	0.72	1.26	1.71	0.78	0.72	0.21	1.15	5.62	0.87
ENSG00000171262:FAM98B	11.61	11.81	17.53	12.37	19.06	14.56	2.76	3.67	16.9	5.48
ENSG00000171298:GAA	113.55	143.96	122.4	104.33	18.9	9.17	0.99	2.54	3.42	2.7
ENSG00000171302:CANT1	56.27	57.51	58.51	41.63	31.99	33.01	2.73	9.42	10.61	3.23
ENSG00000171303:KCNK3	24.12	16.77	1.12	1.79	0.51	0.22	0.48	1.69	11.3	5.75
ENSG00000171307:ZDHHC16	41.55	53.35	47.18	41.84	22.57	17.1	1.94	4.4	7.78	18.3
ENSG00000171310:CHST11	11.41	14.77	83.11	54.92	3.45	5.35	0.92	1.59	1.23	0.68
ENSG00000171311:EXOSC1	14.5	17.61	17.58	17.85	24.98	24.19	1.11	1.85	26.51	61.28
ENSG00000171316:CHD7	9.54	10.21	24.08	8.18	11.35	12.01	1.85	5.78	4.05	0.61
ENSG00000171320:ESCO2	0.8	0.71	0.27	1.33	4.57	4.01	0.07	0.11	1.03	0.15
ENSG00000171357:LURAP1	3.15	8.01	7.57	4.07	1.17	0.57	0.22	0.37	2.69	16.27
ENSG00000171365:CLCN5	3.38	7.1	25.76	11.25	7.25	6.45	4.85	12.48	35.17	28.65
ENSG00000171368:TPPP	1.14	1.12	8.06	3.64	4.74	7.67	0.17	0.4	3.22	1.81
ENSG00000171385:KCND3	0.04	0.19	0.4	0.68	0	0.07	0	0.01	0.16	0.15
ENSG00000171388:APLN	38.72	58.6	4.69	4.58	0	0	0.48	0.35	0.24	0.1
ENSG00000171408:PDE7B	0.99	1.29	1.66	0.91	5.8	3.52	2.67	4.41	3.61	1.64
ENSG00000171431:KRT20	0.13	0.37	1.13	2.86	0	0	0	0.02	0	0
ENSG00000171433:GLOD5	0	0.16	0.94	1	0	0	0	0	0.27	0
ENSG00000171435:KSR2	0.02	0.04	0.11	0.12	0	0	0	0	0	0
ENSG00000171443:ZNF524	4.52	6.48	9.86	9.58	15.25	15.32	1.28	3.71	3.4	12.5
ENSG00000171444:MCC	4.3	7.44	6.95	4.28	7.37	4.79	2.08	6.1	4.06	0.42
ENSG00000171448:ZBTB26	5.24	6.33	4.26	3.19	4.76	5.38	1.12	1.58	4.52	1.14
ENSG00000171450:CDK5R2	0	0	0.08	0	0.71	0.46	0.04	0	0	0
ENSG00000171451:DSEL	1.87	2.64	4.37	3.52	1.94	2.61	0.47	0.97	34.06	17.79
ENSG00000171453:POLR1C	12.95	12.7	25.83	28.51	16.56	13.22	3.54	6.55	22.12	43.73
ENSG00000171456:ASXL1	15.79	27.47	18.11	15.28	41.85	47.56	1.79	6.02	13.86	7.97
ENSG00000171462:DLK2	0.42	0.54	1.78	1.95	0.26	0.39	0.13	0.5	15.32	4.39
ENSG00000171467:ZNF318	5.57	9.55	13.16	10.71	6.64	6.36	2.15	6.48	31.53	14.92
ENSG00000171475:WIPF2	16.06	21.07	11.16	6.34	32.12	28.54	1.49	4.37	5.59	2.28
ENSG00000171476:HOPX	745.97	459.15	37.67	66.31	18.09	20.48	0.87	0.94	2.86	14.53
ENSG00000171488:LRRC8C	2.46	4.39	8.55	4.47	49.04	36.87	1.98	5.41	0.74	1.64
ENSG00000171492:LRRC8D	4.69	5.15	35.3	28.24	11.37	8.63	6.68	13.56	4	8.66
ENSG00000171495:MROH2B	0	0	0.03	0	0	0	0	0	0	0.03
ENSG00000171501:OR1N2	0	0	0.2	0.2	0	0	0.01	0.03	0	0
ENSG00000171503:ETFDH	59.08	63.13	42.78	39.67	21.15	16.5	9.93	18.95	15.33	8.82
ENSG00000171509:RXFP1	0.13	0.35	7.54	2.88	0	0	0	0	5.81	3.45
ENSG00000171517:LPAR3	0.99	1.05	3.92	9.01	1.72	1.63	0.35	1.15	39.04	14.73
ENSG00000171522:PTGER4	0.74	2.28	2.17	2.21	4.58	1.79	0.33	0.77	82.2	19.4
ENSG00000171530:TBCA	123.09	146.28	131.97	146.34	75.75	80.34	6.46	9.82	120.75	98.47
ENSG00000171532:NEUROD2	0.05	0.09	0.01	0	0	0	0	0	0.07	0.04
ENSG00000171533:MAP6	0.45	0.93	21.66	25.82	0.02	0.15	0	0.03	0.44	0
ENSG00000171540:OTP	0.01	0.07	0	0	0	0	0	0.02	0	0
ENSG00000171551:ECEL1	0.02	0.1	0.06	0.12	0	0	0	0.02	0	0.14
ENSG00000171552:BCL2L1	30.27	42.91	183.67	146.3	56.87	41.82	3.76	7.69	107.64	28.57
ENSG00000171557:FGG	0	0.27	6.34	615.96	0	0.05	0.02	0	226.7	93.57
ENSG00000171564:FGB	0	0	2.01	462.27	0.56	0.92	0	0.05	189.23	120.47
ENSG00000171587:DSCAM	0.2	0.52	0.01	0.24	0	0	0	0	0.01	0.01
ENSG00000171595:DNAI2	0.03	0.09	0.26	0.14	0.04	0.08	0	0.05	3.22	1.85
ENSG00000171596:NMUR1	1.07	0.71	0.5	1.22	0.14	0.05	0.45	1.15	0	0
ENSG00000171603:CLSTN1	36.94	50.75	28.84	17.62	205.69	164.49	10.09	33.99	999.07	370.53
ENSG00000171604:CXXC5	25.16	42.9	52.57	43.22	33.02	36.18	1.53	4.9	58.35	141.23
ENSG00000171608:PIK3CD	1.78	4.11	3.29	11.71	3.23	2.48	0.22	0.43	1.98	1.19
ENSG00000171611:PTCRA	0.15	0.09	0.19	0.21	0.14	0.07	0	0.02	0	0
ENSG00000171612:SLC25A33	0.97	0.59	10.8	11.51	29.41	23	2.58	5.72	0	0
ENSG00000171617:ENC1	10.34	14.01	17.68	16.69	18.66	15.69	1.92	4.07	2.11	0.91
ENSG00000171621:SPSB1	1.1	5.43	158.58	91.43	29.16	17.4	0.51	2.16	3.93	2.21
ENSG00000171631:P2RY6	47.93	58.06	2.4	4.77	0.69	0.55	0.01	0.05	0.07	0.43
ENSG00000171634:BPTF	31.47	42.91	34.8	23.68	15	12.5	2.61	7.5	15.82	2.1
ENSG00000171643:S100Z	1.43	0.7	0.37	0.3	0	0	0.02	0.1	0.33	0
ENSG00000171657:GPR82	0.3	0.34	0	0	0.33	0.17	0.07	0.19	0.15	0.36
ENSG00000171659:GPR34	7.8	24.45	0.38	0.21	55.22	56.63	2.88	3.34	0	0.2
ENSG00000171680:PLEKHG5	8.71	20.81	6.47	7.86	5.79	6.46	0.58	1.91	10.72	11.43
ENSG00000171681:ATF7IP	22.14	24.53	27.72	16.06	16.44	15.55	2.49	5.53	15.79	5.2
ENSG00000171695:LKAAEAR1	0	0.15	0	0	0	0	0.02	0	0.23	0.08
ENSG00000171700:RGS19	3.5	7.34	6	6.9	8.8	8.48	1.14	3.73	4.21	4.3
ENSG00000171703:TCEA2	16.72	28.31	4.37	2.88	11.47	9.1	1.9	5.78	22.43	17.03
ENSG00000171714:ANO5	0.09	0.18	0.03	0.07	0	0	0.04	0.14	8.1	0.78
ENSG00000171720:HDAC3	39.26	50.64	44.52	32.01	39.73	32.84	2.38	4.56	32.76	37.32
ENSG00000171722:SPATA46	0.39	0.5	0.64	0	0	0.08	0.01	0.03	0.05	0
ENSG00000171723:GPHN	5.6	4.88	4.24	4.41	14.53	8.41	1.45	3.32	13.37	4.9
ENSG00000171724:VAT1L	0.65	1.22	0.24	0.23	0.37	0.12	0.16	0.73	41.47	10.24
ENSG00000171729:TMEM51	4.31	6.67	5.8	16.9	14.37	10	2.92	6.81	25.98	34.56
ENSG00000171735:CAMTA1	18.21	31.57	16.06	12.13	1.1	0.49	6.18	8.95	0.93	0.11
ENSG00000171747:LGALS4	2.09	5.96	10.68	8.11	5.21	3.48	1.17	2.15	4.67	28.02
ENSG00000171757:LRRC34	0.78	1.19	0.75	0.73	1.51	1.65	0.07	0.15	0	0.11
ENSG00000171759:PAH	0.01	0.13	0	0	0	0	0.14	0.59	4.08	3.28
ENSG00000171766:GATM	41.57	65.63	274.76	365.67	49.09	23.88	0.41	0.68	40.56	85.01
ENSG00000171773:NXNL1	0	0	0	0.21	0	0.19	0	0	0.43	1.74
ENSG00000171777:RASGRP4	1.49	4.04	2.19	0.89	2.25	1.69	0.13	0.27	1.16	2.12
ENSG00000171790:SLFNL1	0.15	0.28	0	0	0.38	0.55	0.01	0.05	0.04	0.37
ENSG00000171791:BCL2	36.2	38.81	2.03	1.12	0.86	0.95	0.53	0.95	0.93	0.35
ENSG00000171792:RHNO1	12.94	13.04	21.94	22.52	17.34	16.39	0.57	1.06	9.02	15.8
ENSG00000171793:CTPS1	7.15	9.01	28.66	23.75	58.29	47.22	0.94	1.72	19.99	30.07
ENSG00000171806:METTL18	3.87	3.51	3.7	3.1	10.99	10.78	1.17	1.48	18.74	20.66
ENSG00000171811:CFAP46	0.04	0.11	0.33	0	0.15	0.04	0.01	0.01	8.86	3.73
ENSG00000171812:COL8A2	0.6	4.02	1.97	1.7	2.95	1.76	0.34	1.33	0.11	0.1
ENSG00000171815:PCDHB1	0.09	0.12	0	0	0.16	0.15	0.15	0.3	0.03	0.06
ENSG00000171819:ANGPTL7	0.17	0.26	1.39	3.31	0.03	0.03	0.1	0.41	1.08	1.54
ENSG00000171824:EXOSC10	38.63	50.4	28.39	24.3	21.68	19.08	1.4	3.14	16.25	18.53
ENSG00000171843:MLLT3	3.35	3.54	8.33	9.91	5.37	4	1.2	2.16	105.25	36.52
ENSG00000171853:TRAPPC12	26.1	39.16	19.11	14.54	14.75	11.03	1.13	3.95	22.1	12.02
ENSG00000171860:C3AR1	3.64	12.36	2.64	3.65	8.44	3.9	1.47	2.67	0.11	0.1
ENSG00000171864:PRND	0.15	0.13	0.46	0.76	0.11	0.17	0	0	0	0
ENSG00000171867:PRNP	41.87	54.66	291.86	224.11	30.09	11.7	4.98	9.94	32.48	91.19
ENSG00000171873:ADRA1D	0	0.15	0.1	0.77	0.2	0.05	0.19	0.69	0.04	0.21
ENSG00000171877:FRMD5	0.02	0	1.04	1.66	0.06	0.06	0.14	0.32	0.47	0.67
ENSG00000171885:AQP4	0.06	0	0.02	0	0.02	0.02	0.07	0.03	0.45	0.25
ENSG00000171914:TLN2	1.24	2	6.93	4.56	17.6	22.31	1.52	3.41	2.03	0.18
ENSG00000171940:ZNF217	30.3	29.61	9.25	16.74	38.29	20.17	1.7	3.7	21.13	3.83
ENSG00000171951:SCG2	0.51	2.06	0.06	0.07	0.06	0	0.01	0	1.68	0.67
ENSG00000171953:ATPAF2	15.53	16.03	18.26	14.24	15.86	15.13	3.83	8.71	5.8	14.14
ENSG00000171954:CYP4F22	0	0	0.26	0.08	0	0.08	0.07	0.13	0.6	0.39
ENSG00000171956:FOXB1	0.49	0.26	0	0	0.05	0	0	0.01	0	0
ENSG00000171960:PPIH	18.85	18.7	12.04	12.28	95.53	82.99	3.57	6.18	29.54	83.34
ENSG00000171962:DRC3	1.11	2.32	0.88	1.75	0.08	0.2	0.25	0.57	1.16	1.13
ENSG00000171984:SHLD1	3.25	2.14	14.43	18.18	5.13	5.57	0.92	1.98	3.52	4.57
ENSG00000171988:JMJD1C	18.94	30.36	38.75	23.86	17.11	15.61	5.9	8.8	20.83	4.65
ENSG00000171992:SYNPO	68.23	81.14	24.75	20.58	11.61	9.71	0.36	1.69	3.12	1.82
ENSG00000172007:RAB33B	7.18	9.64	14.5	11.74	7.6	7.85	2.87	4.44	5.19	1.64
ENSG00000172009:THOP1	61.9	108.1	9.78	19.06	15.66	18.14	2.18	5.11	18.17	5.64
ENSG00000172020:GAP43	1.82	1.29	1.42	0.29	0	0	0.04	0.07	0.12	0.45
ENSG00000172031:EPHX4	0.52	0.72	0.19	0.27	0	0	0.08	0.12	0.82	3.03
ENSG00000172037:LAMB2	181.28	338.07	106.93	128.4	71.02	64.08	3.53	13.61	54.25	56.14
ENSG00000172046:USP19	18.84	21.92	93.95	73.35	29.64	30.26	2.58	8.32	42.83	29.61
ENSG00000172053:QARS1	90.02	103.75	68.49	57.44	75.75	59.85	15.6	23.78	37.95	71.9
ENSG00000172057:ORMDL3	76.13	58.42	52.81	52.95	38.8	38.26	2.61	5.77	8.18	8.62
ENSG00000172059:KLF11	5.81	10.48	37.98	17.37	10.25	9.85	1.89	3.62	0.73	0.99
ENSG00000172061:LRRC15	0.01	0	0.34	0.14	0.09	0.05	0	0	0.19	0.66
ENSG00000172071:EIF2AK3	16.93	24.3	38.94	28.29	12.37	10.38	6.69	9.95	22.59	35.5
ENSG00000172081:MOB3A	16.97	21.61	54.31	38.8	13.93	12.55	1.38	3.13	18.75	6.6
ENSG00000172137:CALB2	0	0.04	0.03	0	0.17	0.18	0.02	0	29.04	17.73
ENSG00000172139:SLC9C1	0.26	0.89	0	0	0	0	0	0	0	0
ENSG00000172159:FRMD3	7.84	9.73	0.06	0.04	0.88	1.8	1.34	2.61	2.33	0.34
ENSG00000172164:SNTB1	4.88	4.72	3.09	7.61	0.57	1.3	0.57	1.22	39.55	5.14
ENSG00000172167:MTBP	2.7	2.48	3.81	1.98	6.07	2.77	0.07	0.09	1.47	0.64
ENSG00000172172:MRPL13	11.13	12.28	22.13	18.81	42.75	48.05	5.43	7.83	67.89	89.06
ENSG00000172175:MALT1	7.48	12.83	12.07	6.22	6.11	6.03	1.61	2.9	9.29	4.44
ENSG00000172183:ISG20	8.26	7.12	123.97	119.51	2.45	1.38	0.14	0.27	70.57	93.12
ENSG00000172197:MBOAT1	2.33	3.28	5.22	19.53	3.21	4.13	4.41	7.54	8.22	13.21
ENSG00000172201:ID4	6.56	9.87	1.11	1.05	1.16	0.82	3.84	12.31	34.55	25.35
ENSG00000172209:GPR22	0.05	0	0.05	0	0	0.02	0.17	0.53	0.06	0
ENSG00000172216:CEBPB	175.31	184.74	107.16	68.08	166.5	89.84	23.75	72.49	178.19	129.84
ENSG00000172238:ATOH1	0	0	0	0	0	0	0	0	0	0
ENSG00000172244:C5orf34	1.24	1.13	30.55	25.76	8.6	9.6	1.37	2.03	5.01	7.58
ENSG00000172260:NEGR1	0.72	1.84	0.14	0.08	0	0	0	0	0.58	0.09
ENSG00000172262:ZNF131	31.05	32.93	20.71	14.83	19.4	21.33	3.12	5.55	129.62	32.01
ENSG00000172269:DPAGT1	26.08	27.28	27.21	22.83	22.46	22.46	3.06	6.32	15.7	29.53
ENSG00000172273:HINFP	13.49	20.27	16.04	7.68	19.28	21.53	1.1	1.9	13.19	13.77
ENSG00000172289:OR10V1	0	0	0.45	0.98	0	0	0	0	0	0.08
ENSG00000172292:CERS6	2.97	4.76	25.64	15.15	2.97	1.34	0.65	1.53	0.8	0.22
ENSG00000172296:SPTLC3	147.94	109.15	0.21	0.11	1.67	1.24	15.22	25.42	1.55	0.45
ENSG00000172301:COPRS	11.04	12.69	8.84	14.23	25.41	11.08	3.17	6.52	17.25	26.38
ENSG00000172318:B3GALT1	0.14	0.2	0.62	0	0.08	0.11	0.01	0.01	0	0
ENSG00000172336:POP7	25.21	23.47	19.32	20.01	38.11	28.09	1.88	3.69	32.22	77
ENSG00000172339:ALG14	4.38	3.9	17.54	17.35	14.91	13.22	0.27	0.7	14.3	19.64
ENSG00000172340:SUCLG2	13.28	15.09	24.13	25.17	86.68	70.5	10.46	19.39	32.02	30.59
ENSG00000172345:STARD5	6.39	12.1	18.62	20.58	79.39	79.69	4.81	8.86	11.42	4.59
ENSG00000172346:CSDC2	0.1	0.1	7.44	4.13	4.27	3.57	0.06	0.39	15.07	21.52
ENSG00000172348:RCAN2	0.13	0.58	1.25	1.3	4.65	5.6	0.26	0.67	0.93	0
ENSG00000172349:IL16	2.51	5.28	1.08	1.01	1.2	0.48	0.13	0.22	0.83	0.43
ENSG00000172350:ABCG4	0.09	0.03	0.62	0.05	0.41	0.16	0.03	0.18	5.12	2.9
ENSG00000172354:GNB2	87.62	99.96	380.51	372.58	196.8	188.76	16.83	43.85	83.1	242.04
ENSG00000172367:NHERF4	0.02	0.09	2.71	3.13	0.4	0.6	0.25	0.64	1.11	3.34
ENSG00000172375:C2CD2L	3.22	3.83	27.49	31.17	14.1	11.24	0.63	2.1	20.96	28.92
ENSG00000172379:ARNT2	1.96	0.61	13.54	7.59	2.69	2.18	0.01	0	1.39	0.54
ENSG00000172380:GNG12	134.58	101.38	165.89	135.55	53.65	66.12	8.24	16.74	41.86	83.98
ENSG00000172382:PRSS27	1.51	1.68	0.44	0	0.08	0.04	0.01	0	2.31	3.67
ENSG00000172399:MYOZ2	0.04	0.05	2.36	0.8	0	0.4	0.06	0.1	2.55	7.99
ENSG00000172403:SYNPO2	2.31	14.61	5.1	6.66	29.57	10.53	1.03	3.94	1.98	2.11
ENSG00000172432:GTPBP2	22.66	34.7	80.36	77.42	31.6	25.95	2.46	6.8	23.04	17.43
ENSG00000172458:IL17D	0.39	0.94	4.18	3.46	6.13	6.13	0.92	1.32	1.84	1.8
ENSG00000172461:FUT9	0.22	0.42	0.07	0.15	0	0	8.14	18.43	0.78	0
ENSG00000172469:MANEA	2.64	3.3	6.8	4.96	5.99	5.97	2.74	4.13	1.9	0.67
ENSG00000172478:MAB21L4	0.28	1.06	0.28	0.39	0	0.03	0.02	0.04	55.84	36.04
ENSG00000172482:AGXT	0.14	0.28	0	0	0	0	0	0	0.28	0.32
ENSG00000172493:AFF1	217.69	189.47	21.79	10.46	23.29	19.31	0.95	2.79	4.22	0.51
ENSG00000172497:ACOT12	0.09	0.03	0.35	2.14	0.05	0.1	0.01	0.03	0.06	0.2
ENSG00000172500:FIBP	23.97	24.76	49.5	44.81	50.52	42.67	6.16	11.57	59.69	67.61
ENSG00000172508:CARNS1	0.56	0.89	1.45	3.16	1.76	2.3	0.19	0.56	0.03	0.05
ENSG00000172530:BANP	33.05	43.6	13.02	14.41	8.96	13.45	0.95	3.4	8.71	3.61
ENSG00000172534:HCFC1	18.75	23.13	44.2	27.77	18.44	15.13	0.98	5.02	12.37	14.75
ENSG00000172538:FAM170B	0	0	0.08	0.24	0.11	0.1	0	0	0.04	0
ENSG00000172543:CTSW	0.63	1.58	0.42	0	0.88	1.17	0.23	0.35	0	0.07
ENSG00000172548:NIPAL4	0.15	0.58	6.35	5.42	0.68	0.3	0.39	0.83	1.2	0.63
ENSG00000172568:FNDC9	0	0	0.33	0.14	0.12	0.28	0	0	0	0
ENSG00000172572:PDE3A	6.12	12.78	4.99	9.54	4.88	2.51	2.35	3.85	3.19	0.14
ENSG00000172575:RASGRP1	4.47	10.73	1.4	4.15	0.92	1.11	2.69	8.06	1.45	0.28
ENSG00000172586:CHCHD1	14.18	14.62	50.77	60.91	91.55	86.62	5.07	7.45	31.69	112.63
ENSG00000172590:MRPL52	24.63	26.33	65.66	109.2	30.65	26.77	3.19	5.66	28.55	85.87
ENSG00000172594:SMPDL3A	37.55	52.11	18.84	15.11	86.13	88.34	104.75	279.95	55.42	25.25
ENSG00000172613:RAD9A	18.59	27.86	7.21	8.3	11.53	10.74	1.99	3.93	9.61	31.16
ENSG00000172638:EFEMP2	12.67	22.55	33.58	28.42	12.7	10.76	1.92	5.03	18.52	53.09
ENSG00000172663:TMEM134	37.13	41.42	70.59	64.56	10.89	6.12	1.03	2.92	37.13	81.21
ENSG00000172671:ZFAND4	1.52	2.4	2.16	1.65	2.85	3.12	0.18	0.39	9.27	4.31
ENSG00000172673:THEMIS	0.04	0.1	0.05	0.03	0.02	0	0.17	0.6	0.03	0
ENSG00000172680:MOS	0	0	0.24	0.12	0	0	0.03	0.04	0	0
ENSG00000172717:GARIN2	0.19	0	0.15	0	0.33	0.64	0.04	0.26	0.12	0.06
ENSG00000172724:CCL19	0	0	0.09	0	0	0.57	1.39	4.06	0	4.55
ENSG00000172725:CORO1B	32.74	39.93	193.86	154.88	33.38	37.02	8.92	20.62	45.33	78.73
ENSG00000172728:FUT10	7.02	5.59	2.18	2.29	2.79	1.33	0.7	1.69	2.85	2.02
ENSG00000172731:LRRC20	0.73	0.76	21.23	20.37	0.52	0.98	0.09	0.18	13.57	9.22
ENSG00000172732:MUS81	23.79	27.28	16.46	13.5	16.94	20.23	0.95	3.11	4.61	20.78
ENSG00000172733:PURG	0.02	0.17	15.18	13.07	0.73	1.45	0.57	1.18	2.66	0.3
ENSG00000172765:TMCC1	11.78	17.03	26.82	19.72	20.74	15.05	2.91	5.97	4.59	2.53
ENSG00000172771:EFCAB12	0.27	0.35	0.29	0.57	0	0.07	0	0	0.36	0.06
ENSG00000172780:RAB43	2.2	3.44	24.46	13.58	35.99	31.1	1.18	2.58	16.86	9.25
ENSG00000172782:FADS6	0.05	0.04	11.51	8.5	14.31	19.78	2.67	5.83	0	0.15
ENSG00000172794:RAB37	2.34	1.73	0.72	0.4	0.6	0.88	0.18	0.28	2.67	0
ENSG00000172795:DCP2	34.04	35.27	18.8	13.85	13.15	9.67	5.43	7.13	0.83	0.51
ENSG00000172809:RPL38	367.75	436.06	595.47	818.91	0	0	199.66	354.41	0	0
ENSG00000172817:CYP7B1	0.01	0.25	0.8	1.11	0.1	0.34	6.94	11.82	1.33	0.52
ENSG00000172818:OVOL1	13.15	12.87	1.54	1.66	7.21	4.07	5.06	10.89	6.32	2.46
ENSG00000172840:PDP2	4.06	6.56	1.09	1.16	6.22	5.81	1.72	3.86	0.79	0.24
ENSG00000172845:SP3	50.82	61.28	69.11	33.89	28.55	27.01	9.95	15.46	18.77	14.98
ENSG00000172869:DMXL1	9.69	12.16	12.77	8.89	12.82	14.26	14.37	21.15	2.08	0.44
ENSG00000172878:METAP1D	2.2	3.32	12.4	7.29	4.1	3.48	2.07	3.17	1.2	2.06
ENSG00000172889:EGFL7	93.47	170.49	85.4	96.37	37.32	62.13	10.57	26.38	10.1	7.27
ENSG00000172890:NADSYN1	32.19	49.35	4.21	3.63	23.04	19.28	2.44	6.65	12.24	26.19
ENSG00000172901:LVRN	84.68	168.97	0.57	3.18	0.35	0.82	0.07	0.06	0	0
ENSG00000172915:NBEA	0.44	0.63	2.03	1.21	1.57	1.72	1.43	3.19	17.5	1.98
ENSG00000172922:RNASEH2C	13.14	18.32	13.88	12.23	108.48	94.87	11.54	24.67	3.8	61.62
ENSG00000172932:ANKRD13D	28.79	45.34	5.18	2.23	9.73	10.79	0.61	1.75	1.76	8.15
ENSG00000172935:MRGPRF	2.66	7.76	1.59	2.3	0.63	0.95	0.23	1.37	0.56	2.87
ENSG00000172943:PHF8	11.3	15.4	60.46	29.66	12.78	12.25	1.7	4.35	29	10.58
ENSG00000172954:LCLAT1	3.87	4.06	11.98	11.48	8.3	6.84	2	3.75	5.28	1.22
ENSG00000172977:KAT5	64.59	73.86	49.04	38.28	34.19	27.27	2.62	6.32	10.42	40.18
ENSG00000172985:SH3RF3	2.13	4.25	1.52	0.27	1.15	1.52	0.03	0.09	1.07	0.16
ENSG00000172986:GXYLT2	0.51	1.66	0.64	0.62	1.72	1.64	0.17	0.65	1.79	0.46
ENSG00000172987:HPSE2	1.71	1.58	0.16	0.18	0.17	0.18	0.37	1.21	0.33	0.06
ENSG00000172992:DCAKD	16.13	19.92	88.9	44.91	8.9	10.5	0.46	1.76	17.17	32.63
ENSG00000172995:ARPP21	0	0	0.42	0.04	0	0	0.01	0.03	0.46	0.16
ENSG00000173039:RELA	29.31	41.65	60.1	39.46	72.78	59.4	2.8	8.56	64.38	89.29
ENSG00000173040:EVC2	0.41	2.03	5.48	4.08	1.07	0.98	0.13	0.49	5.43	4.63
ENSG00000173064:HECTD4	13.34	23.08	19.13	7.11	8.24	6.84	0.64	1.91	2.93	1.34
ENSG00000173068:BNC2	1.01	2	1.07	2.11	1.78	1.32	1.02	2.81	1.06	0.49
ENSG00000173083:HPSE	11.44	16.05	13.68	20.9	8.66	16.21	15.03	26.74	4.2	4.75
ENSG00000173085:COQ2	7.07	7.67	45.68	33.44	25.99	29.25	4.04	7.84	9.52	28.81
ENSG00000173114:LRRN3	0.79	2.19	0.42	0.32	0.32	0.71	0.45	0.88	0.44	0.28
ENSG00000173137:ADCK5	2.14	3.76	31.51	32.82	44.11	56.86	1.57	4.87	14.03	16.39
ENSG00000173145:NOC3L	6.24	5.22	6.47	3.83	10.55	9.55	2.09	3.72	9.35	5.27
ENSG00000173156:RHOD	46.69	42.17	27.04	25.94	32.76	22.81	2.28	3.93	7.95	8.34
ENSG00000173163:COMMD1	17.96	20.48	40.75	48.49	37.98	33.35	7.5	13.1	11.77	22.66
ENSG00000173166:RAPH1	8.15	15.08	16.73	16.6	6.33	6.56	1.11	3.6	13.15	1.28
ENSG00000173171:MTX1	23.7	23.9	71.36	61.12	17.47	15.97	2.6	5.18	7.73	18.72
ENSG00000173175:ADCY5	4.51	6.84	0.74	0.89	0.14	0.22	0.47	1.34	5.2	1.32
ENSG00000173198:CYSLTR1	6.27	8.2	0.58	0.16	0	0	0.12	0.08	1.94	1.46
ENSG00000173208:ABCD2	0	0.01	0.16	0.98	0.03	0.03	0	0	0.13	0.09
ENSG00000173210:ABLIM3	23.16	42.35	0.14	1.09	22.27	27.27	1.77	6.3	1.54	0.93
ENSG00000173212:MAB21L3	0.21	0.45	7.41	5.1	1.76	2.45	13.81	27.36	5.06	0.86
ENSG00000173226:IQCB1	9.47	9.09	16.61	19.39	9.65	9.95	0.42	0.56	5.5	0.84
ENSG00000173227:SYT12	14.48	8.88	1.21	1.12	0.08	0	0.04	0.03	0.22	0.15
ENSG00000173230:GOLGB1	40.97	50.3	66.76	35.64	32.82	33.31	8.65	20.46	60.78	5.32
ENSG00000173237:C11orf86	0	0	0.65	46.5	16.32	6.48	0	0	0.04	1.06
ENSG00000173239:LIPM	0	0	0.19	0.03	0.14	0.14	0.02	0	0.49	0.81
ENSG00000173250:GPR151	0.02	0	0.08	0	0.27	0.26	0	0	0	0.18
ENSG00000173253:DMRT2	0.24	0.18	1.18	1.09	0	0	0	0	0	0
ENSG00000173264:GPR137	46.31	59.01	36.7	34.2	18.6	15.31	2.75	8.25	30.23	155.18
ENSG00000173267:SNCG	7.49	16	0.5	0.32	0.77	0.6	0.75	1.03	0.6	1.06
ENSG00000173269:MMRN2	38.77	53.67	6.2	5.92	5.53	9.58	1.89	3.98	14.51	2.19
ENSG00000173273:TNKS	11.53	13.32	28.19	18.03	10.46	7.45	2.71	6.1	12.51	8.64
ENSG00000173281:PPP1R3B	10.31	13.98	14.16	15.74	8.75	8.33	4.79	10.25	1.15	1.38
ENSG00000173320:STOX2	1.31	2.06	2.64	1.22	2.11	2.09	0.67	1.37	1.63	0.02
ENSG00000173327:MAP3K11	19.9	27.09	31.46	28.37	22.56	23.24	2.21	7.54	14.11	31.72
ENSG00000173334:TRIB1	14.69	22.22	19.39	11.59	42.49	27.44	4.1	11.23	57.51	64.28
ENSG00000173349:SFT2D3	0	0	5.23	4.93	6.8	6.47	0.78	1.94	3.93	6.98
ENSG00000173369:C1QB	60.2	162.85	15.8	32.63	426.83	112.83	27.24	30.82	10.23	45.21
ENSG00000173372:C1QA	59.1	160.36	15.24	27.67	266.85	96.25	19.98	24.1	6.07	17.15
ENSG00000173376:NDNF	27.36	39.78	0.01	0.05	1.85	1.8	1.7	3.11	2.84	3.52
ENSG00000173402:DAG1	84.03	98.46	175.27	129	132.06	88.68	12.47	37.52	203.15	35.95
ENSG00000173406:DAB1	0	0.02	1.55	1.11	0.95	0.89	4.08	13.18	0.25	0.13
ENSG00000173418:NAA20	39.51	45.68	70.59	77.33	87.24	62.59	44.81	77.81	73.19	59.89
ENSG00000173421:IHO1	1.09	3.13	0.28	0.2	0.19	0.37	0.44	0.89	0.05	0.05
ENSG00000173436:MICOS10	16.61	20.43	143.39	122.03	126.24	119.24	2.17	3.7	102.2	224.35
ENSG00000173442:EHBP1L1	38.29	101.69	15.9	16.79	24.09	19.43	2.33	5.91	94.22	52.48
ENSG00000173451:THAP2	1.58	1.63	7.12	6.29	8.72	6.06	0.95	1.72	0	1.02
ENSG00000173465:ZNRD2	15.48	20.24	14.56	16.7	32.36	31.04	2.84	5.46	47.32	78.69
ENSG00000173473:SMARCC1	27.23	26.68	33.08	21.37	40.14	34.51	5.22	8.54	54.45	4
ENSG00000173482:PTPRM	36.22	53.42	11.24	6.12	33.25	29.49	2.72	7.03	3.45	2.46
ENSG00000173511:VEGFB	25.09	34.13	12.8	17.43	10.89	10.91	2.68	10.37	3.4	29.22
ENSG00000173517:PEAK1	13.28	25.12	16.66	11.13	10.11	6.12	3.13	7.73	4.42	0.94
ENSG00000173531:MST1	17.93	29.06	0.66	5.19	0.81	1.13	0.1	0.34	9.21	21.98
ENSG00000173540:GMPPB	15.47	12.62	24.05	26.2	23.5	21	2.81	8.19	96.87	87.67
ENSG00000173542:MOB1B	6.38	9.7	18.81	12.51	31.79	29.83	0	0	80.54	49.44
ENSG00000173545:ZNF622	11.92	14.64	47.45	56.1	34.25	24.1	3.36	8.47	37.97	23.34
ENSG00000173546:CSPG4	8.35	8.29	3.04	3.35	2.2	3.39	1.1	5.38	0.86	0.62
ENSG00000173548:SNX33	5.39	7.95	27.5	18.21	23.52	22.5	6.35	14.42	14.58	13.79
ENSG00000173557:CIMIP2C	0.04	0.1	0.09	0	0	0	0	0	1	3.49
ENSG00000173559:NABP1	80.47	93.25	70.02	46.91	28.62	20.85	1.44	2.42	330.61	18.2
ENSG00000173567:ADGRF3	0.46	0.38	0	0	0	0.03	0.04	0.03	0.02	0.17
ENSG00000173575:CHD2	81.8	86.05	20.57	17.77	46.06	40.7	18.62	40.16	30.98	0.98
ENSG00000173578:XCR1	0.33	1.12	0.07	0	0.05	0.13	0.01	0	0	0
ENSG00000173581:CCDC106	3.48	4.5	0.36	0.35	16.91	18.09	0.31	0.94	16.72	14.93
ENSG00000173585:CCR9	0.04	0	0.2	0.17	0.03	0.07	0.02	0.04	0.32	0.15
ENSG00000173588:CEP83	4.69	6.72	12.97	9.84	15.52	11.06	3.73	5.09	7.38	1.74
ENSG00000173597:SULT1B1	5.16	5.57	0.04	0	9.61	11.61	4.35	10	1.19	1.64
ENSG00000173599:PC	2.61	3.45	23.58	55.07	92.99	119	0.35	1.26	421.1	192.88
ENSG00000173611:SCAI	1.36	2.65	3.06	2.96	0.96	0.49	0.18	0.29	0.57	0.17
ENSG00000173614:NMNAT1	4.72	4.97	5.46	4.18	8.26	9.32	0.69	1.01	6.35	5.58
ENSG00000173621:LRFN4	1.04	1.19	4.61	4.9	4.92	6.34	0.09	0.33	1.02	2.19
ENSG00000173626:TRAPPC3L	2.58	3.92	0	0.22	0	0	0.12	0.19	0	0
ENSG00000173638:SLC19A1	37.27	22.59	6.88	6.87	8.79	9.76	4.22	16.47	1.68	11.6
ENSG00000173641:HSPB7	1.77	6.56	37.49	37.66	1.48	1.44	0.02	0.04	3.62	8.85
ENSG00000173662:TAS1R1	0.03	0.19	0.11	0.06	0.22	0.21	0.03	0.05	0.28	0.83
ENSG00000173681:BCLAF3	10.32	8.88	100.48	39.75	8.74	8.08	1.32	2.29	14.75	5.17
ENSG00000173692:PSMD1	59.03	64.89	180.1	115.92	67.1	66.89	8.06	13.29	56.63	34.68
ENSG00000173698:ADGRG2	1.29	1.25	1.55	2.42	0.86	1.01	2.2	2.56	0.55	0.08
ENSG00000173702:MUC13	0	0.12	14.14	56.72	10.61	1.91	0	0	0.32	5.39
ENSG00000173705:SUSD5	0.09	0.2	0.04	0	0.68	0.74	0.1	0.13	0.1	0.02
ENSG00000173714:WFIKKN2	0.01	0	1	2.26	0.2	0.06	0.03	0.09	0.9	0.63
ENSG00000173715:TOP6BL	6.79	9.34	1.07	0.3	16.37	18.55	0.38	0.87	4.25	6.63
ENSG00000173726:TOMM20	50.13	52.19	91.67	88.23	155.92	146.44	13.73	21.99	76.5	111.54
ENSG00000173728:SPMIP3	0.33	0.79	0.29	0.24	0.4	0	0.05	0.52	0.3	0.16
ENSG00000173744:AGFG1	85.59	86.54	83.27	52.6	40.12	31.94	7.01	10.52	17.11	10.4
ENSG00000173762:CD7	0.93	2.52	0.42	0.27	0.17	0.08	0.16	0.38	0.05	0.14
ENSG00000173769:TOPAZ1	0	0	0.23	0.08	0.35	0.47	0.27	0.03	1.53	0.89
ENSG00000173786:CNP	20.32	27.68	4.14	3.62	23.91	22.44	0.79	1.87	23.21	14.69
ENSG00000173801:JUP	86.8	100.54	274.95	147.24	70.6	66.41	5.25	18.22	120.01	61.22
ENSG00000173805:HAP1	2.06	1.69	3.02	3.1	1.82	0.93	0.01	0.02	6.31	2.9
ENSG00000173809:TDRD12	0.17	0.36	0.11	0.12	0.07	0.02	0.26	0.93	1.58	0.18
ENSG00000173818:ENDOV	7.81	9.89	4.94	3.17	12.99	12.56	0.53	1.55	3.75	6
ENSG00000173826:KCNH6	0.01	0.1	0.7	1.39	0	0	0	0	0.5	0.24
ENSG00000173838:MARCHF10	0.03	0.59	1.64	0.5	0.07	0.04	0.12	0.27	0.47	0.33
ENSG00000173846:PLK3	31.86	35.94	77.45	30.09	7.19	6.59	1.26	5.11	10.55	4.88
ENSG00000173852:DPY19L1	14.83	18.77	11.6	7.17	5.82	5.71	4.07	7.62	9.25	1.92
ENSG00000173889:PHC3	17.81	20.92	12.99	6.16	7.27	5.67	5.5	9.53	1.4	0.81
ENSG00000173890:GPR160	3.83	3.63	4.97	4.81	7.6	8.1	1.86	2.69	2.78	1.66
ENSG00000173894:CBX2	1.4	1.53	8.66	5.33	0.9	0.6	0.09	0.25	1.02	0.54
ENSG00000173898:SPTBN2	5.17	4.8	1.81	1.42	29.15	10.51	0.92	3.37	28.35	7.36
ENSG00000173905:GOLIM4	12.27	17.08	11.07	8.82	31.12	31.51	7.45	13.61	42.87	5.21
ENSG00000173917:HOXB2	9.91	9.19	1.35	0.93	1.45	2.31	0.15	0.59	11.59	20.25
ENSG00000173918:C1QTNF1	55.75	50.32	396.7	173.79	15.46	20.51	2.41	8.3	2.24	7.85
ENSG00000173928:SWSAP1	2.69	3.16	3.94	3.23	6.33	5.18	0.61	1.44	0.33	0.85
ENSG00000173930:SLCO4C1	0.38	0.13	0.05	0.35	1.1	0.86	9.59	18.36	0.07	0.66
ENSG00000173933:RBM4	85.22	98.21	19.88	16.45	100.65	117.6	13.85	31.92	24.81	25.47
ENSG00000173950:XXYLT1	10.69	10.84	9.25	6.05	6.6	6.14	0.25	0.5	2.64	10.42
ENSG00000173960:UBXN2A	8.53	8.78	35.8	29.6	15.5	13.28	4.91	5.88	5.39	28.7
ENSG00000173992:CCS	16.95	30.55	34.96	55.6	31.32	46.34	2.43	6.05	7.99	54.34
ENSG00000174004:NRROS	5.08	7.1	11.23	8.47	5.19	4.33	0.78	1.39	0.5	1.04
ENSG00000174007:CEP19	1.25	1.68	17.03	15.27	3.27	2.47	0.31	0.48	6.78	7.25
ENSG00000174010:KLHL15	0.95	1.66	8.31	2.94	20.71	22.04	2.29	4.43	8.72	1.69
ENSG00000174013:FBXO45	4.02	5.27	14.2	8.71	3.59	2.87	1.07	1.87	14.79	2.78
ENSG00000174015:CBY2	0.45	0.92	0	0	0	0	0	0	0.12	0.06
ENSG00000174021:GNG5	75.55	84.64	342.57	348.6	463.53	441.92	26.74	87.83	133.84	375.36
ENSG00000174032:SLC25A30	2.93	3.45	9.8	10.37	101.67	92.65	1.89	4.92	17.6	7.54
ENSG00000174059:CD34	134.11	167.63	42.62	37.15	30.9	44.27	7.15	20.06	11.95	29.72
ENSG00000174099:MSRB3	8.87	15.49	23.44	13.49	25.8	21.25	11.12	23.48	0.97	0.23
ENSG00000174109:UQCC4	6.84	6.9	8.95	9.36	61.55	49.69	3.02	5.04	30.47	19.48
ENSG00000174130:TLR6	0.48	1.39	1.48	0.55	2.34	1.8	1.21	1.52	6.26	10.71
ENSG00000174132:FAM174A	11.19	15.56	12.98	9.86	31.59	27.15	0.98	1.59	55.86	73.79
ENSG00000174136:RGMB	3.77	4.64	9.52	7.17	10.91	6.85	0.91	2.18	1.29	3.52
ENSG00000174145:NWD2	0.09	0.06	0.05	0.09	0.25	0.34	0.21	0.47	0	0
ENSG00000174151:CYB561D1	3.55	4.18	7.71	6.79	7.72	7.02	2.85	6.58	1.86	1.48
ENSG00000174175:SELP	3.53	7.93	5.06	1.51	17.38	18.25	0.63	1.17	0.23	1.3
ENSG00000174177:CTU2	4.42	4.83	11.14	11.08	12.36	12.35	1.48	4.75	8.05	13.33
ENSG00000174197:MGA	10.26	13.94	37.57	15.59	12.95	15.71	4.96	9.96	5.68	1.12
ENSG00000174206:KICS2	1.8	1.6	4.88	4.47	2.58	1.66	0.5	1.11	7.95	4.69
ENSG00000174226:SNX31	0	0	0.23	0.1	1.22	0.9	0.37	0.74	0	0.12
ENSG00000174227:PIGG	31.19	35.36	14.68	11.11	10.06	9.12	3.56	6.39	11.17	9.8
ENSG00000174231:PRPF8	54.58	76.43	55.25	29.3	57.39	53.07	4.73	14.54	44.01	24.48
ENSG00000174233:ADCY6	28.56	39.75	11.73	12.26	20.4	17.25	1.95	4.96	3.73	1.5
ENSG00000174236:REP15	0.38	1.52	6.35	4.21	2.21	0.5	2.57	3.84	10.58	20.44
ENSG00000174238:PITPNA	96.58	86.53	105.92	108.48	53.35	41.49	3.33	8.15	74.34	65.32
ENSG00000174243:DDX23	40.38	58.54	34.27	26.73	40.13	37.7	4.25	9.19	40.87	37.91
ENSG00000174276:ZNHIT2	2.3	2.27	13.66	13.03	8.75	5.35	0	0	4.21	27.94
ENSG00000174279:EVX2	0	0	0	0	0	0	0.01	0	0	0
ENSG00000174282:ZBTB4	20.1	29.87	10.01	11.56	25.25	24.83	0.36	2.12	12.53	6.93
ENSG00000174306:ZHX3	2.24	3.8	6.71	5.5	16.01	7.16	0.39	0.88	9.21	8.09
ENSG00000174307:PHLDA3	26.37	28.98	48.5	48.13	103.74	73.78	5.85	14.37	11.52	24.76
ENSG00000174326:SLC16A11	0.05	0.28	1.25	3.59	30.13	42.13	0.37	1.75	0.66	0.63
ENSG00000174327:SLC16A13	3.46	3.52	2.67	4.33	17.29	18.94	0.66	1.3	7.29	4.74
ENSG00000174343:CHRNA9	0.04	0.28	1	0.62	0.07	0.13	1.07	1.71	0.41	0
ENSG00000174348:PODN	1.62	8.41	4.13	4.3	4.09	5.45	14.19	27.57	11.56	8.66
ENSG00000174358:SLC6A19	0	0.02	3.52	18.66	0.21	0.28	0	0	6.28	1.43
ENSG00000174371:EXO1	4.42	2.05	1	1.43	0.72	0.7	0.06	0.06	0.35	0.09
ENSG00000174373:RALGAPA1	15.48	17.94	14.51	17.35	14.25	17.36	4.43	7.48	11.16	4.51
ENSG00000174405:LIG4	6.3	11.6	3.13	2.83	6.32	7.01	1.94	2.92	3.71	1.35
ENSG00000174417:TRHR	0.01	0	0	0	0	0	0.01	0	0	0
ENSG00000174429:ABRA	0	0	0.06	0.26	0	0	0.02	0.01	0.05	0
ENSG00000174437:ATP2A2	40.74	42	58.96	44.92	48.31	45.66	9.47	21.02	272.85	87.85
ENSG00000174442:ZWILCH	6.02	6.24	4.32	6.04	20.2	19.68	1.02	1.39	72.83	8.24
ENSG00000174448:STARD6	0	0	1.13	1.68	0.5	0.59	0.01	0.04	0.47	0.3
ENSG00000174453:VWC2L	0	0	0	0	0	0	0.02	0.04	0.1	0
ENSG00000174482:LINGO2	0.26	0.29	0.02	0	0	0.04	0.05	0.12	0	0.04
ENSG00000174483:BBS1	15.2	20.61	2.42	1.96	3.46	2.5	0.34	0.82	6.84	21
ENSG00000174485:DENND4A	6.88	14	20.47	10.53	9.85	6.42	1.8	2.85	1.26	0.13
ENSG00000174498:IGDCC3	9.35	6.26	0.27	0.22	0	0	0.11	0.43	0.31	0.15
ENSG00000174502:SLC26A9	0	0.02	0.06	0.02	0	0.17	0.08	0.35	0.09	0.03
ENSG00000174514:MFSD4A	3.97	4.2	35.48	18.81	21.29	7.27	1.36	5.29	0.08	1.64
ENSG00000174516:PELI3	1.4	1.81	1.64	1.9	2.58	2.54	0.19	0.72	0.28	3.08
ENSG00000174521:TTC9B	0.02	0.05	0.15	0.18	0	0.25	0.04	0	0.29	1.19
ENSG00000174527:MYO1H	0.18	0.43	4.02	3.04	0.1	0.17	0	0	0.09	0.03
ENSG00000174529:TMEM81	0.72	1.61	2.16	3.42	0.8	1.02	0.04	0.07	0	0.4
ENSG00000174547:MRPL11	14.81	18.74	33.77	28.92	51.28	47.27	2.69	6.91	18.43	67.54
ENSG00000174562:KLK15	0	0	10.67	14.08	0	0	0.02	0.15	0.04	0
ENSG00000174564:IL20RB	1.42	1.7	1.06	1.5	21.99	5.69	0.07	0.14	14.6	0.85
ENSG00000174567:GOLT1A	2.86	1.91	0.44	1.93	2.04	0.36	0	0.04	0.62	2.8
ENSG00000174574:AKIRIN1	48.33	44.71	26.67	24.56	40.99	32.05	3.56	6.18	0	0
ENSG00000174576:NPAS4	0	0.48	0.56	0.39	0	0	0	0	0	0.05
ENSG00000174579:MSL2	17.71	19.85	25.88	14.44	20.63	18.58	2.03	3.92	2.84	2.24
ENSG00000174600:CMKLR1	3.25	12.05	14.98	13.13	7.63	4.08	0.94	1.69	2.1	1.58
ENSG00000174606:ANGEL2	17.24	27.21	26.11	18.6	7.92	8.04	1.98	3.55	10.92	13.92
ENSG00000174607:UGT8	0.4	0.48	0.04	1.19	0	0	0.07	0.08	20.98	27.49
ENSG00000174611:KY	0	0	0.07	0.13	0	0	0	0	0.82	0.53
ENSG00000174628:IQCK	6.07	8.86	5.14	2.63	0.61	0.39	0.52	1.01	3.28	2.28
ENSG00000174640:SLCO2A1	101.56	42.65	295	133.13	694.64	794.2	6.11	14.72	494.34	1020.27
ENSG00000174669:SLC29A2	3.84	3.57	4.66	4.22	12.6	6.46	0	0.01	0.45	0.66
ENSG00000174672:BRSK2	0.35	0.57	0.75	0	0.15	0.13	0	0.04	0.14	0.19
ENSG00000174684:B4GAT1	11.94	16.34	20.18	21.04	11.49	11.4	1.39	3.53	2.63	14.36
ENSG00000174697:LEP	11.84	4.72	0	0	0.09	0.02	0.16	0.39	0	0
ENSG00000174705:SH3PXD2B	1.32	4.09	11.29	5.56	10.99	6.72	0.47	1.67	1.76	0.14
ENSG00000174718:RESF1	29.49	57.09	26.44	18.9	63.03	48.9	12.46	23.3	26.85	9.17
ENSG00000174738:NR1D2	18.89	17.2	12.88	8.67	12.62	7.2	5.88	8.76	13.93	2.91
ENSG00000174749:FAM241A	16.85	23.4	5.86	4.82	20.51	20.96	1.4	2.04	112.06	56.31
ENSG00000174775:HRAS	13.76	22.91	42.07	43.97	51.96	50.7	4.16	10.05	86.17	119.19
ENSG00000174776:WDR49	0.2	0.27	0	0.07	0.03	0	0	0	0.17	0
ENSG00000174780:SRP72	58.67	57.25	54.69	42.96	30.17	31.6	5.31	10.1	69.22	41.01
ENSG00000174788:PCP2	0.3	0.18	0.95	0.48	0.12	0	0.02	0.1	0	0
ENSG00000174792:ODAPH	12.6	5.84	0.44	0.25	0	0	0.02	0.06	0.07	0.06
ENSG00000174799:CEP135	7	10.3	2.16	2.16	4.45	4.55	0.71	1.24	2.66	0.55
ENSG00000174807:CD248	16.08	18.26	14.48	11.14	10.43	13.41	1.33	8.81	2.38	7.34
ENSG00000174827:PDZK1	0.27	0.37	14.58	41.65	91.68	102.55	0.04	0.07	15.19	8.96
ENSG00000174837:ADGRE1	0.29	0.46	2.54	2.1	0.34	0.24	1.48	0.23	0.37	0.21
ENSG00000174839:DENND6A	11.28	14.52	18.65	13.95	12.1	10.72	1.4	3.11	25.89	7.66
ENSG00000174840:PDE12	7.49	7.58	5.26	3.72	8.73	6.11	1.44	2.52	3.22	1.51
ENSG00000174842:GLMN	6.3	5.88	5.95	5.04	8.18	5.96	1.92	3.04	8.29	8.92
ENSG00000174844:DNAH12	0.05	0.31	0.05	0.03	0.49	0.51	0.03	0.05	1.62	0.67
ENSG00000174851:YIF1A	47.48	50.09	62.09	59.24	100.67	90.27	5.47	12.02	1.65	74.66
ENSG00000174886:NDUFA11	90.22	98.73	81.9	109.81	95.01	80.45	8.44	14.92	92.31	308.45
ENSG00000174891:RSRC1	12.44	13.94	10.92	9.6	31.01	31.86	6.86	12.17	68.59	13.12
ENSG00000174898:CATSPERD	0.03	0	1.41	0.71	3.02	3.62	0	0	3.34	4.49
ENSG00000174903:RAB1B	121.27	129.47	75.12	75.19	126.01	101.54	13.29	29.24	17.95	67.16
ENSG00000174917:MICOS13	12.71	15.97	93.95	104.49	55.88	51.39	8.75	16.34	47.06	309.37
ENSG00000174938:SEZ6L2	1.23	1.48	1.1	1.11	0	0.03	0.09	0.26	0.8	0.33
ENSG00000174939:ASPHD1	0.62	1.17	0.15	0.1	0	0	0.02	0.03	0	2.39
ENSG00000174943:KCTD13	16.22	23.06	11.39	10.11	5.31	5.32	0.65	2.36	38.89	31.19
ENSG00000174944:P2RY14	9.5	15.73	0.68	0.85	47.34	47.1	1.31	2.76	0.24	0.08
ENSG00000174945:AMZ1	0.8	1.15	7.24	5.62	0.16	0.23	0.01	0.14	0.29	0.07
ENSG00000174946:GPR171	0.39	0.34	0.06	0.25	0.76	0.27	0.29	0.18	0	0.08
ENSG00000174948:GPR149	0	0.02	0	0	0	0	0	0	0	0.02
ENSG00000174951:FUT1	3.17	4	0	0	0.79	1.34	3.52	7.18	1.71	3.24
ENSG00000174953:DHX36	23.77	22.49	12.54	12.59	22.58	17.83	5.67	8.85	25.13	21.85
ENSG00000174989:FBXW8	12.5	11.6	105.07	71.81	24.86	20.99	0.28	1.04	4.32	2.92
ENSG00000174990:CA5A	0	0	1.55	1.38	0.79	4.52	0.01	0.03	0.69	0.16
ENSG00000175003:SLC22A1	0.03	0.07	0.45	0.05	0.49	0.04	0.11	0.16	0.03	0.1
ENSG00000175029:CTBP2	22.58	34.53	30.29	33.64	34.34	23.96	4.11	12.06	16.99	12.51
ENSG00000175040:CHST2	2.45	4.68	5.89	4.67	6.83	5.97	0.28	0.84	2.38	6.06
ENSG00000175048:ZDHHC14	6.76	9.79	21.98	10.64	3.94	4.87	0.32	1.12	0.21	1.86
ENSG00000175054:ATR	7.15	8.2	7.44	3.94	3.26	2.04	3.59	6.5	0.22	0
ENSG00000175063:UBE2C	13.88	9.95	5.75	5.7	101.29	101.12	0.37	1.17	6.3	3.88
ENSG00000175065:DSG4	0	0.01	0.33	0	0	0	0	0	0.22	0
ENSG00000175066:GK5	4.44	7.33	14.63	7.13	7.77	8.16	1.03	1.44	3.41	2.34
ENSG00000175073:VCPIP1	4.99	6.26	17.24	8.35	19.82	18.14	2.93	4.72	7.9	1.1
ENSG00000175077:RTP1	0	0	0.03	0	0	0	0	0	0	0
ENSG00000175084:DES	6.05	45.15	394.81	263.24	8.81	9.26	7.24	19.39	2.11	51.69
ENSG00000175087:PDIK1L	3.91	4.34	5.49	3.04	2.82	2.44	1.19	1.97	7.07	1.27
ENSG00000175093:SPSB4	0.11	0.3	0.5	5.42	0.29	0.19	0	0.01	2.39	1.38
ENSG00000175097:RAG2	0	0	0	0	0	0	0.01	0	0	0
ENSG00000175104:TRAF6	5.11	7.25	18.2	12.69	28.98	27.06	1.88	4.4	4.95	2.94
ENSG00000175105:ZNF654	7.07	8.04	6.37	5.34	7.43	6.86	2.29	4.2	6.26	0.28
ENSG00000175110:MRPS22	25.59	29.18	16.18	16.73	27.92	28.47	1.85	3.21	11.33	20.88
ENSG00000175115:PACS1	17.12	33.02	16.84	11.76	38.94	38.59	0.31	1.13	32.48	15.77
ENSG00000175121:WFDC5	0	0	0.06	0	0	0	0.01	0	0.05	0.15
ENSG00000175130:MARCKSL1	33.06	38.83	245.86	201.92	37.13	43.27	20.81	43.88	6.31	25.81
ENSG00000175137:SH3BP5L	15.34	17.59	32.81	24.39	26.44	28.03	2.82	5.2	33.27	13.7
ENSG00000175143:OR2T1	0	0	0.26	0.3	0	0	0	0	0	0
ENSG00000175155:YPEL2	11.68	15.42	20.49	16.09	19.42	14.85	9.18	15.07	16.83	1.98
ENSG00000175161:CADM2	0	0.27	0.02	0	0.06	0	0.04	0.08	0.12	0.29
ENSG00000175166:PSMD2	94.56	122.14	164.21	117.46	162.8	151.38	16.75	36.46	187.13	160.2
ENSG00000175175:PPM1E	0.08	0.07	7.79	6.49	0.47	0.37	0.22	0.63	0.96	0.09
ENSG00000175182:FAM131A	23.73	26.01	14.99	9.53	7.59	6.44	0.46	1.5	1.78	2.22
ENSG00000175189:INHBC	0	0.04	0	0	0	0	0	0	4.41	6.23
ENSG00000175193:PARL	21.02	34.05	27.98	22.83	60.19	48.92	6.1	9.32	29.24	54.42
ENSG00000175198:PCCA	8.84	12.27	15.85	8.21	11.39	9.61	1.44	2.54	12.74	15.8
ENSG00000175206:NPPA	0.19	0.94	0.82	0.52	0	0	0	0	0	0
ENSG00000175213:ZNF408	3.77	4.86	12.81	11.35	22.8	20.55	0.99	2.73	1.47	3.09
ENSG00000175215:CTDSP2	66.22	80.18	171.75	127.09	85.55	71	20.2	48.69	32.83	25.06
ENSG00000175216:CKAP5	22.26	24.55	16.61	14.42	19.18	17.71	3.04	5.32	21.36	8.24
ENSG00000175220:ARHGAP1	32.24	46.12	134.96	99	87.8	71.52	5.5	18.27	53.28	31.88
ENSG00000175221:MED16	13.06	23.94	12.7	10.41	16.94	13.7	1.22	3.98	11.85	14.15
ENSG00000175224:ATG13	39.79	37.7	62.85	48.12	13.78	13.51	3.65	9.22	28.8	49.11
ENSG00000175229:GAL3ST3	0	0	0.48	0.36	1.89	1.4	0.02	0.02	0	0
ENSG00000175264:CHST1	0.19	0.45	3.17	2.75	7.84	9.98	0.01	0.05	0.7	0.9
ENSG00000175267:VWA3A	0.03	0.11	0.3	0.16	0	0	0.04	0.02	0.06	0.14
ENSG00000175283:DOLK	9.3	9.97	17.43	12.51	13.13	11.22	1.07	2.51	5.48	11.72
ENSG00000175294:CATSPER1	0	0	0.03	0	0	0	0.31	0.3	0	0
ENSG00000175311:ANKS4B	0.16	0.3	0.06	4.88	0.54	0.13	0.12	0.14	0.5	0.41
ENSG00000175325:PROP1	0	0	0	0	0	0	0	0	0	0.11
ENSG00000175329:ISX	0	0	0.83	0.86	0	0	0	0	0	0
ENSG00000175348:TMEM9B	51.38	51.75	73.44	81.84	62.67	55.44	1.95	4.03	24.68	59.02
ENSG00000175352:NRIP3	0.36	0.69	5.13	3.1	0.28	0.14	0.03	0.05	0.46	0.17
ENSG00000175356:SCUBE2	1.4	6.14	3.72	1.42	25.94	12.06	0.07	0.34	13.3	6.26
ENSG00000175387:SMAD2	40.21	35.86	53.13	27.87	46.45	40.91	8.2	14.7	15.45	3.73
ENSG00000175390:EIF3F	83.11	99.05	58.95	64.42	106.23	81.82	5.39	15.82	129.79	139.17
ENSG00000175414:ARL10	1.92	2.44	15.87	14.39	14.64	10.22	1.37	3.2	2.21	3.34
ENSG00000175416:CLTB	118.96	151.46	68.77	101.8	342.94	288.23	8.76	14.84	76.51	18.38
ENSG00000175426:PCSK1	0.03	0.08	0	0	0	0	2.11	3.96	1.54	0.66
ENSG00000175445:LPL	19.11	54.96	36.91	107.3	1.13	2.57	0.97	1.62	3.26	0.87
ENSG00000175449:RFESD	3.77	4.1	18.81	16.84	1.2	1.03	2.38	5.73	1.96	1.98
ENSG00000175455:CCDC14	20.49	28.65	1.65	1.83	1.8	1.96	0.75	1.68	4.05	4.84
ENSG00000175463:TBC1D10C	1.02	2.06	1.67	1.13	13.97	18.31	0.18	0.05	14.39	28.58
ENSG00000175471:MCTP1	2.2	6.71	0.41	0.63	0.39	0.27	0.64	1.01	0.66	1.66
ENSG00000175482:POLD4	19.08	27.7	58.5	61.1	32.26	36.62	2.58	5.89	10.43	69.87
ENSG00000175485:OR52W1	0.05	0.06	0	0	0	0.1	0	0.03	0	0
ENSG00000175497:DPP10	0.52	0.44	0.17	0.18	0	0	0.09	0.14	0	0
ENSG00000175514:GPR152	0	0	0.08	0	0	0.06	0	0.08	0	0
ENSG00000175518:UBQLNL	0.31	0.85	0	0	0	0	0	0	0	0
ENSG00000175520:UBQLN3	0.02	0.08	0	0	0	0	0	0	0	0
ENSG00000175535:PNLIP	0	0	0.03	0	0	0	0	0	0	0
ENSG00000175536:LIPT2	7.18	8.34	5.98	8.39	6.39	4.79	0.19	0.26	4.73	1.85
ENSG00000175538:KCNE3	1.75	4.18	1.1	18.87	6.36	2.97	1.22	2.72	74.03	11.64
ENSG00000175544:CABP4	1.26	2	0.41	0.32	0.07	0	0	0.06	0.13	0.38
ENSG00000175556:LONRF3	0.03	0.13	22.77	8.06	2.98	1.82	1.4	2.77	0.09	0.06
ENSG00000175564:UCP3	1.36	2.18	3.83	1.66	0	0	0.01	0	0.48	0.37
ENSG00000175567:UCP2	17.77	23.22	264.55	198.09	141.09	112.47	0.3	0.7	27.81	62.56
ENSG00000175581:MRPL48	15.74	17.95	45.08	30.58	15.08	16.36	1.04	1.76	6.95	24.97
ENSG00000175582:RAB6A	96.16	117.43	58.77	54.85	47.89	44.75	10.24	18.34	94.39	32.36
ENSG00000175591:P2RY2	8.86	12.51	5.4	5.98	4.93	2.45	0.91	2.46	1.69	2.29
ENSG00000175595:ERCC4	5.02	6.3	8.44	5.29	9.01	6.04	0.7	1.77	2.1	0.52
ENSG00000175600:SUGCT	0.62	0.25	0.83	8.88	2	1.46	1.47	2.64	1.14	0.6
ENSG00000175602:CCDC85B	11.5	11.42	5.57	5.69	17.39	13.93	4.6	10.16	8.45	21.06
ENSG00000175606:TMEM70	11.29	14.1	18.78	16.35	23.15	22.23	3.89	7.48	11.98	62.91
ENSG00000175634:RPS6KB2	30.18	39.03	29.79	34.79	28.1	30.96	0.62	1.96	15.25	50.26
ENSG00000175643:RMI2	17.29	23.07	0.11	0.26	14.07	11.9	0.34	0.94	0.32	0.99
ENSG00000175697:GPR156	0.83	0.63	9.48	3.15	1.16	0.97	0.12	0.32	0.26	0.02
ENSG00000175707:KDF1	8.91	8.24	16.37	13.74	10.27	10.18	1.61	4.42	7.88	7.14
ENSG00000175711:B3GNTL1	1.72	2.7	8.62	6.8	1.53	1.79	1.12	2.54	8.05	6.45
ENSG00000175727:MLXIP	9.03	17.43	28.16	21.88	13.74	11.09	1.21	4.9	2.23	1.07
ENSG00000175745:NR2F1	25.07	46.45	0.7	0.32	30.97	18.81	0.96	3.16	9.05	4.81
ENSG00000175756:AURKAIP1	33.25	43.46	62.27	53.31	43.58	33.77	4.76	8.47	19.2	52.34
ENSG00000175764:TTLL11	2.33	3.25	1.28	0.49	0.16	0.09	0	0.03	1.38	0.66
ENSG00000175782:SLC35E3	4.46	4.91	30.15	27.69	10.46	7.61	0.67	1.18	116.81	91.45
ENSG00000175792:RUVBL1	17.55	17.99	17.93	18.53	41.08	34.12	4.52	9.49	37.64	45.37
ENSG00000175793:SFN	0.31	0.7	112.41	62.92	31.55	43	33.85	66.18	7.57	22.67
ENSG00000175806:MSRA	3.19	6.82	6.53	5.52	46.34	46.64	1.87	5.66	29.61	41.21
ENSG00000175826:CTDNEP1	135.95	168.78	110.8	78.26	88.8	83.88	3.37	10.13	648.02	692.12
ENSG00000175832:ETV4	8.83	15.32	1.02	1.34	1.81	1.24	0.11	0.11	2.31	4
ENSG00000175866:BAIAP2	22.32	42.98	56.61	46.92	149.64	123.81	3.32	15.51	49.33	18.93
ENSG00000175874:CREG2	0.69	1.99	1.64	0.43	0.9	0.12	0.14	0.17	0.05	0
ENSG00000175879:HOXD8	0.21	0.34	10.68	4.9	4.77	4.57	2.06	3.48	4.03	3.28
ENSG00000175893:ZDHHC21	5.71	7.94	14.73	7.74	4.32	3.33	0.76	1.07	0.18	0.09
ENSG00000175895:PLEKHF2	15.71	17.28	55.15	41.46	30.83	30.7	3.54	5.01	10.17	4.7
ENSG00000175899:A2M	180.14	319.02	120.12	147.72	35.81	42.15	207.07	402.5	26.94	39.03
ENSG00000175906:ARL4D	2.88	4.72	56.19	76.13	5.53	3.17	0.17	0.52	8.54	11.92
ENSG00000175928:LRRN1	0.33	0.28	0	0	1.54	0.39	0.02	0.07	0.44	0.1
ENSG00000175931:UBE2O	8.8	9.55	81.39	49.3	17.68	14.67	1.31	4.79	15.5	4.54
ENSG00000175938:ORAI3	5.08	8.86	16.63	20.49	16.93	18.94	3.49	8.74	2.01	9.3
ENSG00000175946:KLHL38	0.15	0.36	1.22	0.95	0.34	0.73	0.12	0.11	0.28	1.17
ENSG00000175984:DENND2C	0.22	0.29	3.62	2.36	0.48	0.6	0.12	0.31	5.15	3.31
ENSG00000175985:PLEKHD1	0.43	0.37	1.6	20.67	36.36	49.26	7.35	31.62	0.14	0
ENSG00000176014:TUBB6	16.77	29.84	51.93	29.58	229.48	170	1.99	4.69	98.67	70.62
ENSG00000176018:LYSMD3	16.23	15.95	25.66	15.7	10.6	8.71	3.61	5.53	5.26	0.23
ENSG00000176020:AMIGO3	0.99	0.31	2.95	2.72	15.58	17.74	0.85	2.83	1.22	0.7
ENSG00000176022:B3GALT6	3.03	5.05	4.83	3.5	7.31	3.93	0.47	1.86	2.05	2.1
ENSG00000176040:TMPRSS7	0.02	0	0.16	0.1	4.74	2.4	0	0	1.19	1.81
ENSG00000176046:NUPR1	9.78	20.24	45.18	64.58	105.58	190.82	64.77	211.23	542.25	225.03
ENSG00000176049:JAKMIP2	0.11	0.02	0.94	0.6	0.08	0.03	0	0.02	0.41	0.12
ENSG00000176058:TPRN	7.65	3.41	11.36	11.31	47.5	42.57	2.25	9.27	12.6	7.52
ENSG00000176087:SLC35A4	32.45	25.74	48.34	37.12	18.61	15.77	1.96	7.39	7.46	10.08
ENSG00000176092:CRYBG2	68.15	103.34	6.73	9.38	1.61	1.92	0.24	0.48	3.69	2.17
ENSG00000176101:SSNA1	22.53	29.36	66.15	50.11	89.11	92.99	6.1	15.42	91.14	98.22
ENSG00000176105:YES1	48.36	50.32	27.62	15.14	50.92	40.57	12.83	18.42	0	0
ENSG00000176108:CHMP6	11.07	12.5	57.38	51.69	40.66	40.72	3.23	6.71	34.76	12.73
ENSG00000176136:MC5R	0	0	0.04	0	0.08	0.02	0	0	0.08	0.16
ENSG00000176142:TMEM39A	45.22	48.45	87.05	75.65	15.69	15.2	3.53	6.15	12.14	24.78
ENSG00000176148:TCP11L1	4.52	10.01	7.55	22.36	14.01	11.83	2.42	5.97	5.89	6.89
ENSG00000176153:GPX2	0.55	0.69	2.17	1.31	4.75	6.92	0	0.09	30.28	66.91
ENSG00000176155:CCDC57	36.16	56.96	2.1	2.25	2.28	1.51	0.24	0.8	5.76	4.59
ENSG00000176165:FOXG1	0.01	0	0.06	0.08	0.15	0.13	0	0.05	0	0
ENSG00000176170:SPHK1	1	1.15	35.51	42.95	10.38	6.04	2.65	9.84	16.72	16.14
ENSG00000176177:ENTHD1	0	0	0	0	0.03	0	0.02	0.1	0	0
ENSG00000176182:MYPOP	2.48	3.94	4.3	4.93	3.88	2.21	0.04	0.23	0.7	1.81
ENSG00000176194:CIDEA	0	0.07	0.27	0.23	23.76	41.85	7.7	11.42	0.93	2.62
ENSG00000176204:LRRTM4	2.22	2.68	0.08	0	0	0	0	0.01	0.14	0.09
ENSG00000176208:ATAD5	2.19	2.58	1.95	1.59	2.32	1.98	0.27	0.47	2.37	0.72
ENSG00000176209:SMIM19	15.76	22.55	18.41	18.19	27.31	25.03	2.32	3.43	6.01	30.02
ENSG00000176219:OR11H6	0	0	0	0	0	0	0	0	0	0
ENSG00000176225:RTTN	6.71	7.18	3.27	2.56	4.14	4.39	1.43	3.41	0.25	0.2
ENSG00000176248:ANAPC2	20.22	28.07	113.34	69.24	31.15	33.39	2.31	7.42	12.21	15.35
ENSG00000176256:HMGB4	0	0	0	0	0	0	0	0	0	0
ENSG00000176273:SLC35G1	0.95	1.47	1.37	1.52	25.58	6.03	0.16	0.27	13.73	1.19
ENSG00000176371:ZSCAN2	1.55	2.61	5.54	4.32	2.69	2.86	0.05	0.16	1.43	1.49
ENSG00000176383:B3GNT4	0.79	1.98	0	0.18	0.42	1.12	0.03	0.04	0	0
ENSG00000176390:CRLF3	22.36	22.72	18.24	12.81	46.91	28.68	3.67	7.65	11.48	3.22
ENSG00000176393:RNPEP	36.12	46.8	44.78	31.86	43.34	40.64	6.78	17.62	14.19	22.17
ENSG00000176399:DMRTA1	0	0.02	0.02	0.17	0.03	0	0	0	0	0.03
ENSG00000176406:RIMS2	2.38	2.48	1.29	2.73	0.93	0.2	0.15	0.25	0.33	0.01
ENSG00000176407:KCMF1	38.92	41.17	80.91	62.59	133.16	93.8	4.06	7.83	34.18	38.32
ENSG00000176410:DNAJC30	6.17	5.97	9.43	9.2	9.02	8.4	0.45	0.72	2.72	8.95
ENSG00000176422:SPRYD4	1.99	1.74	9.47	8.35	17.73	13.39	0.83	1.65	2.97	3.01
ENSG00000176438:SYNE3	1.74	5.01	1.17	1.32	10.85	12.84	1.03	1.81	1.55	0.07
ENSG00000176444:CLK2	55.75	86.01	38.23	36.15	53.76	56.39	1.64	4.19	67.33	91.57
ENSG00000176454:LPCAT4	5.92	12.62	5.67	6.43	47.65	56.77	2.38	9.1	7.11	31.28
ENSG00000176463:SLCO3A1	0.33	0.53	9.84	7.11	1.73	2.11	0.46	0.99	1	1.38
ENSG00000176473:WDR25	3.11	4.01	5.09	5.49	16.38	9.33	0.29	1.1	1.87	6
ENSG00000176476:SGF29	9.34	17.83	20.16	18.27	29.71	32.05	0.55	2.15	23.07	34.72
ENSG00000176490:DIRAS1	0.11	0.13	0.15	0.11	0	0	0.25	0.57	1.01	0.84
ENSG00000176531:PHLDB3	6.64	7.94	44.46	30.2	76.65	63.78	0.54	1.8	12.3	27.73
ENSG00000176532:PRR15	0.98	2.75	1.9	3.73	12.57	3.39	1.46	1.67	5.37	31.95
ENSG00000176533:GNG7	0.68	0.83	1.13	1.04	5.89	3.58	0.43	1.05	1.99	0.54
ENSG00000176542:USF3	6.07	9.06	7.51	3.71	3.33	3.32	1.05	2.66	1.87	0.37
ENSG00000176563:CNTD1	2.48	3.15	0.64	0.42	14.25	12.58	0	0.01	0.33	0.23
ENSG00000176571:CNBD1	0	0	0	0	0	0	0	0	0.07	0.03
ENSG00000176595:KBTBD11	0.07	0.36	0.71	1.04	0.98	1.18	0.52	1.83	2.78	0.84
ENSG00000176597:B3GNT5	25.96	19.87	2.96	1.35	17.78	17.84	2.74	3.34	38.27	9.84
ENSG00000176601:MAP3K19	0.24	0.73	0.07	0	1.21	0.81	0.47	1.27	0.33	0.31
ENSG00000176619:LMNB2	27.89	26.29	7.18	7.47	25.28	23.81	1.75	3.69	34.54	1.96
ENSG00000176624:MEX3C	13.89	17.54	42.22	26.84	19.03	18.48	5.33	8.18	11.17	2.43
ENSG00000176635:HORMAD2	0.09	0.11	0.34	0	0	0.1	0	0	0.06	0.24
ENSG00000176641:RNF152	4.42	6.47	0.53	0.23	3.35	4.78	0.37	1.05	3.48	4.58
ENSG00000176658:MYO1D	12.77	14.46	50.64	43.71	93.63	45.67	1.29	4.37	38.16	8.89
ENSG00000176697:BDNF	0.79	1.27	0.43	0.53	17.71	5.62	0.1	0.14	64.8	53.2
ENSG00000176715:ACSF3	3.95	10.71	8.07	6.15	2.37	1.17	0.39	1.14	1.9	4.61
ENSG00000176720:BOK	1.65	4.49	156.47	141.4	11.01	12.8	1.37	3.26	9.87	10.68
ENSG00000176749:CDK5R1	1.06	1.39	7.56	4	1.34	1.08	0.05	0.12	1.16	0.76
ENSG00000176769:TCERG1L	0	0.2	0.02	0.1	0	0	0	0	0	0
ENSG00000176771:NCKAP5	1.38	1.7	1.3	1.57	0.68	0.79	1.27	3.24	1.85	0.53
ENSG00000176783:RUFY1	22.32	35.24	11.32	14.04	12.58	13.76	3.97	7.77	39.53	18.17
ENSG00000176834:VSIG10	12.35	17.52	23.48	19.35	95.38	69.79	0.63	1.48	13.99	2.48
ENSG00000176842:IRX5	0.1	0	0.36	0.68	0.21	0.04	0	0	0.24	0.09
ENSG00000176845:METRNL	87.82	96.52	89.72	64.78	72.81	95.02	3.69	9.34	8.12	9.9
ENSG00000176853:FAM91A1	29.9	37.46	53.46	37.6	37.41	29.14	13.82	19.45	9.27	3.99
ENSG00000176884:GRIN1	0.01	0.02	0.05	0	2.3	2.36	0.04	0.31	0	0.03
ENSG00000176887:SOX11	0	0	8.73	5.9	0.02	0	0.04	0.26	0.6	0
ENSG00000176894:PXMP2	3.94	3.8	3.56	6	12.84	13.06	0.55	1.5	1.34	5.14
ENSG00000176900:OR51T1	0	0	0	0	0	0	0	0	0	0
ENSG00000176909:MAMSTR	0.94	1.25	1.8	0.95	0.34	0.33	0.02	0.08	0.19	0.4
ENSG00000176915:ANKLE2	32.05	44.26	44.76	24.35	27.64	27.65	4.09	8.13	8.8	2.81
ENSG00000176919:C8G	1.03	1.8	0.83	8.87	23.16	28.45	0.05	0.23	0.07	0.19
ENSG00000176927:EFCAB5	0.55	0.14	0.06	0.31	0.7	0.09	0.06	0.09	0.21	0.33
ENSG00000176946:THAP4	13.28	17.67	85.25	67.15	40.15	31.57	0.27	0.97	4.84	12.14
ENSG00000176953:NFATC2IP	19.16	25.83	3.56	2.45	18.15	13.05	0.8	1.99	8.07	17.49
ENSG00000176971:FIBIN	1.48	4.27	3.11	2.44	30.99	33.12	0.29	0.74	7.64	1.94
ENSG00000176974:SHMT1	8.47	7.71	5.1	3.14	1.53	0.79	2.41	10.3	35.12	198.16
ENSG00000176978:DPP7	18.22	44.33	46.42	119.03	37.58	18.59	4.6	10.81	15.2	30.25
ENSG00000176994:SMCR8	6.66	8.64	15.42	9.6	8.49	6.34	1.55	4.55	2.36	0.46
ENSG00000177000:MTHFR	5.68	9.97	42.76	31.43	13.94	12.35	1.31	6.28	6.97	1.53
ENSG00000177034:MTX3	6.26	6.98	5.99	3	2.17	1.95	1.3	2.2	5.33	3.02
ENSG00000177045:SIX5	5.4	8.19	6.53	6.12	6.81	7.53	0.63	2.08	3.14	16.14
ENSG00000177051:FBXO46	9.89	11.28	8.5	5.18	8.82	10.37	0.48	1.44	2.46	4.16
ENSG00000177054:ZDHHC13	8.76	8.92	49.35	31.25	27.15	22.2	4.7	6.23	13.96	8.43
ENSG00000177058:SLC38A9	51.17	60.57	11.64	8.27	9.79	10.22	2.67	5.34	3.03	1.54
ENSG00000177076:ACER2	30.99	34.79	80.84	71.98	10.67	9.43	1.05	2.76	5.13	3.66
ENSG00000177082:WDR73	16.38	18	16.39	10.78	7.05	6.65	1.33	2.41	4.47	12.37
ENSG00000177084:POLE	9.2	13.08	2.82	2.68	3.65	3.16	0.07	0.19	1.09	0.79
ENSG00000177096:PHETA2	7.09	12.98	1.23	1.09	35	28.66	0.61	1.62	0	0.81
ENSG00000177098:SCN4B	3.54	2.25	0.05	0	0.31	0.08	0.03	0.04	0.36	0
ENSG00000177103:DSCAML1	0.02	0.01	0.01	0	0.49	1.09	0	0.01	0.91	0.19
ENSG00000177105:RHOG	25.78	32.83	57.35	63.78	83.83	62.11	1.51	4.13	26.82	54.01
ENSG00000177108:ZDHHC22	0.01	0	0.03	0	0	0	0	0.01	0	0
ENSG00000177150:FAM210A	6.14	5.39	9.73	6.91	6.64	5.47	2.58	3.61	6.01	5.01
ENSG00000177156:TALDO1	97.38	84.85	161.02	150.93	255.28	201.01	24.71	50.95	637.52	756.42
ENSG00000177169:ULK1	36.72	45.84	45.2	36.43	20.71	21.61	1.86	6.57	15.44	7.49
ENSG00000177181:RIMKLA	0.13	0.12	0.15	0.38	121.96	102.6	0.02	0.06	1.09	0.89
ENSG00000177182:CLVS1	0.04	0	0.94	0.26	0	0	0.06	0.13	0.16	1.02
ENSG00000177189:RPS6KA3	11.84	14.51	14.75	9.62	13.39	8.52	8.94	13.81	13.94	3.16
ENSG00000177191:B3GNT8	0.88	0.79	9.1	10.94	4.4	3.45	0.23	1.07	2.86	20.3
ENSG00000177192:PUS1	5.49	7.76	20.46	15.28	34.71	41.51	1.56	3.77	19.68	13.26
ENSG00000177200:CHD9	12.24	14.5	56.8	61.81	11.1	8.06	3.47	6.06	7.42	0.84
ENSG00000177238:TRIM72	0.17	0.29	0.51	0.73	0.06	0	0.01	0.12	0.2	0.96
ENSG00000177272:KCNA3	0.59	0.14	0.05	0	0.8	0.39	0.05	0.06	0.05	0
ENSG00000177283:FZD8	0.51	0.95	4.14	3.12	3.52	1.25	0.26	0.43	15.02	12.72
ENSG00000177301:KCNA2	0	0	0.02	0	1.49	1.57	0.15	0.37	0	0
ENSG00000177302:TOP3A	12.06	11.55	7.87	4.67	19.51	19.8	2.67	10.05	8.91	15.44
ENSG00000177311:ZBTB38	91.55	74.12	14.85	10.01	9.29	7.44	2.23	4.67	19.81	1.41
ENSG00000177354:C10orf71	0	0	0.5	0.48	0.1	0.11	0	0	0.05	0.12
ENSG00000177370:TIMM22	7.04	8.87	24.93	20.8	11.83	13.23	3.03	7.39	16.85	36.59
ENSG00000177374:HIC1	0.43	0.89	8.39	6.63	8.45	8.72	0.7	1.93	0.77	2.74
ENSG00000177380:PPFIA3	1.53	1.48	0.19	0.2	4.57	5.3	0.74	2.19	2.42	1.19
ENSG00000177425:PAWR	35.28	43.41	38.8	19.36	101.53	60.56	12.18	18.02	13.02	10.53
ENSG00000177426:TGIF1	57.9	58.96	69.91	41.82	47.34	45.94	7.94	14	76.43	143.09
ENSG00000177427:MIEF2	7.22	9.2	11.83	8.15	8.41	8.06	0.41	1.34	13.21	28.74
ENSG00000177453:NIM1K	2.05	1.67	0.36	0.68	0.07	0.14	0.07	0.11	21.14	15.62
ENSG00000177455:CD19	0.08	0.39	0.27	0.03	1.63	1.43	0.01	0.06	0	0.08
ENSG00000177463:NR2C2	21.14	24.78	13.87	6.59	11.4	9.81	1.5	4.09	4.68	1.79
ENSG00000177464:GPR4	2.44	6.23	13.29	7.9	8.96	11.16	0.14	0.47	1.93	3.09
ENSG00000177469:CAVIN1	81.45	112.03	72.91	90.06	112.55	119.45	12.74	27.47	243	77.31
ENSG00000177479:ARIH2	61.42	72.2	66.77	52.65	20.68	18.77	7.49	15.54	75.63	28.22
ENSG00000177483:RBM44	0.11	0.07	0.09	0	0.32	1.19	0.07	0.15	0.11	0.02
ENSG00000177485:ZBTB33	9.76	9.35	7.74	3.93	8.96	7.71	2.23	3.48	7.11	1.9
ENSG00000177508:IRX3	0.82	0.56	13.21	7.54	40.54	56.25	1.7	1.47	1.58	1.87
ENSG00000177511:ST8SIA3	0	0	0	0	0	0	0	0	0.04	0.05
ENSG00000177519:RPRM	0	0	0.3	0.23	0.12	0.29	0.01	0.01	0	0.9
ENSG00000177535:OR2B11	0.46	0.59	0.05	0	0	0	0	0	0.09	0
ENSG00000177548:RABEP2	13.43	15.18	7.8	12.18	34.11	33.05	1.79	4.96	74.53	56.77
ENSG00000177551:NHLH2	0.02	0.08	0	0	0	0	0	0	0	0
ENSG00000177558:FAM187B	0	0.11	3.01	2.63	0	0	0.02	0	0.95	1.24
ENSG00000177570:SAMD12	21.22	24.28	2.62	2.21	18.11	22.53	1.4	2.82	2.74	1.12
ENSG00000177595:PIDD1	12.06	16.32	2.03	1.34	2.66	3.24	0.31	1.4	3.69	3.11
ENSG00000177602:HASPIN	0.6	0.45	0.59	0.22	1.52	1	0.03	0.15	2.58	4
ENSG00000177606:JUN	11.72	42.12	64.64	51.04	64.69	70.55	70.9	228.53	53.66	84.55
ENSG00000177614:PGBD5	0.35	0.8	0.78	0.67	0.25	0.2	0.27	0.77	0.82	0.27
ENSG00000177628:GBA1	100.55	79.3	95.97	90.12	50.15	52.62	17.91	39.3	119.45	178.76
ENSG00000177646:ACAD9	19.79	23.32	22.61	16.77	11.07	10.69	1.85	3.89	56.23	52.63
ENSG00000177666:PNPLA2	44.08	60.29	46.19	57.18	130.45	129.52	5.8	21.53	11.43	44.08
ENSG00000177669:MBOAT4	0.3	0.87	0.05	0.09	0	0.13	0.01	0.03	0.43	0.23
ENSG00000177674:AGTRAP	11.81	14.45	33.47	34.5	54.26	77.02	3.49	8.17	35.13	49.19
ENSG00000177679:SRRM3	1.22	0.93	0.38	0.1	0.71	0.4	0.01	0.1	0.05	0
ENSG00000177685:CRACR2B	3.3	7.69	17.89	18.66	7.15	11.79	0.06	0.12	5.36	10.05
ENSG00000177692:DNAJC28	2.82	2.88	1.45	1.28	5.52	5.58	0.26	0.45	13.33	8.56
ENSG00000177694:NAALADL2	5.39	4.04	0.34	0.15	14.06	12.09	5.72	9.93	7.6	3.79
ENSG00000177697:CD151	57.65	86.01	353.47	285.53	330.82	327.08	12.15	22.7	76.22	228.63
ENSG00000177706:FAM20C	1.82	4.32	34.19	38.58	117.57	64.93	0.08	0.3	29.96	14.85
ENSG00000177707:NECTIN3	147.88	140.15	9.54	7.39	21.44	18.8	4.4	8.59	4.71	5.85
ENSG00000177728:TMEM94	84.86	120.94	26.39	17.52	34.27	40.8	1.25	5.75	19.86	14.55
ENSG00000177731:FLII	65.83	101.25	54.86	57.73	71.58	59.59	10.62	31.28	151.2	74.33
ENSG00000177732:SOX12	1.45	1.7	1.72	2.26	2.13	2.03	0.59	1.7	0	0
ENSG00000177752:YIPF7	0	0	0.16	0	0.08	0.03	0.01	0	0	0.07
ENSG00000177791:MYOZ1	0.16	0.43	0.18	0	9.58	14.66	0.26	0.47	0.09	0
ENSG00000177807:KCNJ10	0.09	0.15	0.05	0.01	0.3	0.38	0.01	0	0	0.07
ENSG00000177830:CHID1	34.65	31.88	48.36	39.21	88.3	71.53	6.72	16.75	14.89	67.43
ENSG00000177853:ZNF518A	10.53	13.4	11.47	10.24	9.96	10.46	1.6	2.56	9.13	2.88
ENSG00000177875:CCDC184	0.65	1.37	0.81	0.53	4.78	2.79	0	0.33	0	0.13
ENSG00000177885:GRB2	35.56	48.02	79.08	62.4	119	108.21	5.97	12.59	91.28	73.01
ENSG00000177888:ZBTB41	7.13	5.82	5.97	4.13	3.26	2.55	2.01	4.17	3.47	0.93
ENSG00000177917:ARL6IP6	46.38	48.59	16.23	10.84	26.18	30.66	3	6.53	6.83	5.2
ENSG00000177943:MAMDC4	4.7	10.04	0.76	0.84	0.25	0.63	1.36	4.06	3.06	2.08
ENSG00000177951:BET1L	24.27	28.02	40.85	30.26	24.4	23.97	3.3	8.64	52.51	55.53
ENSG00000177971:IMP3	15	18.8	36.03	44.4	22.54	23.11	11.07	20.2	30.38	110.52
ENSG00000177989:CIMAP1B	7.12	11.89	1.19	0.49	0.5	0.53	0	0	3.12	24.62
ENSG00000177990:DPY19L2	5.91	8.92	0.08	0.02	0.02	0	0.07	0.06	0	0.05
ENSG00000177994:CIMIP6	0.04	0	0.12	0.3	0	0.29	0	0.02	0	0
ENSG00000178028:DMAP1	26.1	34.32	18.37	19.75	21.22	17.49	1.34	3.93	8.83	15.3
ENSG00000178031:ADAMTSL1	0.62	1.5	2.44	3.09	1.02	0.89	0.02	0.07	0.53	0.43
ENSG00000178033:CALHM5	2.89	4.65	0.49	0.27	2.74	2.6	1.64	3.11	0.68	4.36
ENSG00000178035:IMPDH2	57.51	60.65	43.77	34.58	40.03	39.16	13.23	22.95	50.35	95.71
ENSG00000178038:ALS2CL	9.35	24.52	17.8	24.57	14.97	16.17	2.3	3.89	63.6	47.24
ENSG00000178053:MLF1	0.69	2.06	1.37	1.17	3.49	0.99	1.86	3.19	14.97	12.74
ENSG00000178057:NDUFAF3	19.08	17.37	16.41	20.71	36.88	42.23	1.96	4.11	10.08	33.85
ENSG00000178074:C2orf69	3.75	5.34	2.21	1.54	6.62	5.61	1.02	1.78	1.2	0.82
ENSG00000178075:GRAMD1C	10.38	12.69	4.45	4.72	42.38	21.22	1.59	2.71	8.52	5.22
ENSG00000178078:STAP2	9.38	9.92	21.18	27.14	44.31	30.12	0.66	0.92	12.22	45.79
ENSG00000178093:TSSK6	0.49	0.7	1.34	0.51	0.24	0.07	0	0	0.3	0.29
ENSG00000178104:PDE4DIP	212.48	279.32	50.18	32.18	6.05	4.02	1.15	3.07	16.09	7.88
ENSG00000178125:PPP1R42	0	0	0.04	0	0.12	0	0.04	0.07	3.43	1.84
ENSG00000178149:DALRD3	9.7	11.77	42.79	47.42	23.15	24.94	2.74	5.52	10.65	21.96
ENSG00000178163:ZNF518B	12.91	14.08	4.71	2.23	8.39	9.16	1.16	3.05	2.64	0.45
ENSG00000178171:AMER3	0	0.01	0	0.14	0.7	0.4	0	0	0	0
ENSG00000178172:SPINK6	0	0	0	0	0	0	0	0	0.92	0.94
ENSG00000178175:ZNF366	4.57	6.69	3.72	2.59	5.64	4.55	0.98	1.56	2.85	0.39
ENSG00000178184:PARD6G	3.16	6.19	16.12	10.52	2.35	2.85	1.06	2.15	1.77	1.43
ENSG00000178188:SH2B1	18.96	34.69	30.92	24.45	23.11	25.11	0.74	2.86	17.47	31.88
ENSG00000178199:ZC3H12D	0.4	0.56	0.43	0.91	0.39	0.25	0.04	0.01	0.27	0.81
ENSG00000178209:PLEC	64.34	70.05	64.45	33.95	67.04	50.57	9.3	43.42	63.55	11.08
ENSG00000178217:SH2D4B	0.02	0.09	1.26	1.15	0.04	0	0.06	0.08	0.17	0.08
ENSG00000178226:PRSS36	0.81	1.79	13.36	11.83	0.3	0.17	0.05	0.08	203.72	19.55
ENSG00000178233:TMEM151B	0.23	0.08	0	0	0	0	0.1	0.33	0.04	1.07
ENSG00000178234:GALNT11	47.67	48.81	22.29	32.15	21.47	15.05	17.68	26.36	36.1	23.95
ENSG00000178235:SLITRK1	0	0	0	0	0.18	0.04	0.01	0	0.04	0
ENSG00000178252:WDR6	63.88	101.26	17.73	11.77	35.01	37.45	2.16	4.64	1.56	2.03
ENSG00000178297:TMPRSS9	1	0.68	0.14	0	0.07	0	0.01	0.01	1.16	0.73
ENSG00000178301:AQP11	1.9	7.02	1.15	1.37	1392.33	1142.92	0.17	0.29	4.16	7.57
ENSG00000178307:TMEM11	30.66	36.03	29.26	26.82	61.62	58.1	7.07	16.19	59.56	29.03
ENSG00000178342:KCNG2	0.11	0.31	0.19	0.06	0.5	0.04	0	0.05	0.99	0
ENSG00000178343:SHISA3	0.04	0.05	59.37	39.31	0.16	0.76	0.1	0.14	0	0.22
ENSG00000178385:PLEKHM3	2.4	5.01	10.39	7.98	1.54	1.52	0.67	1.78	0.36	0.14
ENSG00000178394:HTR1A	0	0	0	0	0	0	0	0	0	0
ENSG00000178395:CCDC185	0	0	0.05	0	0	0	0.08	0.18	0	0.02
ENSG00000178401:DNAJC22	1.24	1.32	3.07	7.14	0	0.03	0.33	0.64	0.09	0
ENSG00000178403:NEUROG2	0	0	15.37	16.59	0.16	0	0.05	0.1	0	0.26
ENSG00000178409:BEND3	0.79	1.02	5.26	3.19	2.76	2.09	0.36	0.96	0.96	0.26
ENSG00000178425:NT5DC1	7.6	7.16	9.15	5.57	3.44	3.46	3.45	4.34	2.87	4.31
ENSG00000178445:GLDC	37.62	52.64	2.93	10.19	1.5	2.15	0.01	0.01	16.79	6.17
ENSG00000178460:MCMDC2	0.31	0.25	3.68	1.97	0.4	0.46	0.07	0.05	0.74	0.8
ENSG00000178467:P4HTM	28.26	13.48	3.21	2.52	4.48	5.01	0.51	0.98	2.81	5.74
ENSG00000178502:KLHL11	2.32	2.46	6.05	1.87	7.43	6.32	1.29	2.2	4.02	0.64
ENSG00000178522:AMBN	0	0	0	0	0.13	0	0.14	0.15	0.05	0
ENSG00000178538:CA8	4.42	5.58	0.78	1.73	0.67	0.29	0.54	1.33	1.1	0.88
ENSG00000178562:CD28	2.8	7.34	0.62	1.25	0.1	0.05	0.37	0.91	0.71	0.22
ENSG00000178567:EPM2AIP1	11.71	13.78	16.53	10.39	58.23	66.28	1.33	3.4	3.29	8.23
ENSG00000178568:ERBB4	0.21	0.24	0.01	0.01	0.01	0	0	0	5.22	1.16
ENSG00000178573:MAF	9.6	39.28	10.63	20.05	42.72	19.67	2.18	6.49	5.46	5.75
ENSG00000178602:OTOS	0	0	0.33	1.08	145.75	185.19	0.01	0.05	0	0
ENSG00000178623:GPR35	0.77	0.72	5.95	5.46	0.43	0.1	0.16	0.14	0	0
ENSG00000178645:C10orf53	0.04	0.02	0.32	0.11	0	0	0	0	0	0
ENSG00000178662:CSRNP3	0.29	0.34	0.02	0.09	0.1	0.02	0.34	0.54	0.04	0.04
ENSG00000178691:SUZ12	28.16	31.73	29.62	16.62	17.26	15.26	3.03	5.43	25.21	4.52
ENSG00000178694:NSUN3	2.72	4.54	8.05	3.33	8.14	7.37	1.27	1.05	18.52	26.03
ENSG00000178718:RPP25	2.12	4.2	1.76	2.76	1.01	1.82	0.05	0.39	0	0.15
ENSG00000178719:GRINA	160.86	158.57	153.26	160.01	39.81	34.72	1.91	5.73	2.02	7.98
ENSG00000178726:THBD	27.47	43.78	68.64	39.62	10.25	16.9	0.98	2.53	14.43	7.77
ENSG00000178752:ERFE	1.12	1.13	0.1	0	0.53	0.38	0.01	0.06	0.51	0.75
ENSG00000178761:FAM219B	12.52	18.03	14.4	11.58	12.08	9.07	0.58	1.07	28.17	8.8
ENSG00000178764:ZHX2	3.1	5.84	3.81	2.4	3.49	3.49	0.19	0.76	1.28	2.7
ENSG00000178773:CPNE7	0.02	0	0.06	0.24	0.31	0.14	0	0	0	0.07
ENSG00000178796:RIIAD1	0	0	1.98	1.41	0	0	0.01	0	19.06	8.58
ENSG00000178802:MPI	9.59	10.44	8.36	19.35	10.1	8.82	1.11	3.1	6.29	15.31
ENSG00000178804:H1-8	0	0	0.07	0	0	0	0	0	0	0
ENSG00000178814:OPLAH	1.08	1.57	9.31	8.91	10.75	12.53	1.43	4.53	26.04	60.57
ENSG00000178826:TMEM139	53.81	78.63	11.09	7.07	26.75	32.22	1.32	2.42	3.33	2.21
ENSG00000178860:MSC	1.69	10.15	1.67	5.37	5.74	3.12	0	0.02	0.05	0.05
ENSG00000178878:APOLD1	12.9	26.07	2.78	2.54	30.79	45.73	1.96	5.27	4.13	6.31
ENSG00000178882:RFLNA	0.04	0.44	5.74	3.84	1.87	2.86	0.04	0.54	29.78	52.68
ENSG00000178896:EXOSC4	15.26	16.1	11.91	10.54	29.34	26.14	3.24	5.69	8.49	32.69
ENSG00000178904:DPY19L3	14.25	13.35	2.37	2.26	5.26	4.52	0.88	1.25	8.55	0.24
ENSG00000178919:FOXE1	0.03	0	0	0	0	0	0.01	0.07	0	0
ENSG00000178921:PFAS	6.22	8.38	6.4	2.84	7.87	5.92	1.23	2.25	8.28	6.32
ENSG00000178950:GAK	34.31	48.09	97.91	68.47	65.9	53.3	2.61	9.08	24.98	5.17
ENSG00000178951:ZBTB7A	11.44	16.14	20.1	17.6	19.49	14.97	1.02	2.69	25.57	4.26
ENSG00000178952:TUFM	50.4	57.05	34.65	36.25	114.02	88.5	4.05	9.97	214.27	133.19
ENSG00000178965:ERICH3	0	0	0.41	0.23	0.04	0.05	0	0	2.19	0.45
ENSG00000178966:RMI1	5.55	5.15	20.33	15.87	6.68	5.22	0.4	0.46	9.21	6.76
ENSG00000178971:CTC1	26.34	31.42	15.62	7.44	7.4	8.21	0.19	0.53	4.26	13.68
ENSG00000178974:FBXO34	7.5	9.69	19.8	13.61	12.61	12.69	1.41	2.82	8.18	7.48
ENSG00000178980:SELENOW	50.82	53.59	92.88	111.65	97.59	115.25	0.03	0.05	49.41	46.15
ENSG00000178982:EIF3K	84.2	93.18	151.78	166.15	264.57	241.88	54.97	94.11	1.27	0.31
ENSG00000178996:SNX18	12.71	22.57	19.9	20.97	30.21	16.71	4.23	11.2	17.96	6.35
ENSG00000178997:EXD1	0.64	0.7	0.87	1.09	0.03	0.09	0.44	0.68	5.02	4.64
ENSG00000178999:AURKB	7.15	3.89	0.98	1.57	24.84	26.27	0.18	0.71	4.54	2.25
ENSG00000179002:TAS1R2	0	0.02	0.05	0	0.03	0	0	0	0	0
ENSG00000179008:C14orf39	0	0.04	13.73	6.26	0	0	0.02	0.02	0.28	0.18
ENSG00000179023:KLHDC7A	0.01	0.02	0.26	0.19	8.02	4.27	0.01	0.07	4.69	13.11
ENSG00000179029:TMEM107	6.17	9.05	32.37	27.39	1.19	2.34	2.09	3.7	9.45	21.75
ENSG00000179041:RRS1	9.12	8.19	17.54	9.57	14.54	15.56	1.51	2.45	29.11	26.1
ENSG00000179044:EXOC3L1	4.95	6.01	5.12	7.31	2.96	5.55	0.72	1.82	1.53	1.72
ENSG00000179051:RCC2	36.64	45.41	35.56	24.81	42.7	33.02	4.13	13.7	15.77	37.27
ENSG00000179085:DPM3	9.84	11.9	41.15	41.52	191.15	175.27	4.35	3.99	34.01	149.87
ENSG00000179091:CYC1	36.11	33.88	64.81	78.15	126.63	107.15	14.31	33.72	95.15	207.64
ENSG00000179094:PER1	9.73	26.54	33.03	26.46	51.74	40.84	1.12	5.14	5.9	19.78
ENSG00000179097:HTR1F	1.4	1.34	0	0	0	0	0.01	0.03	0.07	0
ENSG00000179104:TMTC2	4.81	6.2	2.28	1.24	5.17	3.12	1.49	3.61	4.01	1.28
ENSG00000179111:HES7	0.79	0.95	0.99	0.81	0.09	0.35	0.06	0.42	0.12	0.48
ENSG00000179115:FARSA	25.95	23.06	45.7	39.15	33.68	34.13	4	10.99	20.82	44.13
ENSG00000179148:ALOXE3	1.98	1.56	7.56	6.8	0.02	0	0	0	0.63	0.19
ENSG00000179151:EDC3	16.62	7.76	14.16	11.57	12.51	11.25	1.56	2.98	22.29	21.41
ENSG00000179152:TCAIM	8.62	12.24	6.24	5.66	1.63	0.74	0.67	1.26	6.45	7.6
ENSG00000179163:FUCA1	64.93	62.24	68.09	160.65	70.3	78.64	15.24	21.01	68.26	52.48
ENSG00000179178:TMEM125	2.73	5.44	41.22	27.3	50.39	32.74	2.55	7.61	7.74	12.3
ENSG00000179218:CALR	479.45	415.82	1499.35	1415.43	863.97	1040.17	225.83	432.77	1634.72	1022.76
ENSG00000179241:LDLRAD3	0.97	1	13.15	4.49	0.41	1.06	1.68	4.22	4.93	1.26
ENSG00000179242:CDH4	0.26	0.29	2.9	1.1	0.61	0.12	0	0.03	2.4	2.28
ENSG00000179262:RAD23A	50.2	62.5	40.63	29.86	56.16	49.54	4.55	15.56	43.81	75.07
ENSG00000179270:PCARE	0.38	0.14	0	0	0	0	0	0	0.04	0.17
ENSG00000179271:GADD45GIP1	9.55	12.66	6.91	11.32	41.05	36.11	1.7	3.83	12.12	40.53
ENSG00000179292:TMEM151A	0	0	0.97	5.04	0.14	0.06	0.02	0.02	0.29	1.13
ENSG00000179295:PTPN11	41.45	45.15	95.01	48.54	198.75	130.25	9.64	17.14	32.3	9.85
ENSG00000179299:NSUN7	1.88	3.07	0.2	0.19	1.64	0.75	0.3	0.68	0.34	0
ENSG00000179314:WSCD1	2.4	3.69	3.29	1.69	14.28	15.88	1.15	3.52	0.86	3.18
ENSG00000179335:CLK3	68.65	82.44	69.85	72.73	56.23	50.9	4.89	12.36	23.89	41.32
ENSG00000179348:GATA2	94.51	122.42	107.13	63.79	151.22	150.77	6.27	22.05	32.21	21.66
ENSG00000179361:ARID3B	23.89	37.65	18.94	14.89	6.27	7.27	0.86	2.55	24.55	17.52
ENSG00000179364:PACS2	15.93	30.43	91.03	47.1	25.66	26.49	1.09	3.55	8.82	2.82
ENSG00000179387:ELMOD2	11.19	10.68	11.85	8.59	8.28	11.07	0.69	1.1	4.29	1.17
ENSG00000179388:EGR3	0.12	0.59	0.2	0.67	0.92	0.87	0.18	1.45	0.15	0.07
ENSG00000179399:GPC5	0.28	0.07	0.03	0	0.16	0.27	0.44	0.29	0	0
ENSG00000179403:VWA1	61.01	68.19	1.66	1.38	58.98	60.38	1.02	3.71	13.02	56.93
ENSG00000179409:GEMIN4	2.33	3.73	3.82	0	11.22	11.22	2.58	5.34	5.08	8.33
ENSG00000179431:FJX1	1.74	2.02	1.69	1.4	12.97	10.62	1.75	4.54	1.1	4.43
ENSG00000179454:KLHL28	4.65	5.88	10.42	3.77	3.79	2.6	1.51	2.5	3.97	1.48
ENSG00000179456:ZBTB18	8.82	14.53	11.85	6.74	12.5	12.76	1.55	3.46	34.26	6.06
ENSG00000179476:DORIP1	4.64	6.09	5.74	5.39	5.56	3.46	0.52	0.85	5.27	5.99
ENSG00000179477:ALOX12B	0.09	0	0.04	0.2	0	0	0	0	0	0
ENSG00000179520:SLC17A8	0.23	0.39	0.18	0.09	0	0	0.01	0.13	0.37	0.05
ENSG00000179528:LBX2	2.73	2.1	0.46	0.59	0.5	0.62	0	0	0.29	0
ENSG00000179562:GCC1	4.9	6.72	12.83	6.77	4.24	4.24	2.36	5.78	18.12	10.73
ENSG00000179580:RNF151	0	0.08	0.08	0	0	0	0.1	0.95	1.59	6.93
ENSG00000179583:CIITA	0.81	3.72	0.27	0.02	1.17	1.67	0.54	1.7	0.14	1
ENSG00000179598:PLD6	1.12	2.42	0.11	0.33	30.18	39.14	0	0	0.18	1.37
ENSG00000179600:GPHB5	0	0	0.03	0	0.05	0	0	0.01	0.81	1.79
ENSG00000179603:GRM8	0.07	0.1	0	0	5.51	2.06	0.02	0.01	0.4	0.81
ENSG00000179604:CDC42EP4	22.4	26.9	63.3	52.57	78.41	47.72	3.61	11.39	22.4	6.14
ENSG00000179630:LACC1	4.54	6.63	5.5	5.81	5.79	5.9	0.95	1.61	4.91	1.78
ENSG00000179632:MAF1	46.67	62.38	76.73	73.49	125.36	125.05	6.86	22.14	60.85	149.65
ENSG00000179636:TPPP2	0	0	0	0	0.05	0.04	0.21	0.83	0.28	0.72
ENSG00000179639:FCER1A	0	0.17	0	0	0.34	0.25	0.04	0.15	0	0
ENSG00000179674:ARL14	0	0.05	0.08	0	0	0.04	0.04	0.09	0	0.14
ENSG00000179776:CDH5	118.78	164.6	270.12	166.07	42.77	51.96	11.01	28.68	16.19	5.23
ENSG00000179796:LRRC3B	0	0	0.93	0.06	3.49	5.63	2.07	4.64	0	0
ENSG00000179833:SERTAD2	16.64	19.17	18.07	13.34	12.86	13.86	2.63	7.29	2.01	0.26
ENSG00000179841:AKAP5	0.24	0.74	0.36	0.02	1.5	1.2	0.37	0.41	0.41	0
ENSG00000179846:NKPD1	0.17	0.21	0.06	0	31.67	39.02	0.06	0.3	1.11	5.15
ENSG00000179859:RNF227	2.82	4.21	3.15	3.14	0.38	0.94	0.14	0.41	0.07	0.4
ENSG00000179862:CITED4	6.71	16.09	5.19	3.61	24.87	25.24	0	0	1.61	8.81
ENSG00000179869:ABCA13	0.03	0.11	1	0.55	0.03	0.07	0.13	0.07	0	0
ENSG00000179886:TIGD5	0.77	1.3	1.32	1.16	6.28	4.7	0.61	2.07	1.45	1.24
ENSG00000179889:PDXDC1	97.86	127.56	83.89	53.69	42.56	32.68	9.25	20.01	50.75	15.66
ENSG00000179913:B3GNT3	41.97	28.07	22.4	27.98	12.56	14.73	1.5	3.3	14.74	1.88
ENSG00000179915:NRXN1	0.02	0	0.12	0	0.24	0.06	0.06	0.07	0	0
ENSG00000179921:GPBAR1	1.59	1.87	2.71	1.13	1.59	1.64	0.05	0.28	0	1.71
ENSG00000179933:C14orf119	20.33	19.1	29.55	24.57	63.63	61.15	4.38	6.83	22.57	16.04
ENSG00000179950:PUF60	43.51	47.55	104.83	98.99	74.31	68.25	7.15	20.22	59.23	74.52
ENSG00000179954:SSC5D	1.12	0.97	5.65	3.86	0.34	0.33	0.1	0.38	2.09	12.01
ENSG00000179958:DCTPP1	7.08	5.39	17.93	21.67	47.45	27.43	8.47	17.17	2.8	14.37
ENSG00000179965:ZNF771	0.62	1.06	10.36	9.82	68.94	71.9	0.37	1.45	27.21	125.25
ENSG00000179981:TSHZ1	13.01	21.16	8.89	6.13	16.39	9.23	1.1	3.8	4.7	1.51
ENSG00000179988:PSTK	2.82	2.94	9.36	7.19	2.36	2.51	0.11	0.18	14.93	16.36
ENSG00000180008:SOCS4	6.47	6.41	9.17	5.13	9.93	8.56	3.13	5.03	4.88	2.24
ENSG00000180011:PTGR3	15.27	24.78	8.46	9.24	24.66	17.12	1.78	3.3	42.86	74.53
ENSG00000180035:ZNF48	0.75	1.4	16.35	11.72	9.82	9.18	0.44	1.25	29.94	59.93
ENSG00000180061:TMEM150B	1.41	2.72	0.04	0.25	0.16	0.95	0.83	1.29	0.08	0.3
ENSG00000180096:SEPTIN1	0.49	1.38	9.52	3.05	1.32	0.87	0.08	0.01	0	0.15
ENSG00000180098:TRNAU1AP	17.81	27.64	32.88	28.39	31.98	25.1	4.39	5.92	10.12	26.25
ENSG00000180104:EXOC3	30.61	39.97	26.75	28.54	36.84	34.11	2.94	9.46	31.67	10.43
ENSG00000180113:TDRD6	0.11	0.19	0.33	0	0.14	0.12	0.21	0.04	0.27	0.04
ENSG00000180182:MED14	16	25.84	6.8	3.56	10.43	8.71	1.41	3.02	13.81	8.78
ENSG00000180185:FAHD1	6.29	5.68	9.57	9.27	16.76	13.58	1.33	2.45	1.85	4.2
ENSG00000180190:TDRP	48.23	71.77	110.05	54.08	31.24	31.68	2.64	3.88	14.78	3.18
ENSG00000180198:RCC1	11.04	14.19	11.73	9.32	27.91	31.09	1.41	2.45	3.45	5.48
ENSG00000180209:MYL11	0.27	1.47	3.87	3.35	0.44	0.77	0.24	0.98	1.07	1.96
ENSG00000180228:PRKRA	16.76	21.07	9.53	11.61	3.59	4.89	0.95	2.02	6.5	12.93
ENSG00000180233:ZNRF2	15.75	20.16	9.56	12.04	24.02	18.12	4.6	6.23	29.42	63.42
ENSG00000180245:RRH	0.12	0.09	0.07	0	0.21	0.21	0.05	0.13	0.29	0
ENSG00000180251:SLC9A4	1.42	0.64	0.02	0	0	0	0.78	3.14	0.99	0.74
ENSG00000180263:FGD6	5.85	8.88	34.68	16.88	2.53	3.12	0.89	1.43	18.94	8.66
ENSG00000180269:GPR139	0	0	0.01	0	0	0	0	0	0	0
ENSG00000180287:PLD5	0.14	1.13	0.04	0.04	0.09	0.2	0.03	0.04	0	0
ENSG00000180304:OAZ2	75.22	103.36	87.72	86.45	61.74	64.4	15.71	30.86	56.69	83.43
ENSG00000180316:PNPLA1	0.06	0.02	0.22	0.24	1.44	0.39	0.02	0.01	0.3	0.52
ENSG00000180318:ALX1	0	0	0.04	0.11	0	0	0	0	0.07	0.45
ENSG00000180329:CCDC43	13.26	15.54	29.17	20.89	19.55	17.42	1.05	2.04	17.33	3.82
ENSG00000180332:KCTD4	2.49	1.49	0.14	0.17	0	0	0.14	0.24	0	0
ENSG00000180336:MEIOC	0.29	0.24	0.16	0.02	0.13	0	0.12	0.11	0.03	0
ENSG00000180340:FZD2	0.63	2.8	4.05	7	0.78	0.66	0.63	1.68	1.79	3.45
ENSG00000180353:HCLS1	33.99	55.22	5.96	6.8	12.69	7.42	3.94	6.92	8.32	6.84
ENSG00000180354:MTURN	4.77	7.12	4.64	3.09	23.97	30.62	21.03	43.9	13.75	34.54
ENSG00000180357:ZNF609	10.52	14.46	15.35	11.87	17.75	16.83	1.07	3.6	23.57	2.88
ENSG00000180376:CCDC66	19.08	20.97	10.55	8.16	6.25	6	0.77	1.56	15.47	6.58
ENSG00000180423:HARBI1	3.68	3.9	8.41	12.49	9.79	10.22	1.94	3.69	4.81	6.6
ENSG00000180432:CYP8B1	5.77	8.53	0.1	0.62	0.36	0.42	0.02	0	0.57	0.61
ENSG00000180433:OR6K6	0	0	0	0	0	0	0	0	0	0
ENSG00000180440:SERTM1	0	0.04	0.03	0.08	3.21	1.9	0.01	0.02	0	0
ENSG00000180447:GAS1	1.45	6.64	7.73	6.13	1.09	1	0.62	1.34	22.3	7.22
ENSG00000180448:ARHGAP45	11.06	18.3	6.23	8.28	6.17	4.76	0.61	2	3.59	1.98
ENSG00000180481:GLIPR1L2	3.92	5.75	0	0	0	0	0.01	0	0	0
ENSG00000180488:MIGA1	11.68	12.56	14.89	9.99	1.52	1.02	1.78	2.67	13.72	40.39
ENSG00000180509:KCNE1	0.31	3.2	0.03	0.66	0.17	0	0.23	0.63	0	0.25
ENSG00000180530:NRIP1	7.07	10.41	22.78	10.1	21.17	18.96	2.64	4.03	2.18	1.5
ENSG00000180535:BHLHA15	0.08	0	26.21	9.96	3.16	3.66	0.05	0.07	0.61	0.48
ENSG00000180537:RNF182	0.34	0.78	1.59	1.15	1.11	0.36	1.25	4.39	1.12	0.22
ENSG00000180574:EIF2S3B	0.29	0.83	76.75	59.74	211.31	171.17	16.29	20.42	0	0
ENSG00000180592:SKIDA1	0.81	1.4	1.25	0.89	0.6	0.44	0.12	0.24	1.09	0.18
ENSG00000180611:MB21D2	18.48	13.11	17.15	19.7	5.25	3.24	0.88	1.96	27.64	48.3
ENSG00000180613:GSX2	0	0	0	0	0.06	0.06	0	0	0	0.17
ENSG00000180616:SSTR2	0.17	0.36	0.09	0	0.34	0.24	0.04	0.24	0.3	0.14
ENSG00000180644:PRF1	1.13	1.13	1.52	4.21	0.73	0.71	0.1	0.1	0.09	0
ENSG00000180660:MAB21L1	0	0	0.14	0.06	0.03	0.13	0.25	0.45	0.22	0
ENSG00000180667:YOD1	5.22	6.08	4.61	3.7	4.4	3.35	3.53	2.37	8.39	0.83
ENSG00000180694:TMEM64	10.27	17.47	26.61	18.19	3.84	6.68	1.16	2.07	0.71	0.45
ENSG00000180720:CHRM4	0.03	0.08	0.2	0.12	1.03	0.04	0.02	0.02	1.46	0.34
ENSG00000180730:SHISA2	0	0.03	2.41	1.64	0.83	2.04	0.18	0.6	0.59	0.43
ENSG00000180739:S1PR5	0.29	1.25	0.19	0	1.37	0.96	2.51	5.04	1.09	1.42
ENSG00000180745:CLRN3	0.09	0	0.23	8.05	0	0.34	0	0	0.41	0.66
ENSG00000180758:GPR157	20.43	31.01	9.78	7.6	3.36	4.94	3.61	5.42	10.74	2.29
ENSG00000180767:CHST13	0.1	0.16	13.6	5.42	0	0.04	0.01	0.01	0.23	0.27
ENSG00000180772:AGTR2	0	0	0.01	0.1	0.28	0.17	0.24	0.23	0.42	0
ENSG00000180773:SLC36A4	7.88	9.19	16.72	11.38	10.9	13.57	1.59	3.04	6.15	9.19
ENSG00000180815:MAP3K15	0.06	0.21	2.83	1.12	0.86	0.56	0.04	0.1	0.03	0.03
ENSG00000180817:PPA1	44.43	50.53	26.69	34.62	30.65	35.57	5.03	6.07	30.46	81.1
ENSG00000180828:BHLHE22	0	0	1.79	0.37	0.75	0.52	0.08	0.13	0	0
ENSG00000180834:MAP6D1	0.61	1.34	0.13	0	1.95	2.39	0.08	0.14	0.07	0.07
ENSG00000180878:C11orf42	0.09	0.11	0	0	3.95	3.02	0.19	0.88	0	0
ENSG00000180879:SSR4	255	165.73	267.33	278.98	239.64	228.67	36.87	67.05	232.92	435.94
ENSG00000180881:CAPS2	1.03	2.15	1.94	1.43	0.08	0.3	0.03	0.02	0.84	0.59
ENSG00000180891:CUEDC1	5.96	10.69	18.15	13.71	18.77	11.22	0.86	1.88	1.17	0.96
ENSG00000180900:SCRIB	26.65	35.05	20.16	23.3	51.28	55.99	2.06	9.84	80.69	29.75
ENSG00000180901:KCTD2	14.06	19.97	23.17	24.96	30.87	21.02	1.56	3.84	46.24	5.9
ENSG00000180902:D2HGDH	10.75	25.24	13.44	11.27	11.24	10.71	1.27	4.47	10.78	5.26
ENSG00000180917:CMTR2	19.12	21.53	3.04	1.12	13.78	14.56	1.65	2.58	1.7	0.22
ENSG00000180921:FAM83H	7.39	9.45	14.98	13.95	27.64	23.4	1.66	5.61	17.21	15.55
ENSG00000180929:GPR62	0.02	0.06	0.02	0.04	0.5	0.7	0	0.05	0.44	11.72
ENSG00000180979:LRRC57	12.3	11.69	24.47	23.22	11.76	12.42	2.46	4.46	57.03	37.68
ENSG00000180998:GPR137C	0.33	0.63	1.78	0.77	0.17	0	0.27	0.65	0.07	0.12
ENSG00000181019:NQO1	9.47	5.2	2.5	1.65	10.91	7.49	1.86	3.33	65.24	130.09
ENSG00000181026:AEN	6.98	5.41	22.3	15.82	5.96	3.89	1.72	3.06	2.16	6
ENSG00000181027:FKRP	19.36	29.19	12.81	12.62	8.86	6.9	0.63	2.34	6.73	27.94
ENSG00000181029:TRAPPC5	19.57	21.83	13.38	11.57	45.29	41.25	7.61	17.27	5.41	4.96
ENSG00000181031:RPH3AL	3.71	6.64	0.71	1.73	14.88	11.29	0.33	1.05	10.28	14.98
ENSG00000181035:SLC25A42	1.67	2.47	18.17	7.56	1.14	0.71	0.12	0.35	0.54	0.6
ENSG00000181038:METTL23	8.29	12.53	21.98	18.07	4.82	4.35	2.09	3.08	20.83	64.31
ENSG00000181045:SLC26A11	16.82	22	4.37	6.2	24.39	20.02	5.59	13.36	1.76	3.04
ENSG00000181072:CHRM2	1	2.03	0.31	0.35	0.28	0.08	0.03	0.1	10.07	2.4
ENSG00000181085:MAPK15	0.92	0.69	0.46	0.31	2.17	2.79	0	0.04	6.11	8.27
ENSG00000181090:EHMT1	29.95	66.78	22.05	18.65	34.41	33.47	2.92	10.12	23.3	7.41
ENSG00000181092:ADIPOQ	0.01	0.04	0	0	0.03	0	0	0	0	0
ENSG00000181104:F2R	0.89	1.84	214.79	129.87	17.86	12.84	1	2.75	18.87	4.01
ENSG00000181192:DHTKD1	6.43	5.68	1.2	2.15	22.9	25.32	0.57	1.44	14.17	3.92
ENSG00000181195:PENK	0.4	0.84	7.37	0.78	0.14	0.07	0.14	0.77	0.27	0.2
ENSG00000181220:ZNF746	21.54	27.57	12.59	13.27	22.08	17.56	0.71	1.89	11.02	22.3
ENSG00000181222:POLR2A	32.55	47.17	77.81	41.41	72.22	78.2	4.27	19.67	44.3	26.11
ENSG00000181234:TMEM132C	0.03	0.87	0.6	0.9	0.13	0.26	0.78	3.13	0.95	0.68
ENSG00000181240:SLC25A41	0.11	0	0	0	1.56	1.42	0.03	0.18	0.02	0.2
ENSG00000181264:TLCD5	8.17	14.83	18.33	15.9	1.66	1.09	0.24	0.43	4.27	8.36
ENSG00000181284:TMEM102	2.43	2.83	5.29	9.48	7.43	10.18	0.51	1.08	5.75	10.82
ENSG00000181291:TMEM132E	0.3	0.43	4.46	6.72	0.18	0.21	0.01	0.03	0.19	0.35
ENSG00000181322:NME9	0.85	0.88	1.21	0.84	0.08	0.08	0	0.03	1.81	0.25
ENSG00000181333:HEPHL1	0.23	0.06	0.15	0.22	0.03	0	0.06	0.45	0.19	0.36
ENSG00000181392:SYNE4	4.19	3.92	3.78	17.49	5.2	4.58	5.49	28.92	8.6	35.63
ENSG00000181396:OGFOD3	11.24	15.12	8.6	14.39	5.63	4.24	4.48	9.26	57.22	51.51
ENSG00000181409:AATK	1.51	2.12	1.8	1.42	3.71	5.28	0.01	0.04	0.37	0.51
ENSG00000181444:ZNF467	3.26	6.25	2.99	4.62	1.89	2.27	0.19	0.74	4.91	11.73
ENSG00000181467:RAP2B	4.53	8.03	3.59	3.26	14.2	10.32	3.95	7.59	8.98	5.67
ENSG00000181472:ZBTB2	6.84	9.45	10.88	7.04	4.12	4.34	0.48	1.22	3.63	3.89
ENSG00000181513:ACBD4	10.31	14.85	37.45	36.14	4.1	3.16	0.15	0.87	9.98	12.93
ENSG00000181518:OR8D4	0.04	0.02	0.05	0	0	0	0	0	0	0
ENSG00000181523:SGSH	28.26	33.1	7.84	5.98	25.06	16.72	1.15	2.68	4.98	23.95
ENSG00000181541:MAB21L2	0.04	0.17	0.17	0.71	0.03	0.09	0.42	1.37	15.14	5.75
ENSG00000181544:FANCB	0.83	1.68	0.65	0.37	0.11	0.05	0.25	0.29	0.66	0.88
ENSG00000181555:SETD2	18.86	21.68	56.4	43.9	45.95	40.27	5.44	11.72	13.15	5.66
ENSG00000181588:MEX3D	16.74	27.41	13.15	10.27	99.44	94.09	3.84	10.73	7.54	11.42
ENSG00000181610:MRPS23	12.66	14.03	46.69	50.26	42.04	34.61	1.19	2.43	44.89	76.76
ENSG00000181631:P2RY13	1	3.7	0.31	0.35	3.69	1.57	0.16	0.24	0.08	0.14
ENSG00000181634:TNFSF15	1.86	3.72	0.11	0	1.28	0.46	0.89	2.56	0.19	0.48
ENSG00000181652:ATG9B	154.41	380.53	11.48	19.36	9.76	8.31	0.3	0.7	0.07	0.33
ENSG00000181656:GPR88	0.01	0	0.13	0.02	0	0	0	0	0	0
ENSG00000181690:PLAG1	5.7	4.98	1.79	0.98	0.79	1.72	0.24	0.74	0.61	0.6
ENSG00000181704:YIPF6	50.54	37.14	29.26	21.3	48.93	36.06	5.5	7.41	6.64	7.28
ENSG00000181722:ZBTB20	1.25	1.66	3.69	2.54	2.9	3.11	0.73	3.62	0.06	0.09
ENSG00000181744:DIPK2A	10.8	31.67	13.11	9.63	18.37	22.68	4.91	7.63	8.01	1.7
ENSG00000181751:MACIR	5.24	6.65	4.86	5.42	67.16	71.65	2.75	4.72	17.63	4.41
ENSG00000181754:AMIGO1	2.46	0.76	3.26	2.5	4.32	5.25	0.78	1.82	5.3	1.61
ENSG00000181773:GPR3	0.16	0.08	0.06	0.09	0.15	0.07	0.01	0	0.33	0
ENSG00000181778:TMEM252	0.04	0	2.62	11.39	25.53	12.31	0	0	0	0.16
ENSG00000181781:CIMAP1D	0.16	0.32	0	0	0.17	0	0	0	0	0
ENSG00000181786:ACTL9	1.14	0	0	0	0	0	0	0	0	0
ENSG00000181788:SIAH2	67.32	82.95	13.63	8.8	22.84	15.66	0.78	2.29	19.87	19.93
ENSG00000181789:COPG1	80.15	82.53	64.06	57.19	99.95	92.66	7.9	18.87	83.99	52.26
ENSG00000181790:ADGRB1	2.58	5.27	0.95	0.61	0.01	0.01	0.12	0.71	0.34	0.29
ENSG00000181803:OR6S1	0.05	0	0	0	0	0.1	0	0	0	0
ENSG00000181804:SLC9A9	3.12	10.62	0.59	1.01	23.32	22.75	1.05	2.33	3.4	0.72
ENSG00000181817:LSM10	13.93	16.12	30.28	31.86	38.49	39.39	0.8	1.68	5.81	11.64
ENSG00000181826:RELL1	25.69	19.92	31.38	32.06	58.77	64.2	4.44	5.5	44.04	13.47
ENSG00000181827:RFX7	5.08	6.59	8.81	5.66	5.42	5.6	0.7	1.79	3.7	1.63
ENSG00000181830:SLC35C1	7.04	9.66	19.88	25.61	26.03	7.35	0.99	1.41	3.68	14.86
ENSG00000181847:TIGIT	0.03	0.12	0.29	0.29	0.24	0.08	0.01	0.03	0	0
ENSG00000181852:RNF41	13.55	14.86	33.41	24.94	16.94	12.04	4	8.43	0	0
ENSG00000181856:SLC2A4	0.2	0.6	0.42	0.79	0.26	0.5	0.22	0.91	8.21	6.8
ENSG00000181885:CLDN7	133.1	109.37	40.45	72.14	477.9	468.74	49.74	109.9	128.95	167.22
ENSG00000181904:C5orf24	32.27	43.51	29.08	20.08	13.44	13.13	3.77	7.35	5.56	0.91
ENSG00000181915:ADO	6.54	7.57	7.71	6.59	12.05	7.3	1.58	3.52	3.66	3.24
ENSG00000181924:COA4	30.71	34.8	21.28	23.65	18.68	18.98	0.87	1.91	49.76	33.82
ENSG00000181929:PRKAG1	43	46.79	54.94	44.31	27.31	19.72	1.78	3.72	32.54	58.05
ENSG00000181938:GINS3	6.39	5.26	5.21	3.88	4.27	4.1	0.99	2	2.12	0.56
ENSG00000181982:CCDC149	7.43	15.05	0.94	1.58	3.34	2.83	1.12	1.65	5.41	4.98
ENSG00000181991:MRPS11	20.66	23.7	15.97	11.7	29.46	27.83	4.15	11.38	32.89	87.09
ENSG00000182010:RTKN2	1.03	0.96	0.19	0.71	6.67	0.78	0.33	0.24	0.21	0.02
ENSG00000182022:CHST15	1.15	2.29	9.08	9.26	1.82	3.11	0.25	0.77	3.6	0.4
ENSG00000182040:USH1G	0	0.02	0	0.02	0	0	0.01	0	0.21	0.14
ENSG00000182050:MGAT4C	0.22	0.1	0	0.08	0	0	0	0	0	0
ENSG00000182054:IDH2	58.38	72.24	75.89	84.94	69.05	78.21	11.52	17.42	238.67	157.04
ENSG00000182077:PTCHD3	0	0	0.01	0	0.84	0	0.14	0.35	0.08	0.07
ENSG00000182095:TNRC18	40.35	58.26	73.77	25.4	21.69	23	1.75	11.47	29.54	8.86
ENSG00000182103:FAM181B	0.01	0.13	0.17	0.12	0.39	0.25	0.04	0.04	2.39	30.47
ENSG00000182107:TMEM30B	19.83	20.6	8.44	36.74	25.67	28.14	4.77	12.28	4.56	0.65
ENSG00000182108:DEXI	17.54	24.87	10.79	10.64	15.76	14.32	0.41	0.34	12.45	19.84
ENSG00000182118:FAM89A	39.29	53.72	33.3	31.67	17.59	18.6	0.15	0.58	7.28	10.01
ENSG00000182132:KCNIP1	0	0	0.49	0.26	0	0	0.03	0.11	66.9	165.62
ENSG00000182134:TDRKH	4.76	5.35	2.75	4.12	44.93	47.16	0.22	0.35	1.76	0.82
ENSG00000182149:IST1	109.31	133.96	116.36	99.05	99.17	88.01	12.39	19.29	66.42	29.11
ENSG00000182154:MRPL41	10.34	14.99	20.13	20.35	129.07	120.23	3.24	6.45	25.46	114.15
ENSG00000182156:ENPP7	0	0	20.93	12.97	0	0	0	0	0.04	0
ENSG00000182158:CREB3L2	123.67	129.66	73.7	48.72	37.08	20.28	2.24	6.57	19.34	2.45
ENSG00000182168:UNC5C	0.65	1.22	0.21	0.16	0.05	0.07	0.31	0.4	0.64	0.03
ENSG00000182175:RGMA	2.09	1.44	6.01	3.85	2.67	2.65	0.05	0.33	0.83	2.74
ENSG00000182177:ASB18	0.01	0.03	0.3	0.62	0	0	0.07	0.02	0	0
ENSG00000182179:UBA7	20.6	41.96	14.74	12.56	10.7	9.23	0.5	0.73	2.41	5.09
ENSG00000182185:RAD51B	5.95	6.11	1.72	2.32	2.07	2.74	1.6	2.75	0	0
ENSG00000182196:ARL6IP4	62.4	95.06	27.12	26.72	32.65	49.93	4.02	9.07	102.22	95.63
ENSG00000182197:EXT1	16.76	20.46	43.25	31.88	27.71	21.95	3.21	7.36	12.98	21.57
ENSG00000182208:MOB2	20.17	23.02	38.51	37.6	69.73	63.11	2.4	6.48	11.26	25.09
ENSG00000182223:ZAR1	0.03	0	0.2	0	0.4	0.23	0	0	1.82	1.59
ENSG00000182224:CYB5D1	7.26	7.97	28.16	23.6	3.89	3.31	1.13	2.28	3.18	1.43
ENSG00000182247:UBE2E2	11.25	14.91	20.22	19.56	19.06	20.92	7.63	34.08	89.46	26.13
ENSG00000182255:KCNA4	0.23	0.29	0	0	0	0.01	0	0	0	0
ENSG00000182263:FIGN	4.7	4.52	0.16	0.11	1.49	2.45	0.12	0.34	0.61	0.03
ENSG00000182264:IZUMO1	0.55	0.76	0.57	0.48	0.51	0.32	0.28	0.39	2.03	2.46
ENSG00000182271:TMIGD1	0	0	0.09	0	0	0.22	0.11	0.05	0.09	0.08
ENSG00000182307:C8orf33	14.19	16.18	29.08	26.83	15.19	10.66	2.6	6.05	15.38	15.33
ENSG00000182325:FBXL6	6.87	8.16	30.1	23.72	8.06	7.98	0.61	2.38	13.43	13.37
ENSG00000182329:KIAA2012	0.15	0.22	1.75	1.1	0.02	0.03	0.03	0.07	3.32	1.36
ENSG00000182348:ZNF804B	0	0	0	0	0	0	0	0	0.03	0
ENSG00000182359:KBTBD3	1.15	2.74	1.72	1.07	1.02	0.97	0.73	1.24	0.52	1.01
ENSG00000182362:YBEY	4.3	4.71	1.76	1.7	18.16	12.36	2.05	5.19	4.64	15.36
ENSG00000182372:CLN8	13.39	18.29	30.38	17.58	101.4	67.15	4.47	14.05	3.01	1.95
ENSG00000182379:NXPH4	3.78	2	2.55	1.86	34.77	31.62	0.01	0.02	0	0.04
ENSG00000182389:CACNB4	1.09	0.97	0.18	0.07	0	0	0.01	0.09	0	0
ENSG00000182446:NPLOC4	51.86	74.61	39.04	33.03	45.79	38.49	6.88	26.38	6.04	1.17
ENSG00000182447:OTOL1	0	0	1.17	1.52	0	0	0	0	0.04	0.04
ENSG00000182450:KCNK4	0.11	0.12	2.16	1.46	0	0	0	0	4.03	13.8
ENSG00000182472:CAPN12	0.79	1.25	1.1	1.36	30.42	27.71	0.04	0.18	0.35	0.33
ENSG00000182473:EXOC7	48.46	65.16	21.95	26.38	29.29	28.66	2.47	6.8	42.71	41.63
ENSG00000182489:XKRX	5.44	5.23	0.78	0.22	0.41	0.86	7.81	11.37	0.25	0.47
ENSG00000182504:CEP97	2.78	2.57	2.87	3.74	5.22	5.44	0.78	1.45	2.73	0.99
ENSG00000182508:LHFPL1	0	0	0.03	0	3.24	7.55	0.29	0.38	0.62	1.17
ENSG00000182511:FES	17.69	23.76	8.23	9.23	20.28	21.87	1.12	2.62	9.42	17.29
ENSG00000182512:GLRX5	80.73	89.75	51.5	45.62	197.71	132.9	0.79	2.43	37.37	15.22
ENSG00000182521:TBPL2	0.38	2.72	0	0	2.02	1.68	0	0.23	0	0
ENSG00000182533:CAV3	0	0	0.09	0	0.22	0	0	0	8.17	1.77
ENSG00000182541:LIMK2	106.7	112.33	269.87	215.48	254.69	224.92	7.87	19.64	76.67	116.16
ENSG00000182544:MFSD5	17.47	20.49	51.21	43.16	18.85	15.79	4.6	9	16.33	47.04
ENSG00000182551:ADI1	32.38	37.03	25.04	19.59	145.38	173.73	9.43	23.3	53.73	9.96
ENSG00000182552:RWDD4	16.07	18.41	16.75	9.47	34.23	33.12	2.34	3.37	47.82	32.34
ENSG00000182566:CLEC4G	0.68	0.84	0.04	0	19.13	2.73	0.13	0.09	19.36	22.77
ENSG00000182568:SATB1	1.02	3.8	2.09	2.56	3.99	3.85	0.08	0.21	5.41	3.4
ENSG00000182575:NXPH3	0.82	2.02	1.55	1.27	4.62	3.95	0.11	0.48	0	0.12
ENSG00000182578:CSF1R	75.83	160.16	520.25	285.39	332.02	160.05	2.7	7.66	1.44	2.19
ENSG00000182580:EPHB3	3.85	5.69	7.31	4.98	1.93	1.55	1.28	3.74	9.53	11.03
ENSG00000182585:EPGN	0.16	0.29	0.07	0	0.49	1.44	0.12	0.21	0.17	0.33
ENSG00000182600:SNORC	0.17	0.95	0	0	0	0	0	0.07	0.96	3.37
ENSG00000182606:TRAK1	20.97	29.71	38.44	27.79	30.96	23.33	8.31	14.79	30.17	9.41
ENSG00000182612:TSPAN10	2.61	3.8	0.03	0	0	0	0.11	0.47	0	0
ENSG00000182621:PLCB1	14.48	17.99	0.44	0.52	0.62	0.57	0.73	2.29	6.38	0.39
ENSG00000182645:CCDC172	0	0	0.1	0.32	0	0	0.07	0.19	0	0
ENSG00000182667:NTM	0.31	1.15	0.37	0.66	8.6	1.75	0.05	0.11	4.13	2.83
ENSG00000182670:TTC3	30.8	31.82	26.13	14.71	12.49	13.12	4	6.58	10.73	1.42
ENSG00000182676:PPP1R27	0.14	0.42	0.29	0.36	0	0.08	1.22	3.86	0	0
ENSG00000182685:BRICD5	2.49	5.94	0	0	0.38	0.34	0	0	0.1	0.09
ENSG00000182704:TSKU	18.52	19.29	11.83	8.96	4.56	3.95	0.42	1.78	9.08	11.58
ENSG00000182712:CMC4	7.36	10	5.26	3.49	10.84	9.93	0.77	1.11	61.38	57.21
ENSG00000182718:ANXA2	386.64	512.02	726.65	661.49	942.38	863.96	132.88	146.27	1134.07	687.4
ENSG00000182732:RGS6	1.72	1.28	0.39	0.27	0.5	0.58	0.15	0.19	0.24	0
ENSG00000182742:HOXB4	1.85	2.37	2.06	1.14	0.83	1.54	0.19	0.59	2.21	10.92
ENSG00000182747:SLC35D3	0	0	0.09	0	0.12	0.72	0.03	0.03	0.41	0.81
ENSG00000182749:PAQR7	89.26	101.89	6.34	17.33	2.92	1.77	0.34	0.78	1.15	7.35
ENSG00000182752:PAPPA	1801.63	1097.13	0.37	0.16	0.06	0.1	0.38	1.36	4.95	0.12
ENSG00000182759:MAFA	0.44	1.14	0.4	0.35	0	0.09	0.02	0.18	0.67	1.77
ENSG00000182771:GRID1	0.92	1.34	0.53	0	0.09	0.06	0.01	0.05	0.06	0
ENSG00000182791:CCDC87	0.08	0.02	0.17	0.12	0.23	0.34	0.01	0.01	0.06	0.05
ENSG00000182795:C1orf116	0.06	0.18	13.31	32.06	6.07	4.52	1.24	2.39	7.6	11.71
ENSG00000182809:CRIP2	113.6	180.47	345.33	250.47	51.69	61.77	11.73	31.78	58.99	177.6
ENSG00000182810:DDX28	13.47	10.82	7.65	5.8	5.54	4.56	0.8	1.5	6.59	10.09
ENSG00000182827:ACBD3	42.96	49	46.93	31.42	39.94	31.2	6.51	12.09	47.2	5.92
ENSG00000182831:HAPSTR1	23.67	24.83	89.33	50.32	37.41	33.58	7.13	14.28	245.91	58.35
ENSG00000182836:PLCXD3	0.02	0.16	0.03	0	0.04	0	0.29	0.15	0	0
ENSG00000182853:VMO1	0.25	0.68	0.34	1.01	0.25	0.3	0.38	1.66	0.07	0
ENSG00000182858:ALG12	12.9	15.54	11.69	13.59	30.98	30.63	1.12	3.57	9	7.77
ENSG00000182866:LCK	0.44	0.59	0.57	0.04	0.96	0.97	0.03	0.09	0.05	0.32
ENSG00000182870:GALNT9	0.04	0.06	0.19	0.42	0.08	0	0.08	0.08	0	0
ENSG00000182872:RBM10	23.77	30.59	16.56	13.97	54.22	52.77	4.96	14.76	54.33	43.39
ENSG00000182885:ADGRG3	0.66	1.6	36.22	19.33	0.06	0	0.03	0.06	0	0.4
ENSG00000182896:TMEM95	0	0	0.76	0.57	0.3	0.25	0.05	0.11	4.63	4.67
ENSG00000182901:RGS7	0	0	0.08	0.23	3.86	1.95	0.1	0.18	0	0.12
ENSG00000182923:CEP63	13.27	16.52	22.34	20.85	7.32	5.14	2.6	3.81	16.15	3.04
ENSG00000182934:SRPRA	66.58	76.52	89.02	83.33	81.39	62.6	12.73	25.81	147.81	45.53
ENSG00000182938:OTOP3	0	0	0	0	0.06	0.15	0	0	0	0
ENSG00000182944:EWSR1	195.86	246.91	203.07	158.9	222.36	187.58	17.5	34.41	0.54	0.19
ENSG00000182950:CIMAP1C	0.09	0.11	0.24	0	0.08	0.08	0	0	0.06	0
ENSG00000182963:GJC1	14.45	16.54	10.42	4.87	7.82	9.62	4.09	7.06	34.09	14.81
ENSG00000182973:CNOT10	15.57	18.47	19.19	17.31	18.18	16.42	4.23	6.3	35.75	38.57
ENSG00000182979:MTA1	46.94	63.02	27.43	23.29	56.02	50.87	1.86	9.03	13.37	5.29
ENSG00000182985:CADM1	40.07	40.71	10.92	5.99	81.14	78.57	6.15	15.73	49.63	18.49
ENSG00000183010:PYCR1	1.11	4.49	2.91	2.81	13.41	11.22	1.12	3.26	4.31	9.68
ENSG00000183011:NAA38	21.09	24.05	51.79	63.49	23.3	26.65	2.33	6.69	46.06	104.02
ENSG00000183018:SPNS2	10.72	9.63	26.21	48.73	7.61	4.63	1.92	5.03	3.76	15.43
ENSG00000183020:AP2A2	58.09	97.9	83.56	76.37	99.19	94.67	4.94	14.67	24.11	14.81
ENSG00000183032:SLC25A21	0.18	0.34	1.2	0.8	0.31	0.34	0.57	0.95	0.11	0.2
ENSG00000183034:OTOP2	0	0	0	0	0	0	0.01	0.01	0	0
ENSG00000183036:PCP4	2.52	4.04	0.2	1.49	1.98	0.65	0	0	2.41	0
ENSG00000183044:ABAT	7.16	13.5	2.29	9.84	1.55	1.16	1.83	4.37	6.06	4.18
ENSG00000183049:CAMK1D	1	2.17	5.26	3.61	0.98	0.79	1.28	6.18	23.37	2.15
ENSG00000183060:LYSMD4	2.34	3.28	14.39	10.03	3.8	3.76	1.76	2.95	1.91	0.82
ENSG00000183066:WBP2NL	1.91	1.7	0	0	0	0	0	0.03	0.52	0.4
ENSG00000183072:NKX2-5	0.1	0.11	0	0	0	0	0	0	0	0
ENSG00000183087:GAS6	24.56	46.09	24.61	39.95	53.35	53.58	0.34	0.51	16.24	18.56
ENSG00000183091:NEB	5.51	6.64	1.13	1.61	2.77	4.26	0.01	0.03	0.01	0
ENSG00000183092:BEGAIN	1.02	2.48	0.45	0.44	1.5	2.25	0	0.02	0.42	0.28
ENSG00000183098:GPC6	0.15	0.36	2.32	19.55	0.07	0.06	0.27	2.22	5.22	4.33
ENSG00000183111:ARHGEF37	14.96	21.58	24.71	15.72	16.07	18.84	0.45	1.66	1.94	0.63
ENSG00000183114:FAM43B	0.02	0.02	0.02	0	0	0.1	0.01	0.03	0.66	1.07
ENSG00000183117:CSMD1	0.8	1.21	0.25	0.2	0.11	0.02	0	0	0.01	0
ENSG00000183128:CALHM3	1.07	0.25	0	0	0.45	0.37	0	0	0	0.16
ENSG00000183134:PTGDR2	0.41	0.24	7.71	3.85	0.27	0.12	0.11	0.31	0.32	2.97
ENSG00000183137:CEP57L1	9.38	11.04	7.51	8	2.36	1.91	0.19	0.67	14.62	8.49
ENSG00000183161:FANCF	2.54	2.73	1.29	1.16	6.78	3.65	2.32	5.53	7.48	8.01
ENSG00000183185:GABRR3	0	0	0.03	0	0	0.09	0	0	0	0
ENSG00000183186:C2CD4C	0.12	0.26	0.42	1.2	0.02	0.12	0	0.02	0.06	0
ENSG00000183207:RUVBL2	18.96	21.53	20.33	18.7	42.13	38.45	5.23	11.02	32.74	57.43
ENSG00000183208:GDPGP1	0.41	1.61	2.35	1.85	18.87	9.97	0.64	0.98	6.09	10.93
ENSG00000183258:DDX41	21.08	30.44	27.08	24.78	46.61	46.32	2.39	6.41	24.39	11.95
ENSG00000183260:ABHD16B	0	0	0.11	0.05	2.35	2	0.03	0.08	0	0
ENSG00000183287:CCBE1	0.07	0.15	31.87	11.45	10.22	4.66	0.21	0.38	1.98	0.12
ENSG00000183291:SELENOF	174.58	167.49	238.35	261.38	173.42	162.06	20.07	39.88	43.28	27.11
ENSG00000183309:ZNF623	7.63	9.78	6.89	10.56	7.04	6.01	0.61	1.56	2	2.89
ENSG00000183323:CCDC125	9.24	10.66	0.68	0.76	6.96	7.71	0.64	1.21	14.95	3.09
ENSG00000183324:REC114	0	0.14	5.61	6.34	39.34	35.88	0	0	0.4	0.53
ENSG00000183340:JRKL	9.26	13.48	6.32	3.43	7.01	7.56	1.09	1.77	5.22	1.34
ENSG00000183354:BRD10	20.16	25.88	15.15	6.97	8.23	8.42	2.51	4.79	4.39	2.14
ENSG00000183378:OVCH2	1.25	3.13	0	0	0	0	0	0	0.05	0.09
ENSG00000183379:SYNDIG1L	0.04	0.12	0.86	0.42	1.73	1.91	0	0	0.05	0
ENSG00000183386:FHL3	4.12	5.95	15.31	9.66	15.63	12.47	1.21	3.14	4.09	13.84
ENSG00000183395:PMCH	0.42	0.25	0.37	0.23	0.28	0	0	0	2.08	0.68
ENSG00000183396:TMEM89	0	0	0	0	0	0	0	0.14	0.11	0
ENSG00000183397:TEKTIP1	4.72	4.23	0.88	1.25	3.34	4.13	0.05	0.13	3.54	9.08
ENSG00000183401:CCDC159	12.09	19.08	1.3	0.49	1.29	0.87	0.36	0.66	4.1	7.38
ENSG00000183421:RIPK4	2.07	2.76	13.96	17.26	35.25	31.14	4.52	16.88	12.28	14.14
ENSG00000183423:LRIT3	0.09	0.18	0.07	0	0.12	0.08	0.06	0.06	0.02	0.06
ENSG00000183454:GRIN2A	0	0	0.02	0	0.05	0	0.01	0.02	0	0
ENSG00000183463:URAD	0	0	1.27	9.85	2.42	3.26	1.51	2.98	29.72	78.67
ENSG00000183475:ASB7	4.17	5.26	8.58	4.91	10.02	8.4	1.06	1.45	1.91	0.75
ENSG00000183495:EP400	18.17	24.85	29.15	22.56	12.49	12.06	1.26	5.21	5.01	0.79
ENSG00000183496:MEX3B	0.95	3.89	4.58	3.15	4.76	3.6	0.09	0.34	0.84	0.72
ENSG00000183508:TENT5C	0.69	1.48	25.85	22.21	10.46	12.18	1.18	2.29	4.55	0.15
ENSG00000183513:COA5	16.29	20.5	39.67	27.82	8.87	7.06	4.38	8.17	95.43	114.84
ENSG00000183520:UTP11	24.63	27.98	22.04	20.92	19.72	17.72	8.39	12.86	7.59	14.37
ENSG00000183527:PSMG1	21.36	20.88	12.44	10.88	51.55	60.97	6.86	12	90.63	95.6
ENSG00000183530:PRR14L	17.7	21.14	12.83	10.35	26.35	23.41	1.83	4.38	12.85	1.36
ENSG00000183549:ACSM5	0.63	2.25	0	0	0.98	0.37	0.09	0.93	0.2	0.62
ENSG00000183559:C10orf120	0	0	0	0	0	0.16	0	0	0	0.14
ENSG00000183560:IZUMO1R	0	0	0.27	0.59	0	0	0	0	0	0
ENSG00000183571:PGPEP1L	0.03	0.12	4.15	4.11	0	0	0.01	0.01	0.21	0.07
ENSG00000183576:SETD3	31.86	43.45	60.28	57.77	42.84	41.41	5.22	9.64	16.2	7.38
ENSG00000183578:TNFAIP8L3	0.68	0.59	0.25	0.8	0.4	0.72	0.86	1.31	0.15	0.33
ENSG00000183579:ZNRF3	4.9	5.91	2.43	1.69	1.84	1.25	3.63	11.44	3.19	4.1
ENSG00000183580:FBXL7	2.5	5.54	1.46	1.8	3.99	2.52	1.42	3.17	0.4	0.27
ENSG00000183597:TANGO2	15.3	20.75	28.1	43.78	21.87	20.66	4.96	15.41	6.38	3.31
ENSG00000183607:GKN2	0	0	99.87	120.13	0	0	0	0	0	0
ENSG00000183615:FAM167B	1.8	2.26	2.66	4.51	3.06	7.59	2.28	4.75	3.15	12.33
ENSG00000183617:MRPL54	26.13	22	58.07	73.71	36.21	33.61	4.15	9.24	8.61	14.95
ENSG00000183621:ZNF438	2.25	4.13	2.5	1.59	7.52	3.25	0.28	0.66	1.69	0.63
ENSG00000183624:HMCES	17.11	16.89	37.09	33.89	19.76	12.62	2.58	4.35	13.44	13.93
ENSG00000183625:CCR3	0.54	2.39	0.1	0.07	0.15	0	0.16	0.25	0	0
ENSG00000183640:KRTAP8-1	0	0	0	0	0	0	0	0	0	0
ENSG00000183644:HOATZ	0.32	0.18	0.05	0	0.13	0	0.02	0.06	2.39	5.77
ENSG00000183648:NDUFB1	62.36	88.22	65.47	73.51	213.48	217.65	90.4	150.77	56.26	172.08
ENSG00000183654:MARCHF11	0.1	0	0.04	0	0	0	0	0	0	0
ENSG00000183655:KLHL25	0.57	0.45	19.14	12.75	5.35	2.19	0.18	0.46	0.3	0.2
ENSG00000183671:CMKLR2	5.18	8.32	21.46	16.79	1.72	1.4	0.36	0.23	0.07	0.13
ENSG00000183688:RFLNB	10.35	26.35	107.54	61.89	96.15	61.2	3.48	9.04	13.97	1.23
ENSG00000183690:EFHC2	0.04	0.14	0.16	0.12	0.43	0.39	0.03	0.02	0.94	1.36
ENSG00000183691:NOG	0.38	5.5	2.49	1.84	0.76	0.54	0.11	0.18	0.24	0
ENSG00000183696:UPP1	51.76	47.02	37.9	19.67	3.53	6.68	1.15	1.88	47.89	214.1
ENSG00000183715:OPCML	0	0	0.24	0.03	0	0	0	0	0.16	0
ENSG00000183722:LHFPL6	55.47	71.4	27.87	31.15	24.08	28	15.22	34.75	12.27	12.8
ENSG00000183723:CMTM4	4.23	6.14	76.96	33.91	13.99	15.21	1.27	2.97	6.27	0.39
ENSG00000183726:TMEM50A	96.24	99.94	104.9	108.54	177.51	184.73	36.14	50.99	17.84	49.38
ENSG00000183733:FIGLA	0	0	0	0	0	0.24	0	0	0.14	0.66
ENSG00000183741:CBX6	4.57	7.57	9	9.56	6.93	4.61	0.47	1.35	3.3	2.09
ENSG00000183742:MACC1	0.51	1.08	0.64	0.33	3.28	3.18	2.07	2.92	0.5	1.34
ENSG00000183751:TBL3	13.34	13.43	13.76	12.65	20.58	16.94	2.48	8.25	9.9	23.45
ENSG00000183760:ACP7	0.06	0.18	40.9	15.95	0.03	0.03	0.25	1.03	2.58	2.31
ENSG00000183762:KREMEN1	4.81	5.37	76.72	50.34	64.58	35.72	9.24	25.43	10.06	12.37
ENSG00000183763:TRAIP	1.66	2.5	1.45	1.68	1.18	1.13	0.12	0.17	3.53	2.58
ENSG00000183765:CHEK2	5.54	7.68	4.4	2.77	6.66	6.04	0.38	0.58	6.03	4.78
ENSG00000183773:AIFM3	0.57	1.49	14.9	13.93	1.49	1.44	0.01	0.05	28.48	14.63
ENSG00000183775:KCTD16	0.01	0.01	0	0	0	0	0.05	0.09	0	0.06
ENSG00000183778:B3GALT5	0.43	0.25	9.13	7.17	12.55	13.81	0	0	2.32	1.25
ENSG00000183779:ZNF703	35.85	63.41	24.66	19.47	7.25	8.85	0.59	2.17	2.14	8.46
ENSG00000183780:SLC35F3	0	0.04	4.45	1.79	0	0	0	0.01	0.08	0
ENSG00000183783:KCTD8	0	0	0	0	0	0	0.08	0.27	0.08	0.19
ENSG00000183785:TUBA8	0.37	0.83	2.77	2.26	0.61	0.65	0.06	0.61	2.92	2.34
ENSG00000183798:EMILIN3	0.01	0	0.74	0.44	0.99	0.64	0.14	0.36	0.06	0
ENSG00000183801:OLFML1	3.59	5.12	0.73	5.16	13.65	16.76	0.04	0.18	2.41	2.31
ENSG00000183813:CCR4	0.18	0.27	1.13	0.48	2.88	2.57	0.07	0.09	0	0.14
ENSG00000183814:LIN9	2.86	2.99	12.01	6.29	8.74	8.41	1.24	1.81	3.3	0.71
ENSG00000183826:BTBD9	3.48	3.24	16.2	11.72	9.86	10.18	2.18	4.2	9.16	3.39
ENSG00000183831:ANKRD45	0.09	0.14	0.27	0.17	2.04	0.53	2.85	4.29	2.15	0.77
ENSG00000183833:CFAP91	0.27	0.37	1.81	2.74	0.75	0.63	0.08	0.11	3.34	1.48
ENSG00000183844:FAM3B	22.2	19.17	0.46	0.26	2.36	1.6	0.5	1.24	55.97	28.3
ENSG00000183853:KIRREL1	9.5	18.08	25.04	12.7	9.17	3.94	1.32	4.56	12.11	0.89
ENSG00000183856:IQGAP3	3.35	3.47	5.7	3.15	11.39	8.22	0.07	0.15	9.23	0.48
ENSG00000183862:CNGA2	0	0	0.13	1.98	0.02	0	0.01	0	1.73	2.16
ENSG00000183864:TOB2	14.04	18.53	33.27	17.37	49.35	27.9	3.38	11.08	10.2	24.35
ENSG00000183873:SCN5A	0.12	0.2	2.38	2.07	0.03	0.13	0.02	0.07	0.44	0.07
ENSG00000183876:ARSI	4.92	3.81	1.05	1.35	1.64	2.14	0.08	0.23	0.58	0.39
ENSG00000183891:TTC32	4.42	13.41	3.72	5.15	7.78	5.94	0.69	0.98	30.99	66.22
ENSG00000183908:LRRC55	0.65	0.94	0.18	0.14	0.31	0.34	0.04	0.01	0	0
ENSG00000183914:DNAH2	2.26	3.93	0.09	0.18	4.85	4.32	0.01	0.02	0.42	0.42
ENSG00000183921:SDR42E2	0.02	0	0.08	0	0.11	0.21	0.03	0.04	0.2	0.09
ENSG00000183960:KCNH8	0.04	0.11	0	0	0	0.11	0	0	0.02	0
ENSG00000183977:PP2D1	0.78	0.59	0.14	0.3	0.63	0.66	0	0	0.73	1.11
ENSG00000183978:COA3	23.39	27.34	41.58	53.72	144.28	127.07	2.91	7.34	35.48	120.08
ENSG00000183979:NPB	5.38	4.1	5.32	5.02	1.14	0.8	0.04	0.24	11.22	26.61
ENSG00000184005:ST6GALNAC3	0.49	1.5	7	11.43	12.31	14.02	1.49	2.13	0	0
ENSG00000184007:PTP4A2	122.2	146.48	138.77	98.05	230.6	160.75	22.89	31.16	90.68	24.27
ENSG00000184009:ACTG1	575.33	604.9	1789.6	1684.51	3117.71	3101.2	139.49	439.52	2141.37	2892.97
ENSG00000184012:TMPRSS2	0.13	0.99	24.76	58.42	31.88	27.78	16.38	38.27	60.35	35.49
ENSG00000184014:DENND5A	32.65	40.86	45.61	44.18	26.76	21.76	5.14	14.9	11.31	8.66
ENSG00000184047:DIABLO	43.2	46.74	31.81	25.45	48.51	44.14	5.06	8.1	7.55	18.47
ENSG00000184056:VPS33B	6.65	8.13	12.29	10.96	20.21	21.03	4.68	10.8	29.16	27.83
ENSG00000184058:TBX1	0.03	0.06	0.15	0.37	0.08	0	0.1	0.7	0.07	0.12
ENSG00000184060:ADAP2	9.92	21.45	15.86	11.28	13.56	8.27	1	1.86	10.88	13.05
ENSG00000184113:CLDN5	8.61	18.51	23.54	22.69	5.05	5.66	4.61	9.31	27.53	21.92
ENSG00000184117:NIPSNAP1	13.02	14.16	1.39	3.96	51.28	51.3	0.38	0.65	60.43	68.1
ENSG00000184144:CNTN2	0.3	0.39	1.69	0.2	0.54	0.07	0.01	0.01	0.09	0.06
ENSG00000184156:KCNQ3	0.04	0.19	0.01	0.08	0	0	0	0.01	0	0
ENSG00000184160:ADRA2C	1.89	2.99	0.09	0.02	0.16	0.13	0.11	0.9	156.31	239.94
ENSG00000184162:NR2C2AP	3.75	3.44	12.44	14.99	16.07	14.87	1.91	3.75	1.75	4.4
ENSG00000184164:CRELD2	13.54	13.09	84.67	87.71	48.91	65.7	8.74	26.8	156.78	66.08
ENSG00000184166:OR1D2	0.12	0.12	0.03	0	0	0	0	0	0	0
ENSG00000184194:GPR173	0.63	1.72	1.74	1.63	0.85	0.97	0.5	1.33	0.37	2.49
ENSG00000184207:PGP	4.37	6.74	13.39	11.96	24.69	17.32	1.63	4.88	14.73	10.99
ENSG00000184209:SNRNP35	17.83	29.87	14.1	13.26	10.91	12.99	1.26	2.32	14.82	12.56
ENSG00000184210:DGAT2L6	0	0	0.04	0	0.27	0.32	0.02	0	0.35	0.86
ENSG00000184216:IRAK1	10.47	18.26	49.61	36.79	26.5	19.36	1.28	4.58	4.41	3.92
ENSG00000184220:CMSS1	6.13	5.35	7.17	5.69	5.29	7.23	1.3	1.77	1.68	5.23
ENSG00000184232:OAF	2.28	3.37	80.13	66.17	13.46	18.52	1.05	1.69	8.19	35.02
ENSG00000184254:ALDH1A3	16.14	7.45	12.34	16.91	0.28	0.64	5.13	10.65	74.8	3.48
ENSG00000184261:KCNK12	0.02	0.12	1.13	0.57	0.05	0	0	0.01	0	0.53
ENSG00000184271:POU6F1	2.72	3.39	8.9	5.72	1.37	0.96	0.08	0.15	0.26	0.2
ENSG00000184277:TM2D3	30.78	37.27	25.65	35.65	28.53	30.49	3.96	6.64	4.9	16.71
ENSG00000184292:TACSTD2	19.64	23.97	13.63	7.88	242.6	230.76	86.97	183.62	743.31	271.44
ENSG00000184302:SIX6	0	0	0	0	0	0	0.01	0.01	0	0
ENSG00000184304:PRKD1	0.62	2.29	2.05	1.28	4.94	3.97	0.87	2.44	1.28	0.78
ENSG00000184307:ZDHHC23	1.1	1.44	2.86	1.87	10.11	8.71	0.87	1.95	8.74	1.02
ENSG00000184313:MROH7	0.14	0.29	0.46	0.4	0	0	0	0	0.09	0
ENSG00000184347:SLIT3	6.14	10.09	19.36	14.86	3.7	3.34	0.25	1.58	14.65	5.6
ENSG00000184349:EFNA5	1.6	3.57	2.03	1.91	35.81	41.97	0.42	1.03	1.11	0.27
ENSG00000184368:MAP7D2	10.08	9.7	3.88	5.11	0.07	0.07	0.05	0.13	7.31	1.35
ENSG00000184371:CSF1	9.71	24.53	60.24	33.24	51.5	47.34	1.18	3.89	0.69	3.64
ENSG00000184374:COLEC10	5.29	5.2	0.1	0.89	1.38	1.65	2.94	8.72	23.51	18.69
ENSG00000184378:ACTRT3	1	1.14	0.17	0.12	3.8	2.35	0.12	0.27	0.3	0.26
ENSG00000184381:PLA2G6	35.48	51.24	34.25	31.77	6.77	5.73	0.53	1.82	2.15	7.13
ENSG00000184384:MAML2	8.76	12.88	6.66	3.5	13.5	13.33	0.71	1.66	3.41	0.85
ENSG00000184402:SS18L1	9.49	13.99	5.3	3.67	6.1	4.34	0.63	1.58	1.48	0.95
ENSG00000184408:KCND2	0.24	0.06	0.05	0	0.28	0	0.01	0.01	0	0
ENSG00000184432:COPB2	90.38	94.11	139.97	109.65	76.09	69.39	14.89	23.87	49	43.44
ENSG00000184436:THAP7	12.98	16.59	27.56	24.46	34.94	31.93	1.28	3.48	8.07	46.92
ENSG00000184445:KNTC1	10.99	14.91	0.61	0.29	2.97	2.59	0.11	0.08	0.72	0.17
ENSG00000184451:CCR10	1.12	1.98	0.03	0	1.35	1.01	0.05	0.47	2.39	0.14
ENSG00000184459:BPIFC	0	0	0.66	0.12	0	0.03	0.01	0.02	1.3	0.49
ENSG00000184465:WDR27	6.75	19.77	3.01	4.28	1.19	1.04	0.02	0.03	0.35	0.68
ENSG00000184470:TXNRD2	12.19	17.24	15.02	10.29	10.93	10.93	0.69	2.26	17.9	16.97
ENSG00000184481:FOXO4	171.17	225.96	793.61	824.32	658.81	789.05	103.2	287.53	13.86	38.12
ENSG00000184486:POU3F2	0.02	0	0	0	0	0	0.01	0.09	0	0
ENSG00000184489:PTP4A3	9.8	10.59	61.01	44.81	6.07	9.81	0.85	6.69	7.57	27.57
ENSG00000184497:TMEM255B	0.64	0.68	0.15	0	0	0	0	0.02	0.87	0.12
ENSG00000184500:PROS1	4.71	16.57	163.31	108.9	149.15	149.05	17.36	34.71	7.79	7.69
ENSG00000184502:GAST	1.76	0.89	0	0	0	0	0	0	0	0
ENSG00000184530:C6orf58	0	0.56	0	0	124.74	128.6	0	0	0.22	0.25
ENSG00000184544:DHRS7C	0.38	0.07	0	0.23	0	0	0	0	30.84	0.63
ENSG00000184545:DUSP8	7.7	5.44	13.88	7.14	21.11	15.61	0.58	3.28	0.89	5.91
ENSG00000184557:SOCS3	9.6	18.7	22.4	22.98	26.22	27.63	9.91	42.78	7.85	33.91
ENSG00000184564:SLITRK6	0.42	0.69	0.02	0	0.2	0.06	0.03	0.08	0.71	0.35
ENSG00000184574:LPAR5	1.26	4.89	1.09	0.57	0.28	0.15	0.07	0.11	0.44	0.96
ENSG00000184584:STING1	16.67	27.74	10.52	11.62	7.06	4.48	0.63	1.61	6.23	11.53
ENSG00000184588:PDE4B	2.84	7.54	10.43	12.55	7.11	7.04	3.41	8.63	4.49	4.27
ENSG00000184599:TAFA3	0	0.06	0.13	0.13	0.71	0.57	0.04	0.08	0.03	0.43
ENSG00000184611:KCNH7	0.44	0.28	0.25	0.18	0.15	0.04	0.04	0.01	0.25	0
ENSG00000184613:NELL2	0.59	0.4	0	0.15	0	0.05	0.09	0.82	0	0
ENSG00000184640:SEPTIN9	54.59	66.18	223.58	106.29	59.34	47.84	1.99	5.27	50.52	8.95
ENSG00000184661:CDCA2	1.22	1.03	0.79	0.73	9.21	6.46	0.11	0.26	4.91	0.58
ENSG00000184672:RALYL	1.24	1.38	0.03	0.06	8.89	8.88	0.06	0.08	0.15	0
ENSG00000184675:AMER1	0.55	0.76	3.05	1.78	1.65	1.96	0.51	1.33	2.61	0.77
ENSG00000184677:ZBTB40	5.38	10.04	5.24	3.83	13.28	12.3	1.42	4.47	4.28	2.04
ENSG00000184697:CLDN6	0.77	0.45	11	31.85	3.08	10.83	0.94	2.3	8.24	17.18
ENSG00000184698:OR51M1	0.24	0.24	0	0	0	0	0	0	0	0
ENSG00000184709:LRRC26	0	0	0	0	4.43	4.29	0.05	0.32	0	0.41
ENSG00000184716:SERINC4	1.32	1.37	0.82	0	1.52	1.19	0.3	0.48	1.36	3.06
ENSG00000184719:RNLS	0.47	0.99	1.17	1.02	3.66	4.99	0.67	1.17	1.26	4.41
ENSG00000184731:FAM110C	0.04	0	1.72	1.6	5.79	3.5	1.32	1.83	59.1	36.34
ENSG00000184743:ATL3	9.36	14.78	42.1	32.92	48.56	38.48	8.63	17.75	46.23	27.01
ENSG00000184787:UBE2G2	48.8	60.54	80.45	77.65	45.39	48.12	1.82	4.06	31.59	45.25
ENSG00000184792:OSBP2	1.32	2.84	9.06	4.77	1.35	0.52	0.03	0.25	1.17	1.25
ENSG00000184811:TRARG1	0.01	0.02	2.35	2.06	0.13	0.25	0	0.05	0	0
ENSG00000184828:ZBTB7C	2.54	5.12	9.66	6.25	1.28	1.37	0.04	0.1	1.31	0.54
ENSG00000184831:APOO	6.34	5.35	26.31	21.91	16.64	13.96	2.69	3.96	52.06	102.01
ENSG00000184838:PRR16	3.14	5.61	0.06	0	15.49	10.84	0.01	0.02	0.7	0.57
ENSG00000184840:TMED9	137.23	121.46	154.07	164.07	310.9	287.86	59.72	98.25	628.4	130.24
ENSG00000184845:DRD1	0.03	0.33	0.03	0.07	0.22	0	0.02	0	0.42	0.11
ENSG00000184857:TMEM186	4.38	5.07	7.86	7.01	10.92	8.72	0.22	0.67	5.28	8.91
ENSG00000184860:SDR42E1	0.52	2.5	38.43	27.05	3.72	2.48	0.25	0.33	1.55	0.64
ENSG00000184887:BTBD6	6.49	9.01	4.8	8.09	55.66	44.97	2.53	8.76	3.94	5.09
ENSG00000184897:H1-10	30.85	39.91	1.36	2.73	96.05	74.57	2.8	19.07	92.23	146.35
ENSG00000184900:SUMO3	47.65	52.31	103.83	87.37	0	0	6.91	20.93	24.43	71.67
ENSG00000184903:IMMP2L	6.87	8.16	1.35	3.48	7.02	9.72	4.36	6.23	71.82	15.85
ENSG00000184916:JAG2	6.79	5.53	15.61	12.26	21.4	27.91	0.61	2.21	7.73	6.05
ENSG00000184922:FMNL1	31.27	40.31	2.1	3.47	78.08	60.59	0.18	0.59	0.73	0.76
ENSG00000184924:PTRHD1	11.46	16.08	2.22	2.75	2.43	3.68	0.36	0.54	20.62	31.35
ENSG00000184933:OR6A2	0	0	0.02	0	0	0	0.03	0	0	0
ENSG00000184937:WT1	0.09	0.37	34.1	27.23	48.01	30.53	0.02	0	1.05	2.45
ENSG00000184949:FAM227A	0.25	0.21	2.04	1.93	0.15	0.04	0	0	1.19	0.43
ENSG00000184967:NOC4L	6.1	7.44	9.84	8.91	8.18	5.84	1	2.18	3.2	10.79
ENSG00000184979:USP18	2.27	2.06	34.94	56.69	10.25	6.31	0.75	0.61	2.88	1.95
ENSG00000184983:NDUFA6	79.06	63.27	85.39	129.39	111.82	100.03	3.12	7.49	125.22	257.58
ENSG00000184984:CHRM5	0.63	0.86	0	0	0.05	0.12	0.06	0.32	0	0
ENSG00000184986:TMEM121	0.5	0.48	0.15	0.26	2.69	5.11	0.12	0.3	0.08	0.11
ENSG00000184988:TMEM106A	32.97	23.4	41.41	46.63	6.74	4.72	0.48	1.22	3.86	10.55
ENSG00000184990:SIVA1	16.91	25.25	41.61	42.94	113.64	111.44	2.11	4.97	45.11	52.44
ENSG00000185000:DGAT1	22.94	23	67.58	44.96	30.9	34.54	0.39	1.48	14.73	20.15
ENSG00000185002:RFX6	0.95	0.7	0	0	0	0.09	0.06	0.15	0.18	0.04
ENSG00000185008:ROBO2	1.76	2.7	1.6	1.19	0.24	0.05	0.86	1.89	7.76	1.99
ENSG00000185009:AP3M1	26.74	28.69	37.99	32.56	38.39	38.37	10.05	17.05	41.27	17.29
ENSG00000185010:F8	1.17	1.63	0.68	0.65	1.28	1.48	7.92	21.44	0.74	1.15
ENSG00000185013:NT5C1B	0.2	0.06	0.07	0.13	0	0	0.01	0	0.1	0
ENSG00000185015:CA13	0.17	0.1	1.69	4.9	4.14	2.47	0.48	0.66	0.76	0.95
ENSG00000185019:UBOX5	4.28	4.21	7.81	3.86	11.11	12.43	0.42	1.01	7.58	22.45
ENSG00000185022:MAFF	217.65	193.68	64.2	57.92	97.99	58.41	20.05	44.2	7.18	13.82
ENSG00000185028:LRRC14B	0	0.22	0.06	0.32	0.11	0	0.01	0.04	0.05	0.05
ENSG00000185033:SEMA4B	19.14	24.43	33.5	16.83	204.18	191.6	3.5	10.01	23.96	26.08
ENSG00000185038:MROH2A	0	0	0.41	2.28	0	0	0	0	0	0.06
ENSG00000185043:CIB1	22.13	31.88	72.63	94.92	200.25	115	15.69	31.41	24.87	96.34
ENSG00000185046:ANKS1B	1.56	3.87	0.06	0	0.1	0.12	0.07	0.11	0	0
ENSG00000185049:NELFA	11.75	16.19	14.84	10.37	42.04	44.16	2.34	8.55	11.85	4.53
ENSG00000185052:SLC24A3	1.82	1.65	1.79	1.39	0.06	0.06	0.19	0.61	2.53	0.93
ENSG00000185053:SGCZ	0	0	0.02	0	0	0	0	0	0.09	0
ENSG00000185055:EFCAB10	0.42	0.77	0.26	0	2.69	0.68	0.2	0.48	0	0.68
ENSG00000185070:FLRT2	0.11	1.35	9.36	6.56	15.05	11.85	1.98	4.21	22.45	0.74
ENSG00000185085:INTS5	7.01	7.29	15.12	10.67	7.92	7.42	0.81	2.24	3.14	8.56
ENSG00000185090:MANEAL	0.23	0.42	0	0.06	2.32	1.37	0.67	1.61	0.97	2.65
ENSG00000185100:ADSS1	5.39	10.66	87.09	27.81	4.23	4.52	0.84	2.31	2.03	3.34
ENSG00000185104:FAF1	21.5	20.43	24.27	18.21	39.15	36.46	3.84	8.7	38.87	24.51
ENSG00000185105:MYADML2	0	0.02	0	0.7	0	0.02	0.39	1.35	5.39	2.74
ENSG00000185112:FAM43A	18.59	35.88	27.41	16.96	9.83	11.07	1.57	4.09	6.38	6.45
ENSG00000185122:HSF1	32.59	34.47	45.06	34.43	54.99	51.5	1.55	5.67	0	0
ENSG00000185127:C6orf120	25.61	24.58	37.34	31.46	17.18	15.19	5.91	7.4	36.09	40.17
ENSG00000185133:INPP5J	0.09	0.31	0.15	0.02	0.8	0.62	0.13	0.42	2.82	23.65
ENSG00000185149:NPY2R	0.01	0.05	0	0	0	0	0.1	0.11	0	0
ENSG00000185155:MIXL1	0.21	0.12	0.61	0.45	0.18	0.28	0.01	0.05	0.68	0.11
ENSG00000185163:DDX51	6.8	8.72	11.4	9.31	9.94	9.36	1.14	3.48	1.86	2.49
ENSG00000185189:NRBP2	5.69	10.11	36	42.69	16.55	16.46	0.83	3.94	28.42	28.62
ENSG00000185198:PRSS57	0.05	0.06	0.16	0.17	0	0	0	0.03	4.11	19.98
ENSG00000185231:MC2R	0.01	0	0	0	0	0	0	0	0	0.24
ENSG00000185238:PRMT3	8.37	8.83	7.51	5.97	12.18	8.24	0.75	1.09	4.23	3.02
ENSG00000185245:GP1BA	0.43	1.19	0.61	0.23	0	0	0.03	0.15	1.98	0.59
ENSG00000185246:PRPF39	27.35	36.38	36.31	20.94	56.1	75.98	5.91	8.85	22.17	8.95
ENSG00000185250:PPIL6	0.71	0.81	1.34	2.15	0.29	0.56	0.01	0.02	2.44	1.95
ENSG00000185261:KIAA0825	0.48	0.74	2.4	1.51	1.43	0.89	0.29	0.44	0.53	0.13
ENSG00000185262:UBALD2	46.27	59.62	100.93	106.84	112.62	78.06	5.08	10.72	48.82	51.29
ENSG00000185264:CIMIP4	0	0	0	0	0.33	0.16	0.01	0	0	0.05
ENSG00000185267:CDNF	1.28	0.98	4.74	4.15	0.1	0.18	3.94	12.74	2.02	0.51
ENSG00000185269:NOTUM	13.7	57.72	3.79	2.45	0.92	0.49	3.79	16.21	0.58	1
ENSG00000185271:KLHL33	0.51	0.64	0.05	0	0.11	0.03	0.01	0.02	0	0.06
ENSG00000185274:GALNT17	0.02	0.02	0.25	0.23	1.82	1.22	0.02	0.13	0.05	0.04
ENSG00000185278:ZBTB37	3.43	3.77	5.62	2.56	2.58	2.7	1.22	2.26	0.85	0.48
ENSG00000185294:SPPL2C	0	0	0	0	0.36	0.39	0	0	0	0
ENSG00000185298:CCDC137	8.38	17.39	13.66	10.45	20.37	14.19	1.02	2.96	44.23	10.32
ENSG00000185305:ARL15	17.01	26.57	24.63	10.64	20.16	17.87	1.79	3.72	69.34	18.28
ENSG00000185313:SCN10A	0.02	0.01	0.01	0	0.02	0	0.03	0	0.02	0
ENSG00000185324:CDK10	49.64	78.56	33.37	26.14	21.85	20.77	1.59	4.32	5.39	13.26
ENSG00000185339:TCN2	3.63	5.49	189.35	176.49	130.96	110.8	13.39	29.99	117.7	329.09
ENSG00000185340:GAS2L1	4.59	7.34	49.46	47	38.47	35.35	1.59	4.55	3.72	22.15
ENSG00000185347:TEDC1	2.75	3.98	3.37	3.22	3.31	2.8	0.41	1.37	1.09	0.65
ENSG00000185352:HS6ST3	0.01	0.04	0.06	0	0	0	0.02	0	2.14	0.34
ENSG00000185359:HGS	53.65	94.09	38.49	37.63	59.96	63.52	3.54	14.07	36.33	49.78
ENSG00000185361:TNFAIP8L1	10.44	11.88	4.45	3.22	4.25	4.41	1.04	2.68	8.82	5.26
ENSG00000185379:RAD51D	3.32	3.8	5.84	5.92	15	11.43	0.46	1.47	1.88	5.69
ENSG00000185418:TARS3	2.72	6.05	1.45	0.93	0.79	0.85	0.03	0.13	4.01	3.78
ENSG00000185420:SMYD3	4.78	2.89	5	9.34	4.52	3.76	1.18	2.96	1.1	2.78
ENSG00000185436:IFNLR1	2.05	2.29	8.51	14.84	2.71	1.85	1.2	3.08	24.63	3.8
ENSG00000185437:SH3BGR	0.97	1.23	3.35	1.32	11.06	8.64	0.91	1.92	5.63	0.94
ENSG00000185442:FAM174B	4.26	8.45	5.68	4.46	7.06	4.28	0.64	0.73	5.99	13.38
ENSG00000185453:ZSWIM9	2.22	3.28	4.64	3.36	3.37	2.81	0.05	0.14	2.84	3.24
ENSG00000185467:KPNA7	0	0.1	0.04	0.39	0.08	0.19	0.3	0.28	0	0.18
ENSG00000185475:TMEM179B	62.79	61.74	66.51	56.76	39.7	36.11	2.56	4.04	59.53	181.26
ENSG00000185477:GPRIN3	0.23	0.77	1.53	0.4	1.05	2.55	0.22	0.24	0.11	0
ENSG00000185480:PARPBP	3.48	2.75	0.56	0.18	1.9	1.34	0.16	0.22	0.59	0.41
ENSG00000185483:ROR1	0.49	1.47	8.48	6.43	1.71	0.93	0.89	2.07	1.1	0.26
ENSG00000185499:MUC1	12.02	4.32	65.87	55.6	525.15	538.58	0.04	0.05	215.23	765.56
ENSG00000185504:FAAP100	5.48	8.96	9.28	6.61	4.58	2.84	0.81	3.02	6.51	2.81
ENSG00000185513:L3MBTL1	7.37	11.22	0.14	0.15	7.15	8.92	0.08	0.25	0.84	0.48
ENSG00000185518:SV2B	0.88	0.59	0.18	0.45	1.03	0.85	0.05	0.03	0.28	0.14
ENSG00000185519:FAM131C	0	0	0	0.17	1.51	1.61	0.23	0.77	0.54	1.15
ENSG00000185522:LMNTD2	1.95	2.79	4.25	5.11	0.03	0.14	0.03	0.16	1.18	0.91
ENSG00000185527:PDE6G	11.34	9.34	0.36	0.53	0	0	0	0	1.9	3.04
ENSG00000185532:PRKG1	3.39	6.57	2.93	2.44	1.17	0.9	2.29	5.13	3.85	0.49
ENSG00000185551:NR2F2	35.24	61.94	24.18	16.5	25.85	26.63	2.47	4.81	26.82	21.68
ENSG00000185559:DLK1	653.57	717.33	400.42	276.95	86.95	132.59	0	0	0.06	0
ENSG00000185561:TLCD2	2.16	3.26	9.71	8.79	0	0.06	0.2	0.5	5.49	3.96
ENSG00000185585:OLFML2A	0.88	3.78	0.93	1	4.7	5.17	0.88	3.43	7.53	2.37
ENSG00000185608:MRPL40	10.48	9.63	26.41	40.38	21.71	15.48	7.29	12.26	46.71	77.64
ENSG00000185610:DBX2	0	0	0.28	0.46	0	0	0.01	0	0	0
ENSG00000185614:INKA1	1.78	2.23	13.31	8.73	2.83	4	0.38	0.91	0.86	5.2
ENSG00000185615:PDIA2	0.85	1.22	0.06	0.14	0	0.06	0.2	0.39	1.66	2.34
ENSG00000185621:LMLN	2.78	2.46	3.47	1.88	3.34	2.53	0.63	1.1	6.44	1.18
ENSG00000185630:PBX1	16.01	24.11	27.86	19.87	6.52	5.45	1.04	2.83	15.15	14.71
ENSG00000185634:SHC4	11.65	22.69	1	0.51	0.58	0.44	0.1	0.11	0.08	0.14
ENSG00000185650:ZFP36L1	150.57	287.91	72.1	65.33	67.21	61.95	21.23	59.13	7.31	11.16
ENSG00000185652:NTF3	1.54	1.79	0.22	0.13	2.3	0.7	0.06	0.35	1.32	2.05
ENSG00000185658:BRWD1	70.22	62.1	92.63	51.92	34.18	29.99	5.96	11.87	23.12	6.31
ENSG00000185668:POU3F1	0	0.04	5.71	3.33	0.07	0.17	0	0.03	0	0.06
ENSG00000185669:SNAI3	0.11	0.2	0.62	0.71	0.07	0.53	0	0.02	12.12	13.06
ENSG00000185670:ZBTB3	5	5.33	2.4	1.65	2.28	2.33	0.46	0.6	1.72	10.03
ENSG00000185674:LYG2	0.12	0	0	0	0.06	0.03	0.01	0.02	0	0
ENSG00000185681:MORN5	0	0	0.08	0	0.07	0	0	0.02	2.87	0.77
ENSG00000185697:MYBL1	3.35	2.77	1.63	1.68	18.15	19.54	0.09	0.14	0.16	0.03
ENSG00000185716:MOSMO	12.11	13.1	25.77	16.33	8.93	6.48	3.1	5.14	3.29	1.79
ENSG00000185721:DRG1	30.62	37.73	86.79	90.41	35.43	31.2	8.19	16.97	37.46	53.02
ENSG00000185722:ANKFY1	15.59	21.67	28.94	24.17	14.06	9.83	3.29	6.86	14.61	17.13
ENSG00000185728:YTHDF3	44.7	51.34	36.82	22.77	39.69	37.78	9.76	18.86	23.52	7.3
ENSG00000185736:ADARB2	0.01	0.13	0.14	0.1	0	0	0.02	0.09	0	0
ENSG00000185737:NRG3	0.15	0.3	0	0	0	0	0.01	0.16	0.23	0
ENSG00000185739:SRL	0.41	0.84	3.19	1.15	7.59	2.34	0.34	1.96	0.05	0
ENSG00000185753:CXorf38	7.21	7.66	21.31	18.51	11.42	10.19	0.26	0.63	18.05	18.79
ENSG00000185760:KCNQ5	0.17	0.15	1.21	0.5	0.05	0.07	0.09	0.25	0.85	0.1
ENSG00000185761:ADAMTSL5	1.18	3.71	32.02	36.46	5.07	5.36	0.05	0.14	1.16	1.88
ENSG00000185774:KCNIP4	0.14	0.66	0.36	0.15	0	0	0.02	0	0.11	0.6
ENSG00000185798:WDR53	4.76	6.35	13.28	14.05	16.59	16.84	1.29	1.72	9.53	12.65
ENSG00000185811:IKZF1	1.42	2.91	0.63	0.27	0.73	0.39	0.13	0.26	0.68	0
ENSG00000185813:PCYT2	14.8	12.33	25.06	64.82	40.54	31.53	4.23	16.06	38.18	22.88
ENSG00000185818:NAT8L	0.11	0.26	0.56	0.19	3.38	2.98	0.01	0.02	0	0
ENSG00000185825:BCAP31	91.66	92.75	395.16	296.88	249.21	295.52	34.07	76.43	305.39	146.74
ENSG00000185838:GNB1L	2.57	2.18	3.31	4.02	18.62	16.95	3.41	8.12	3.4	5.71
ENSG00000185860:CCDC190	0	0.04	0.27	0.08	1.01	1.22	0	0	0.27	0.07
ENSG00000185862:EVI2B	3.96	7.87	1.27	1.24	1.63	1.89	0.58	0.7	0.71	0.72
ENSG00000185875:THNSL1	0.84	0.74	3.53	3.32	1.73	1.77	1.05	2.14	2.16	3.59
ENSG00000185880:TRIM69	5.52	6.74	0.27	0.46	0	0	0	0	0	0
ENSG00000185896:LAMP1	142.66	139.77	590.51	578.36	435.57	472.91	34.7	78.28	511.09	374.25
ENSG00000185899:TAS2R60	1.56	0.47	0.23	0	0	0	0.01	0.22	0	0
ENSG00000185900:POMK	3.1	2.02	3.71	3.52	18.59	15.78	0.99	2.01	4.39	1.59
ENSG00000185905:C16orf54	1.23	1.43	0.93	4.37	0.95	0.69	0.09	0.08	0.13	0.25
ENSG00000185909:KLHDC8B	10.04	13.91	11.72	13.37	1.8	2.53	0.65	1.25	7.76	5.67
ENSG00000185917:SETD4	13.79	19.64	9.58	8.71	3.31	2.09	0.32	0.59	3.67	2.35
ENSG00000185920:PTCH1	2.76	6.43	10.26	5.6	5.68	5.25	0.44	1.53	1.32	1.41
ENSG00000185924:RTN4RL1	0.01	0.44	2.85	2.08	0.29	0.5	0.28	1.17	0.79	1.93
ENSG00000185933:CALHM1	0.1	0.16	0.04	0.07	0	0	0.01	0.02	0.08	0
ENSG00000185942:NKAIN3	0	0	0.01	0	0.21	0.34	0	0	0	0
ENSG00000185946:RNPC3	18.09	28.7	18.13	12.15	9.92	9.59	5.66	9.05	19.19	7.16
ENSG00000185950:IRS2	8.17	10.95	36.93	37.6	22.63	15.73	0.62	2.54	26.84	2.29
ENSG00000185963:BICD2	16.19	16.25	40.95	25.77	38.4	32.47	2.52	5.97	60.08	14.96
ENSG00000185972:CCIN	0.77	1.03	0.05	0	0.26	0.2	0.02	0.06	0	0
ENSG00000185974:GRK1	0	0	0.13	0.07	0.03	0.05	0	0	0	0.04
ENSG00000185988:PLK5	0.13	0.02	0.07	0	1.29	1.26	0.11	0.23	1.89	1.02
ENSG00000186001:LRCH3	18.58	28.53	33	14.55	23.3	16.8	4.79	9.57	8.88	0.86
ENSG00000186009:ATP4B	0	0	0.04	0	0	0.06	0.06	0	0	0
ENSG00000186047:DLEU7	0.38	0.46	0.25	0	0	0	0	0	0	0.04
ENSG00000186075:ZPBP2	0	0.05	0.53	0	1.47	1.46	0.03	0.05	0	0
ENSG00000186088:GSAP	11.79	12.73	1.93	1.4	4.15	2	0.66	1.03	1.07	2.51
ENSG00000186104:CYP2R1	3.09	5.24	0.91	1.3	4.14	3.65	1.26	2.76	3.6	4.91
ENSG00000186106:ANKRD46	13.08	14.81	37.66	37.27	22.26	19.82	4.01	7.19	4.64	1.95
ENSG00000186111:PIP5K1C	12.08	12.3	47.17	47.59	30.9	30.74	0.41	1.42	7.83	5.92
ENSG00000186130:ZBTB6	7.82	8.62	6.46	3.13	5.87	5.85	1.47	2.53	5.94	0.41
ENSG00000186132:C2orf76	8.4	8.2	4.58	5.36	9.38	7.84	1.72	2.41	13.1	28.56
ENSG00000186141:POLR3C	8.78	12.67	36.77	25.45	15.2	13.49	1.26	2.79	18.39	27.62
ENSG00000186150:UBL4B	0	0	0.04	0	0	0	0	0	0	0
ENSG00000186153:WWOX	6.94	10.61	3.21	4.1	4.84	4.44	1.78	5.7	0.15	1.78
ENSG00000186166:CENATAC	38.75	63.89	23.19	25.52	15.74	16.47	0.5	1.56	11.59	14.7
ENSG00000186174:BCL9L	37.12	39.69	44.08	17.6	31.23	35.46	1.51	7.41	7.91	3.89
ENSG00000186185:KIF18B	2.4	1.93	0.34	0.12	3.68	2.95	0.01	0.04	0.44	0.26
ENSG00000186187:ZNRF1	18.03	26.54	60.43	42.55	43.43	37.93	1.33	3.04	27.35	61.57
ENSG00000186190:BPIFB3	0	0	0	0	0	0	0	0	0.23	0.17
ENSG00000186191:BPIFB4	0	0	2.6	2.48	0	0.06	0	0	0.04	1.3
ENSG00000186193:SAPCD2	0.55	0.31	0.11	21.04	13.08	9.46	0.02	0.09	3.56	1.17
ENSG00000186197:EDARADD	3.81	4.51	0.1	0	0.4	0.09	0.03	0.07	0.62	0.59
ENSG00000186198:SLC51B	0.12	0.28	0	34.46	0.89	0.52	0.04	0.17	0.95	4.94
ENSG00000186205:MTARC1	12.17	15.65	0.6	4.47	1.93	3.93	2.73	9.25	23.17	14.86
ENSG00000186222:BLOC1S4	9.26	8.59	17.16	16.72	33.14	30.89	0.55	1.68	10.22	22.84
ENSG00000186231:KLHL32	0.08	0.09	0.03	0.04	0.73	0.38	0.17	0.51	0.2	0.12
ENSG00000186260:MRTFB	21.81	26.88	33.56	15.47	18.99	15.83	1.09	4.81	8.78	0.79
ENSG00000186281:GPAT2	0.74	0.07	4.42	3.08	1.26	1.37	0.02	0	1.18	1.96
ENSG00000186283:TOR3A	8.48	9.01	15.97	15.98	50.48	48.63	2.9	4.1	3.83	3.64
ENSG00000186297:GABRA5	0	0	0	0	0	0	0	0	0	0
ENSG00000186314:PRELID2	0.84	1.06	3.88	3.76	1.65	0.71	0.89	1.08	1.59	0.34
ENSG00000186318:BACE1	6.34	9.54	22	12.08	10.38	7.9	0.74	1.66	29.23	8.62
ENSG00000186326:RGS9BP	0.1	0.14	0.32	0.1	0.66	1.45	0.14	0.37	5.65	0.57
ENSG00000186329:TMEM212	11.2	12.45	0.71	1.19	0	0	0	0	0	0.04
ENSG00000186340:THBS2	0.17	0.64	77.49	61.7	5.22	6.61	1.23	3.06	0.58	0.19
ENSG00000186350:RXRA	13.55	27.17	77.8	37.65	60.59	69.74	2.74	11.26	12.17	0.97
ENSG00000186352:ANKRD37	1.21	5.62	24.67	37.57	5.96	6.19	0.21	0.27	1.9	24.81
ENSG00000186364:NUDT17	1.05	2.02	2.77	4.49	13.27	11.42	0.66	1.32	11.85	15.53
ENSG00000186367:MINAR2	0.15	0.07	0.06	0.39	0	0	0	0	0	0
ENSG00000186393:KRT26	0	0	0.06	0.06	0	0	0	0	0	0
ENSG00000186409:CCDC30	3.48	4.93	1.48	1.35	1.5	1.09	0.25	0.46	11.94	8.35
ENSG00000186416:NKRF	4.45	5.29	2.46	1.27	2.25	1.08	0.41	0.81	27.04	32.31
ENSG00000186417:GLDN	84.25	93.85	0.02	0	4.62	5.32	0.71	4.15	0	0
ENSG00000186432:KPNA4	30.78	27.26	53.16	33.09	58.2	48.65	10.68	17.27	86.73	17.19
ENSG00000186439:TRDN	0.2	0.08	0	0.21	0	0	0	0	0.98	0
ENSG00000186468:RPS23	491.76	567.09	170.01	222.08	1628.91	1304.46	297.97	452.21	154.74	789.67
ENSG00000186474:KLK12	0	0	0	0	0.04	0	0	0	0	0
ENSG00000186479:RGS7BP	0	0.01	0.27	0.27	0.11	0.03	0.02	0.08	0	0
ENSG00000186480:INSIG1	41.92	87.68	12.98	35.02	48.26	38.76	41.77	195.48	15.32	6.46
ENSG00000186487:MYT1L	0.88	1.31	0.13	0	0	0	0	0	0	0
ENSG00000186501:TMEM222	21.2	26.1	40.45	38.42	34.27	34.66	2.24	5.7	15.8	27.2
ENSG00000186517:ARHGAP30	4.24	9.47	2.01	1.31	16.18	10.64	3.16	9.54	1.14	0.59
ENSG00000186532:SMYD4	3.87	5.94	3.03	1.78	4.2	4.56	0.36	0.93	0.61	1.73
ENSG00000186566:GPATCH8	26.1	27.69	23.79	13.95	22.25	21.18	2.12	6	20.06	6.11
ENSG00000186567:CEACAM19	4.88	7.01	0.26	0.28	16.94	22.85	0.13	0.22	0.83	1.35
ENSG00000186575:NF2	3.58	4.62	32.02	22.8	77.91	54.69	6.95	14.07	57.17	53.9
ENSG00000186577:SMIM29	16.68	17.3	35.67	38.79	10.25	10.99	0.4	1.68	6.6	49.39
ENSG00000186583:SPATC1	0.11	0.27	0.03	0.05	0	0.07	0.01	0	0.37	0.05
ENSG00000186591:UBE2H	64.74	75.03	154.36	95.16	75.29	47.72	8.67	19.4	92.43	27.21
ENSG00000186603:HPDL	1.77	1.56	1.8	0.81	0.24	0.24	0.15	0.55	0.07	0.19
ENSG00000186625:KATNA1	10.36	10.8	29.89	25.38	40.12	34.35	2.86	5.38	42.89	25.53
ENSG00000186628:FSD2	0.1	0.27	0.15	0.18	0.62	0.88	0	0.04	0.28	0.61
ENSG00000186635:ARAP1	17.79	42.91	59.76	33.73	51.11	53.34	2.86	13.07	20.67	30.18
ENSG00000186638:KIF24	0.62	0.57	60.17	44.14	5.84	4.86	0.09	0.27	1.85	0.93
ENSG00000186642:PDE2A	5.67	5.24	23.4	18.87	27.41	35.23	1.85	3.79	5.29	7.72
ENSG00000186648:CARMIL3	0.1	0.12	1.09	1.07	0	0.02	0	0	0.19	0.82
ENSG00000186654:PRR5	26.26	41.19	39.53	28.7	133.97	161.4	3.42	8.74	10.02	13.73
ENSG00000186660:ZFP91	30.1	31.6	37.42	27.21	58.15	41.2	7.36	14.64	37.33	11.57
ENSG00000186687:LYRM7	2.41	2.88	3.03	3.78	11.22	13.22	0.39	0.56	10.29	18.5
ENSG00000186732:MPPED1	0	0	0.08	0.12	0	0	0.02	0	0	0
ENSG00000186765:FSCN2	0.22	0.31	1.07	0.53	0.05	0	0.17	0.9	0	0
ENSG00000186766:FOXI2	0	0	0	0	0	0	0	0	0	0
ENSG00000186792:HYAL3	1	0.95	1.15	0.89	2.87	2.73	0.39	1.24	0.25	0.47
ENSG00000186806:VSIG10L	0.57	1.11	4.57	1.52	141.43	154.42	0.01	0.07	0.84	3.36
ENSG00000186815:TPCN1	23.93	37.16	85.29	59.72	5.97	5.98	0.67	1.43	7.4	5.31
ENSG00000186834:HEXIM1	94.04	128.71	33.18	31.34	73.72	81.41	8	19.97	119.5	49.7
ENSG00000186866:POFUT2	20.08	28.39	67.87	49.57	87.42	74.58	6.32	22.22	15.43	12.25
ENSG00000186868:MAPT	4.25	6.27	4.52	3.44	0.69	0.57	0.32	0.68	0.58	0.56
ENSG00000186871:ERCC6L	0.63	0.52	1.29	0.74	3.84	3.55	0.18	0.27	1.34	0.46
ENSG00000186889:TMEM17	1.04	0.97	2.13	3.48	9.69	8.68	0.49	1.05	8.77	14.74
ENSG00000186895:FGF3	0	0	0	0	0	0	0.01	0	0	0
ENSG00000186897:C1QL4	0	0	0.3	0.17	0	0	0.06	0.09	0	0.05
ENSG00000186908:ZDHHC17	23.21	31.7	12.07	6.98	9.81	9	4.15	6.23	9.81	0.56
ENSG00000186910:SERPINA11	0	0	0	0.86	0	0.05	0	0	15.33	38.29
ENSG00000186912:P2RY4	0.34	0.53	0.09	0.09	0	0	0	0.01	0	0.28
ENSG00000186918:ZNF395	15.79	31.09	38.49	25.8	12.16	8.86	2.08	5.96	3.62	2.74
ENSG00000186952:TMEM232	0.7	0.83	1.29	0.81	0.95	0.67	0.01	0.01	0.02	0
ENSG00000186994:KANK3	12.8	20.6	99.11	95.99	12.59	18.06	2.1	5.26	31.89	17.38
ENSG00000186998:EMID1	0.84	2.68	4.8	3.63	35.55	18.13	2.1	5.68	15.11	14.24
ENSG00000187003:ACTL7A	0	0	0	0	0.17	0.05	0	0.02	0.22	0.05
ENSG00000187017:ESPN	0.91	2.72	2	7.24	19.6	23.44	0.15	0.21	2.93	0.49
ENSG00000187021:PNLIPRP1	0	0	0	0	0	0	0	0	0	0
ENSG00000187024:PTRH1	3.42	2.82	16.84	18.38	5.01	5.92	2.42	5.36	9.4	16.35
ENSG00000187037:GPR141	1.05	1.3	0.31	0.27	0.35	0.27	0.19	0.43	0.09	0.35
ENSG00000187045:TMPRSS6	2.85	3.25	1.5	0.58	1.01	0.97	0.01	0.08	0.22	1.08
ENSG00000187051:RPS19BP1	21.16	31.72	29.49	27.33	106.42	84.06	6.12	13.12	26.55	59.21
ENSG00000187054:TMPRSS11A	0	0.02	0.03	0.05	0	0	0	0	0.11	0
ENSG00000187066:TMEM262	0.29	0.67	0.23	0	0	0	0.14	0.17	1.92	4.43
ENSG00000187068:C3orf70	1.49	2.23	7.51	6.73	2.23	1.45	2.03	6.05	1.44	0.53
ENSG00000187079:TEAD1	19.06	30.66	47.35	27.05	45.24	30.33	5.43	13.74	16.87	4.61
ENSG00000187094:CCK	99.46	11.58	4.67	8.24	3.39	2.31	0.2	0.01	0.08	0.16
ENSG00000187097:ENTPD5	4.39	5.84	9.23	17.53	3.64	3.81	0.7	1.75	34.27	24.09
ENSG00000187098:MITF	0.91	1.51	77.01	42.06	32.76	31.25	0.4	0.74	9.12	2.71
ENSG00000187105:HEATR4	1.28	2.19	0.02	0	0.31	0.14	0.01	0.01	0.08	0
ENSG00000187118:CMC1	6.56	8.7	18.59	27.48	3.15	3.09	0.39	0.58	9.95	6.45
ENSG00000187122:SLIT1	0.02	0.03	63.58	40.01	0	0.01	0.04	0.47	0.1	0.04
ENSG00000187123:LYPD6	5.42	9.84	0.18	0.36	2.97	2.29	1.08	1.97	0.79	2.09
ENSG00000187144:SPATA21	0.04	0.03	0.33	1.31	2.79	0.54	0.04	0.03	0.08	0.18
ENSG00000187164:SHTN1	7.13	11.1	9.73	7.5	47.17	48.2	13.43	27.71	18.82	2.2
ENSG00000187166:H1-7	0	0.05	0	0	0.19	0	0.13	0.61	0.32	0.31
ENSG00000187231:SESTD1	8.44	9.43	21.75	19.22	29.52	17.08	1.68	3.43	26.63	5.28
ENSG00000187239:FNBP1	12.85	16.89	32.03	20.02	22.33	13.82	3.16	7.41	220.66	14.52
ENSG00000187240:DYNC2H1	1.73	2.76	4.35	1.39	0.36	0.4	0.45	0.91	0.89	0.58
ENSG00000187242:KRT12	0.05	0.48	0.05	0	0	0	0	0	0	0
ENSG00000187258:NPSR1	0.07	0.09	0.01	0	0	0	0.11	0.07	0	0
ENSG00000187260:WDR86	5.22	10.26	3.71	7.13	2.49	2.26	0.44	1.97	1.93	3.53
ENSG00000187266:EPOR	3.24	10.73	2.73	2.46	6.46	3.07	0.2	0.48	3.11	3.52
ENSG00000187288:CIDEC	0	0	0.61	41.31	0	0	0.05	0.39	1.79	2.56
ENSG00000187323:DCC	0.12	0.24	0.06	0	0.05	0.03	0.03	0.14	0.03	0
ENSG00000187391:MAGI2	0.61	1.33	0.96	1.36	0.18	0.17	0.04	0.07	0.82	0.28
ENSG00000187398:LUZP2	0	0.2	0	0	0.02	0.04	0	0	0.58	0.34
ENSG00000187446:CHP1	27.69	26.36	137.76	110.38	45.75	35.86	6.61	12.64	403.11	79.34
ENSG00000187475:H1-6	0.63	0.67	0.06	0	1.84	2.86	1.15	2.86	28.44	62.69
ENSG00000187486:KCNJ11	0.24	0.23	0.03	0.52	0.2	0.14	0.12	0.1	0.07	0.38
ENSG00000187492:CDHR4	0.97	2.13	3.39	5.26	0.05	0.03	0.1	0.35	3.68	4.4
ENSG00000187498:COL4A1	485.35	668.44	904.3	706.03	571.94	488.38	103.18	405.93	222.64	108.57
ENSG00000187513:GJA4	19.47	20.6	142.55	26.89	10.07	16.9	4.99	18.7	19.81	23.3
ENSG00000187522:HSPA14	7.16	6.22	37.32	26.08	25.59	31.47	1.12	1.9	11.43	10.69
ENSG00000187527:ATP13A5	0	0	0.05	0	9.46	1.74	0	0	0.32	0
ENSG00000187531:SIRT7	14.44	24.52	30.45	29.63	30.41	24.21	4.55	14.5	32.19	20.58
ENSG00000187535:IFT140	2.88	5.57	9.53	6.68	5.45	4.28	0.22	0.59	5.25	5.04
ENSG00000187546:AGMO	0.24	1.05	1.66	1.46	3.03	3.13	0	0.03	0.03	0
ENSG00000187550:SBK2	0	0.12	1.37	1.13	7.89	2.21	1.28	4.88	2.01	5.77
ENSG00000187553:CYP26C1	0.08	0.44	0.08	0.14	0.27	3.01	0.05	0.15	1.55	0.45
ENSG00000187554:TLR5	2.61	5.26	12.21	7.88	3.84	5.99	0.08	0.16	0.27	4.69
ENSG00000187555:USP7	65.67	82.81	76.36	45.1	98.92	76.56	7.11	14.03	103.57	21.36
ENSG00000187556:NANOS3	0.38	0.39	0.45	1.06	0.08	0.25	0.01	0.02	0.21	0
ENSG00000187595:ZNF385C	0.48	1.34	3.38	1.71	9.99	12.15	0.04	0.09	4.26	7.39
ENSG00000187605:TET3	4.32	6.22	12.67	8.39	8.25	4.64	1.34	4.87	1.52	0.52
ENSG00000187607:ZNF286A	4.14	3.6	1.37	0.73	5.26	9.3	0.13	0.18	5.52	13.4
ENSG00000187608:ISG15	12.78	10.08	55.91	49.21	137.46	135.46	6.75	3.19	4.31	96.16
ENSG00000187616:MYMK	0	0.23	0	0	0	0.09	0.03	0	0.03	0.06
ENSG00000187642:PERM1	0	0.1	0.44	0.68	1.67	1.44	0.1	0.15	1.41	2.92
ENSG00000187650:VMAC	4.96	7.67	17.45	15.16	5.53	4.04	0.35	0.7	30.58	16.24
ENSG00000187664:HAPLN4	0.92	1.75	2.34	2.05	0	0.03	0.05	0.16	0	0
ENSG00000187672:ERC2	0.54	2.14	0.83	0.43	0.22	0.08	0.12	0.19	0.53	0.12
ENSG00000187676:B3GLCT	1.59	3.95	7.35	4.81	11.41	13.41	1.79	3.08	0.56	0.67
ENSG00000187678:SPRY4	19.83	20.29	5.2	3.76	5.94	6.56	0.67	2.83	21.1	6.15
ENSG00000187688:TRPV2	7.6	8.29	24.3	15.3	5.04	5.67	0.4	0.95	3.83	1.37
ENSG00000187689:AMTN	0	0	0.2	0.26	0	0	0	0	0.14	0.13
ENSG00000187714:SLC18A3	0.06	0.26	0.1	0	0	0	0	0	0.1	0
ENSG00000187715:KBTBD12	0.93	1.93	0.06	0	0	0	0	0.01	0.04	0
ENSG00000187720:THSD4	13.51	13.64	3.9	1.95	34.78	31.88	1.12	3.26	10.93	1.05
ENSG00000187726:DNAJB13	0.17	0.34	0.82	0.49	0	0.23	0.18	0.53	5.17	13.35
ENSG00000187730:GABRD	0.34	0.53	4.85	2.5	0	0	0.27	1.69	0	0
ENSG00000187736:NHEJ1	4.98	5.31	2.97	5.8	6.07	5.7	0.35	0.64	10.96	12.57
ENSG00000187741:FANCA	20.17	18.18	17.55	14.52	4.22	3.14	0.03	0.13	1.75	1.36
ENSG00000187742:SECISBP2	48.52	57.67	12.16	14.32	31.61	28.69	4.04	8.29	10.97	8.32
ENSG00000187764:SEMA4D	5.38	11.63	30.96	18.57	9.21	4.8	2.37	7.77	11.03	4.35
ENSG00000187772:LIN28B	52.12	55.06	0.05	0	0	0	0.05	0.08	0.73	0.09
ENSG00000187773:DIPK1C	0.01	0.02	0	0.81	7.88	2.13	0	0	0.12	0
ENSG00000187778:MCRS1	22.8	28.09	42.36	38.25	30.21	28.78	3.7	8.39	59.35	99.15
ENSG00000187783:TMEM72	0.03	0.06	0.63	0.54	147.93	85.79	0	0.02	51.54	21.41
ENSG00000187796:CARD9	0.69	2.23	1.75	1.68	7.75	6.54	0.71	1.29	2.77	1.52
ENSG00000187800:PEAR1	9.95	15.03	12.69	14	12.06	16.71	1.09	3.82	8.02	8.47
ENSG00000187808:SOWAHD	2.04	4.19	1.6	1.21	1.86	1.3	0.06	0.12	0.18	0.43
ENSG00000187821:HELT	0	0	0	0	0	0	0.06	0	0	0.04
ENSG00000187824:TMEM220	2.94	3.19	7.11	4.7	8.73	15.75	0.62	0.74	1.5	2.74
ENSG00000187838:PLSCR3	10.3	13.77	24.24	20.77	19.21	16.97	1.01	3.04	16.41	33.43
ENSG00000187840:EIF4EBP1	8.12	14.81	166.64	170.1	174.93	134.06	10.19	22.72	9.51	107.48
ENSG00000187848:P2RX2	0.14	0.46	2.3	1.78	0.05	0.05	0.01	0.03	10.52	2.24
ENSG00000187855:ASCL4	0	0.05	0.14	0.08	0.32	0.94	0	0	1.1	1.23
ENSG00000187867:PALM3	5.71	7.49	7.17	13.26	33.35	43.83	0.58	1.03	3.18	8.25
ENSG00000187871:GFRAL	0	0.03	0	0	0	0	0	0	3.89	0.23
ENSG00000187905:LRRC74B	0.1	0.09	0.09	0.65	0.71	0.61	0.09	0.14	2.08	2.22
ENSG00000187908:DMBT1	0.03	0	0.03	0	33.04	20.1	0.01	0	7.36	0.7
ENSG00000187944:C2orf66	0.25	1.32	0	0	0	0	0.01	0.01	0	0.13
ENSG00000187957:DNER	0.26	0.09	0.03	0.15	0.3	0.36	0.71	5.93	3.12	3.03
ENSG00000187980:PLA2G2C	0	0	0	0	0.06	0	0	0	0.2	0.2
ENSG00000188001:TPRG1	1.44	2.02	0.14	0	0.14	0	0	0	0	0.03
ENSG00000188010:MORN2	3.34	5.44	6.49	6.07	9.86	6.58	2.33	2.45	18.31	24.77
ENSG00000188032:C19orf67	0.1	0.18	0.42	0.33	0.31	0.33	0.02	0.03	0	0
ENSG00000188037:CLCN1	0.01	0.02	0.69	0.16	0	0.14	0	0.02	11.1	3.78
ENSG00000188038:NRN1L	0.07	0	47.3	42.75	0.05	0.26	0	0.1	1.28	0.99
ENSG00000188039:NWD1	0.13	0.18	1.35	0.6	0	0	0	0	0.1	0.05
ENSG00000188042:ARL4C	36.42	38.71	43.51	30.84	27.02	19.36	5.1	15.45	1.19	3.76
ENSG00000188060:RAB42	1.94	2.21	0.8	0	4.67	3.52	0.5	0.84	4.6	7
ENSG00000188064:WNT7B	0.62	1.2	49.46	22.3	5.45	7.26	0.53	3.08	0.08	0
ENSG00000188089:PLA2G4E	0.08	0.18	4.77	1.49	0.54	0.43	0	0	0.04	0.8
ENSG00000188112:C6orf132	3.12	2.95	49.81	28.38	2.56	1.79	0.1	0.54	128.95	61.26
ENSG00000188130:MAPK12	3.99	4.9	2.94	2.88	5.16	4.79	3.79	15.54	18.37	12.79
ENSG00000188133:TMEM215	0.01	0	0.04	0.07	0.11	0.07	0	0.01	0	0
ENSG00000188157:AGRN	5.93	10.49	52.57	73.48	18.36	18.64	2.02	7.75	39.2	44.2
ENSG00000188158:NHS	3.18	4.82	8.69	6.93	2.95	1.44	0.24	0.66	0.4	0.17
ENSG00000188162:OTOG	0	0	0.01	0	0.01	0	0	0	0.08	0.04
ENSG00000188163:CIMIP2A	0.08	0.23	0.93	3.04	2.05	2.35	0.13	0.28	0.09	0
ENSG00000188177:ZC3H6	4.11	4.33	2.4	0.97	1.18	0.73	0.58	1.23	3.3	0.46
ENSG00000188191:PRKAR1B	4.57	2.2	4.42	7.36	4.96	6.29	0.1	0.19	31.53	4.75
ENSG00000188215:DCUN1D3	4.68	6.67	9.99	6.49	9.26	8	4.45	8.72	2.62	0.39
ENSG00000188229:TUBB4B	97.09	90.72	184.32	189.23	302.49	292.64	12.1	30.23	0	0.04
ENSG00000188266:HYKK	0.9	0.73	1.02	1	2.35	1.59	0.06	0.08	4.45	1.04
ENSG00000188277:C15orf62	0.81	1.7	1.17	0.73	4.21	3.88	0.01	0.07	55.43	66.13
ENSG00000188282:RUFY4	0	0.06	6.78	5.63	0	0.06	0.01	0	1.29	1.57
ENSG00000188306:LRRIQ4	0	0	0.07	0	0.08	0.03	0	0	0.22	0.24
ENSG00000188315:C3orf62	3.85	7.46	0.37	1.34	23.2	30.08	1.52	4.39	3.27	7.88
ENSG00000188316:ENO4	0	0	0.62	0.41	1.94	1.32	0.16	0.23	0.72	0.16
ENSG00000188322:SBK1	0.08	0.04	5.19	4.21	3.22	2.03	0.05	0.11	3.06	1.76
ENSG00000188338:SLC38A3	1.13	1.04	0.89	7.49	0.76	0.15	0.04	0.11	13.67	4.01
ENSG00000188352:FOCAD	8.34	8	6.03	3.42	3.86	3.49	2.41	4.22	9.27	2.1
ENSG00000188368:PRR19	0.49	0.6	0.12	0.41	4.1	1.72	0.24	0.56	0	0
ENSG00000188385:JAKMIP3	0.03	0.06	0.04	0.39	0.65	0.62	0.05	0.16	0.5	0
ENSG00000188389:PDCD1	0	0.03	0.02	0.13	9.94	11.27	0.02	0.01	0.34	0.61
ENSG00000188396:DYNLT4	1.62	2.15	0.29	1.34	0.52	0.72	0.07	0.21	0.52	2.99
ENSG00000188425:NANOS2	0.03	0.04	0.06	0	0	0	0	0	0	0.24
ENSG00000188428:BLOC1S5	6	6.48	6.35	3.98	20.17	20.38	0.87	1.84	21.65	6.56
ENSG00000188452:CERKL	0.04	0	2.55	0.76	1.2	1.17	0.01	0.03	0.21	0.24
ENSG00000188467:SLC24A5	0.02	0.01	0.23	0.87	3.09	2.82	0	0.06	0.53	1.05
ENSG00000188483:IER5L	3.52	6.67	2.26	1.33	8.64	9.53	2.32	7.79	20.84	24.96
ENSG00000188486:H2AX	11.81	13.74	27.21	22.15	62.18	53.5	7.13	12.8	9.92	33.1
ENSG00000188487:INSC	0.07	0.04	17.75	9.1	0.8	0.41	0	0	0.67	0.45
ENSG00000188493:ACTMAP	7.11	9.85	9.59	8.48	6.38	5.78	0.15	0.81	2.77	9.22
ENSG00000188501:LCTL	0.17	0.37	0.15	0	0	0	0.01	0	5.89	0.58
ENSG00000188505:NCCRP1	18.82	22.51	27.43	27.02	0.2	0.04	0.08	0.46	75.65	62.82
ENSG00000188508:KRTDAP	0	0	3.15	7.33	0	0	0	0	0	0
ENSG00000188517:COL25A1	0.18	0.73	0.26	0.16	0	0	0.07	0.15	0	0
ENSG00000188522:FAM83G	0.62	0.96	18.98	18.21	2.32	2.83	1.42	6.7	7.05	6.11
ENSG00000188523:CFAP77	0	0	1.24	0.05	0.1	0.05	0	0	0.67	4.7
ENSG00000188529:SRSF10	75.88	97.55	44.92	42	136.04	128.47	5.75	8.74	59.38	102.46
ENSG00000188542:DUSP28	5.33	4.53	5.16	3.21	17.6	13.55	0.29	1.4	0.52	0.72
ENSG00000188549:CCDC9B	2.06	4.77	18.61	11.24	7.13	6.54	0.68	1.98	3.87	1.85
ENSG00000188554:NBR1	55.68	62.48	112.04	111.85	59.49	59.12	16.19	30.86	79.87	44.78
ENSG00000188559:RALGAPA2	20.59	32.05	6.41	4.29	9.66	10.04	3.61	10.87	6.53	0.19
ENSG00000188566:NDOR1	6.09	10.52	26.14	19.33	25.51	28.87	1.04	3.13	2.32	1.28
ENSG00000188580:NKAIN2	0.24	0.37	1.03	0.66	0	0.13	0.05	0.18	0	0
ENSG00000188582:PAQR9	0.17	0.25	0.12	0.23	0	0	0.02	0.02	0.07	0.2
ENSG00000188603:CLN3	72.88	74.42	75.78	60.82	115.45	118.77	1.55	3.6	10.28	12.24
ENSG00000188613:NANOS1	4.37	4.4	0.53	0.73	2.89	3.66	1.22	4.32	4.15	14
ENSG00000188620:HMX3	0.07	0.09	0.27	0	0.61	0.51	0.01	0.02	0	0
ENSG00000188641:DPYD	5.14	1.36	0.05	0.78	10.33	8.25	4.06	9.12	34.92	0.66
ENSG00000188659:SAXO2	14.48	0.46	1.48	2.3	2.19	1.99	0.03	0	2.25	0.89
ENSG00000188674:C2orf80	0	0	0.3	0.17	0.51	0.1	0	0	0	0
ENSG00000188676:IDO2	35.99	51.16	0.7	2.17	0.03	0	0	0	2.37	4.15
ENSG00000188677:PARVB	9.18	10.81	34.38	22.1	13.08	11.5	0.39	0.8	7.78	4.31
ENSG00000188687:SLC4A5	0.94	1.54	12.28	6.16	32.78	36.33	0	0	0.06	0.38
ENSG00000188690:UROS	9.99	13.62	22.35	15.05	2.57	2.57	8.61	23.05	58.64	57.99
ENSG00000188706:ZDHHC9	9.14	10.37	30.94	32.29	100.47	84.52	2.87	6.84	48.34	61.15
ENSG00000188710:QRFP	0.17	0.25	0.06	0.08	0	0	0	0.23	0	0
ENSG00000188716:DUSP29	0	0	0.09	4.39	0.84	0.24	0.02	0.09	0	0
ENSG00000188729:OSTN	0	0.02	0	0	0	0	3.97	7.35	0.22	0.42
ENSG00000188730:VWC2	0	0	0.15	0.07	0	0	0	0	0	0
ENSG00000188732:FAM221A	1.58	1.87	13.21	23.15	16.88	15.2	0.72	1.91	5.19	4.54
ENSG00000188735:TMEM120B	5.57	5.17	13.58	9.11	51.58	41.65	1.16	1.97	6.73	6.62
ENSG00000188738:FSIP2	10.17	13.18	0	0	0	0	1.53	2.63	0.08	0.03
ENSG00000188747:NOXA1	0.26	0.92	0	0.1	17.92	16.95	0.4	0.55	8.77	14.69
ENSG00000188760:TMEM198	2.97	3.12	4.05	2.78	1.9	1.64	0.14	0.35	2	6.71
ENSG00000188763:FZD9	0.18	0.27	0.33	0.03	0.21	0.21	0.08	0.22	0.23	2.95
ENSG00000188770:OPTC	0.59	0.68	0.17	0.31	0.07	0	0	0	0	0
ENSG00000188771:PLET1	0.06	0.09	177.06	540.12	4676.89	6086.89	2130.99	2617.36	2.14	1.75
ENSG00000188778:ADRB3	2	3.15	0.67	0.14	0.36	0.12	0.02	0	4.78	7.03
ENSG00000188779:SKOR1	0.13	0.37	0.06	0.02	0.04	0.02	0.01	0	0.02	0.04
ENSG00000188782:CATSPER4	0.11	0.16	0.55	0.88	0.58	0.75	0.12	0.64	0	0
ENSG00000188783:PRELP	2.07	9.02	38.4	33.63	8.51	3.11	0.09	0.24	4.65	4.22
ENSG00000188784:PLA2G2E	0	0.09	15.85	17.38	0	0.05	0	0	3.78	3.12
ENSG00000188786:MTF1	5.86	6.59	22.32	15.79	5.46	4.99	1.2	2.98	4.42	0.66
ENSG00000188800:TMCO2	0	0.14	0	0	1.02	0.67	0	0.04	0.32	0.31
ENSG00000188811:NHLRC3	23.67	37.83	50.71	46.4	31.69	35.17	8.48	16.11	25.57	12.83
ENSG00000188816:HMX2	0	0	0.03	0	8.21	15.15	0.09	0.1	0	0
ENSG00000188822:CNR2	0.3	0.59	0.36	0.5	6.1	5.91	0.02	0.03	0	0.15
ENSG00000188827:SLX4	2.11	2.94	18.26	13.5	5.26	5.64	0.16	0.6	4.26	2.46
ENSG00000188833:ENTPD8	0	0.15	0.08	0.28	16.01	69.1	34.4	100.04	40.17	57.18
ENSG00000188848:BEND4	0.04	0.2	25.48	11.04	0.29	0.18	0.08	0.09	5.46	1.01
ENSG00000188869:TMC3	0.46	1.02	0.49	2.07	0	0.06	0	0	0.05	0
ENSG00000188878:FBF1	3.38	5.66	20.04	11.63	7.32	10.57	0.67	2.16	2.82	4.7
ENSG00000188883:KLRG2	0.11	0.24	0.38	1.46	4.14	4.87	0.02	0.01	7.42	5.49
ENSG00000188886:ASTL	0	0	0.04	0	0	0	0	0	0.22	0
ENSG00000188895:MSL1	86.93	89.92	56.23	50.26	32.85	29.62	4.31	8.4	48.13	9.57
ENSG00000188906:LRRK2	1.04	1.88	3.34	1.58	2.99	2.42	1	2.09	1.63	0.93
ENSG00000188909:BSX	0	0	0.08	0	0	0	0	0	0	0
ENSG00000188910:GJB3	0.87	1.92	93.44	38.52	106.36	112.29	4.28	2.92	81.1	112.91
ENSG00000188916:INSYN2A	0.06	0.11	0.3	0.3	0.64	0.24	0.28	1.1	0	0.06
ENSG00000188921:HACD4	1.88	4.38	3.46	2.86	2.47	6.53	0.59	1.04	4.14	15.55
ENSG00000188931:CFAP126	1.3	0.88	3.28	2.06	1.73	3.41	0.13	0.08	6.32	13.74
ENSG00000188937:NYX	0.02	0.03	4.34	3.61	5.41	1.84	0	0.03	0	0
ENSG00000188976:NOC2L	15.44	18.15	31.06	23.82	37.36	32.62	3.23	6.58	28.02	48.11
ENSG00000188981:MSANTD1	0.06	0.28	2.77	2.22	0.74	1.4	0.01	0.01	0.13	0.16
ENSG00000188986:NELFB	13.54	18.55	49.5	49.8	76.53	77.46	3.05	13.08	18.7	18.83
ENSG00000188991:SLC15A5	0	0	0	0	0	0	0	0	0.1	0
ENSG00000188993:LRRC66	0.1	0.15	0.07	0.27	2.35	1.01	0.7	1.34	0.08	0.03
ENSG00000188994:ZNF292	78.53	54.48	9.29	6.06	12.89	12.57	3.22	5.8	2.58	1
ENSG00000188997:KCTD21	6.41	7.29	8.65	7.43	7.61	7.81	0.64	1.7	2.87	1.63
ENSG00000189007:ADAT2	1.12	2.34	3.85	1.95	5.36	3.86	0.35	0.38	1.12	1.97
ENSG00000189046:ALKBH2	3.08	4.09	10.38	8.84	11.79	11.93	0.47	0.96	5.81	15.63
ENSG00000189050:RNFT1	7.75	10.37	35.74	24.39	67.18	65.53	6.12	9.99	15.39	15.25
ENSG00000189051:RNF222	0.28	0.65	4.92	0.92	0.2	0.03	0.63	1.02	0.39	0.5
ENSG00000189056:RELN	0	0	0.29	0.28	12.74	8.45	0.02	0.1	0.12	0.25
ENSG00000189058:APOD	34.98	131.94	6.9	3.3	284.59	230.28	0.33	0.5	0.61	2.12
ENSG00000189079:ARID2	13.56	14.59	23.09	14	6.59	5.24	3.36	7.21	6.78	3.15
ENSG00000189091:SF3B3	91.74	106.02	32.32	23.52	60.31	59.88	8.78	14.59	21.76	15.72
ENSG00000189108:IL1RAPL2	2.19	2.39	0.05	0	0	0	0.02	0	1.04	0.17
ENSG00000189120:SP6	20.75	18.9	2.6	2.35	80.39	96.1	4.3	12.52	6.85	9.53
ENSG00000189127:ANKRD34B	0	0.03	0.06	0	0.05	0	0.06	0.04	0	0
ENSG00000189139:FSCB	0.03	0	0	0	0	0	0.01	0	0	0
ENSG00000189157:FAM47E	12.14	15.92	0.04	0	1.45	0.87	0.01	0.02	0.79	0.35
ENSG00000189159:JPT1	17.92	35.92	54.22	52.6	96.06	96.28	2.04	3.92	28.4	25.97
ENSG00000189167:ZAR1L	0.05	0	0	0	5.66	5.89	0.02	0.03	0.06	0.23
ENSG00000189171:S100A13	36.72	41.82	63.57	88.22	12.08	26.48	6.15	11.04	53.9	206.04
ENSG00000189184:PCDH18	28.88	33.29	3.37	2.68	4.43	4.87	9.19	15.5	3.69	1.5
ENSG00000189195:BTBD8	1.84	2.36	3.68	3.21	1.65	1.56	0.56	1.46	0.96	0.5
ENSG00000189221:MAOA	241.84	137.04	25.98	16.77	7.37	6.65	13.16	30.53	10.27	4.92
ENSG00000189227:C15orf61	2.57	3.04	12.32	10.56	5.71	4.33	1.43	1.98	0.49	12.97
ENSG00000189266:PNRC2	103.81	120.2	71.7	59.33	152.6	124.52	18.16	26.48	62.43	16.94
ENSG00000189280:GJB5	1.74	2.71	33.39	23.27	178.36	185.94	0	0	3.01	6.24
ENSG00000189292:ALKAL2	7.92	5.4	0.03	0.06	0.39	0.76	0.03	0.17	0.92	0.35
ENSG00000189299:FOXR2	0	0	0.06	0.28	0	0	0	0.03	0.14	1.41
ENSG00000189306:RRP7A	21.17	18.48	80.97	62.34	20.39	20.94	1.56	3.92	18.22	82.22
ENSG00000189319:FAM53B	3.12	5.46	16.76	11.84	6.18	6.62	0.37	1.16	1.3	3.08
ENSG00000189320:FAM180A	0.43	0.24	0.96	1.03	2.88	1.15	0.05	0.1	0.09	0.28
ENSG00000189325:BNIP5	0	0	7.86	21.69	2.85	0.5	0.26	0.52	65.81	5.85
ENSG00000189334:S100A14	0	0.19	13.19	11.65	590.76	766.07	64.63	56.42	364.05	619.08
ENSG00000189337:KAZN	30.32	33.57	130.98	52.19	51.68	37.62	1.86	6.77	2.97	2.84
ENSG00000189339:SLC35E2B	24.58	27.48	10.02	6.41	4.27	4.83	0.89	2.96	6.25	1.73
ENSG00000189350:TOGARAM2	0.29	0.33	0.04	0.03	0.18	0.2	0.01	0.01	0.27	0.13
ENSG00000189362:NEMP2	1.05	1.73	2.48	2.34	4.48	5.06	0.27	0.71	1.24	0.66
ENSG00000189367:KIAA0408	0.09	0.38	0.03	0.04	0.35	1.13	0.08	0.24	0.2	0
ENSG00000189376:C8orf76	14.14	16.71	18.35	14.7	8.16	7.14	3.02	5.96	2.54	1.79
ENSG00000189409:MMP23B	2.07	7.47	36.3	36.84	3.43	3.68	0.4	1.29	1.73	13.39
ENSG00000189410:SH2D5	45.87	54.09	5.93	2.16	0.22	0.06	0.03	0.02	0	0
ENSG00000189431:RASSF10	0	0.02	1.48	0.29	0.18	0.15	0.01	0.06	5.32	8.3
ENSG00000189433:GJB4	0.26	0.92	5.85	2.95	20.74	27.95	0	0	167.36	99.49
ENSG00000196074:SYCP2	3.66	7.81	2.03	0.43	0.14	0.67	0.56	0.77	0.75	0.3
ENSG00000196083:IL1RAP	59.13	91.73	6.15	3.9	2.64	1.42	1.52	1.57	31.39	14.8
ENSG00000196090:PTPRT	0.21	0.62	0.07	0.02	0.01	0.01	0	0	0.64	0.19
ENSG00000196091:MYBPC1	0.01	0	0.1	0	0	0	0.12	0.18	0.16	0.07
ENSG00000196092:PAX5	0.12	0.1	0.2	0.86	0	0	0	0.11	0	0
ENSG00000196116:TDRD7	6.04	8.05	28.86	32.84	19.12	14.43	1.59	2.83	12.66	5.9
ENSG00000196118:CFAP119	0.72	1.35	4.1	5.19	3.01	4.69	0.01	0.25	13.09	4.41
ENSG00000196123:MATCAP1	8.65	16.49	1.58	2.31	1.33	1.39	0.28	0.8	4.16	2.96
ENSG00000196132:MYT1	0.05	0.04	0.08	0.06	0.08	0	0.01	0	0.05	0.04
ENSG00000196141:SPATS2L	22.32	38.72	6.87	13.06	50.49	33.54	6.16	11.74	37.16	17.54
ENSG00000196151:WDSUB1	12.86	15.84	18.09	12.75	14.38	17.82	2.29	5	9.12	6.26
ENSG00000196154:S100A4	18.27	37.73	16.94	26.79	23.54	55.67	0.3	0.42	74.51	372.11
ENSG00000196155:PLEKHG4	4.54	4.67	1.21	2.71	18.62	24.47	0.01	0.02	0.16	0.13
ENSG00000196159:FAT4	2.6	3.07	6.36	1.13	1.31	2.07	1.3	2.79	0.47	0.17
ENSG00000196177:ACADSB	4.54	6.26	41.14	32.47	5.65	3.12	1.75	2.34	42.38	2.27
ENSG00000196182:STK40	46.96	48.97	35.07	23.83	65	58.76	2.12	6.67	94.42	37.7
ENSG00000196187:TMEM63A	42.84	66.62	21.76	15.79	23.56	29.09	2.25	4.88	54.69	24.21
ENSG00000196189:SEMA4A	6.79	7.21	3.42	27.35	12.52	9.37	1.38	3.25	3.52	9.46
ENSG00000196199:MPHOSPH8	21.05	33.9	13.75	9.59	51.04	44.6	4.88	12.65	110.61	5.89
ENSG00000196208:GREB1	0.79	1.14	2.47	11.49	7.46	5.96	0.37	0.46	0.03	0
ENSG00000196218:RYR1	0.62	1.92	0.07	0.03	0.15	0.15	0.01	0.03	0.68	0.8
ENSG00000196220:SRGAP3	1	2.97	30.99	12.59	1.43	0.63	0.4	1.29	0.31	0.02
ENSG00000196227:FAM217B	5.46	7.36	1.28	0.88	0.68	0.81	0.37	1	0.11	0.16
ENSG00000196228:SULT1C3	0	0	0.09	0	0.04	0	0.01	0.01	0	0.07
ENSG00000196230:TUBB	171.79	174.51	153.03	129.47	337.49	313.11	34	75.64	67.63	147.47
ENSG00000196235:SUPT5H	59.68	87.81	140.25	80.42	84.63	85.52	4.16	11.95	92.29	77.85
ENSG00000196236:XPNPEP3	6.81	8.06	10.57	7.22	2.87	2.73	1.34	2.91	13.68	24.58
ENSG00000196277:GRM7	0.3	0.21	0.03	0	0	0	0.31	0.57	0.15	0.07
ENSG00000196284:SUPT3H	3.63	4.74	7.37	6.86	7.18	6.98	0.46	0.91	10.03	10.92
ENSG00000196289:BECN2	0.08	0.38	0	0	0	0	0	0	146.69	74.13
ENSG00000196290:NIF3L1	30.63	32.14	11.65	11.74	10.58	10.13	1.03	2.06	22.98	12.89
ENSG00000196296:ATP2A1	5.11	6.26	2.84	2.71	1.74	1.05	0.02	0.06	1.42	3.9
ENSG00000196305:IARS1	21.04	22.77	28.06	22.45	14.48	13.05	6.98	11.62	26.08	24.53
ENSG00000196338:NLGN3	0.83	2.16	0.04	0.17	10.22	12.13	0.37	1.28	8.06	15.27
ENSG00000196344:ADH7	0	0.03	0.16	0.23	0	0	0	0.1	1.32	0.46
ENSG00000196353:CPNE4	0	0	0.03	0	0	0	0.13	0.59	0.89	1.05
ENSG00000196358:NTNG2	0.26	1.04	5.89	4.02	1.54	0.59	0.03	0.14	0.09	0.14
ENSG00000196361:ELAVL3	0	0.01	0.66	0.21	0.29	0.47	0.01	0.02	0.32	0.51
ENSG00000196365:LONP1	25.97	32.35	34.33	34.34	39.9	38.05	6.39	14.98	53.22	31.02
ENSG00000196367:TRRAP	12.57	14.88	119.58	88.13	23.68	18.15	3.84	16.06	5.77	1.64
ENSG00000196371:FUT4	2.13	2.16	2.09	8.99	5.68	3.66	0.75	2.59	2.92	0.74
ENSG00000196372:ASB13	1.98	2.87	10.3	6.77	7.06	4.02	1.06	3.91	5.86	1.59
ENSG00000196376:SLC35F1	0.19	0.31	0.03	0	0.07	0.05	0.04	0.06	0.21	0.2
ENSG00000196396:PTPN1	32.64	33.98	27.31	26.49	119.55	53.27	2.99	5.64	16.4	2.92
ENSG00000196405:EVL	29.45	53.19	16.67	21.51	217.55	201.29	0.55	1.18	1.08	0.72
ENSG00000196407:THEM5	0.31	0.97	0.15	0	0	0	0.01	0	1.98	1.37
ENSG00000196408:NOXO1	0.2	0.64	2.86	3.86	0.5	0.32	0.75	1.37	4.53	132.24
ENSG00000196411:EPHB4	62.02	57	19.53	12.96	7.88	12.27	1.79	4.79	16.56	18.93
ENSG00000196415:PRTN3	0.16	0.13	0.19	0	0	0	0.01	0	0.43	1.37
ENSG00000196419:XRCC6	115.84	108.19	15.21	9.02	27.12	27.44	4.59	8.66	18.69	65.57
ENSG00000196422:PPP1R26	2.36	3.83	0.74	0.49	6.21	4.63	0.81	2.45	5.3	0.66
ENSG00000196428:TSC22D2	56.81	79.02	19.79	13.64	34.6	32.19	3.99	11.57	19.03	9.25
ENSG00000196431:CRYBA4	0	0	0.15	0	0.26	0.38	0.02	0.15	0.07	0.13
ENSG00000196449:YRDC	10.62	10.71	34.6	21.52	20.16	14.6	2.46	4.49	12.79	21.06
ENSG00000196453:ZNF777	11.2	12.38	23.02	12.01	31.1	24.39	0.74	2.24	7.5	15.23
ENSG00000196455:PIK3R4	18	25.37	21.55	16.9	24.74	24.78	3.62	6.59	8.28	6.54
ENSG00000196460:RFX8	0.35	1.15	1.98	1.85	0	0.1	0.28	0.3	0.02	0.27
ENSG00000196468:FGF16	0	0	0.03	0.15	0	0	0	0	4.77	0
ENSG00000196476:C20orf96	2.1	3.21	0.11	0.05	0.98	1.02	0.09	0.25	0	0
ENSG00000196482:ESRRG	39.52	36.67	0.1	0.3	0.37	0.47	0.03	0.16	0.1	0.12
ENSG00000196497:IPO4	7.1	8.23	48.06	43.27	12.24	12.55	1.8	4.57	12.52	17.22
ENSG00000196498:NCOR2	18.2	29.52	141.98	89.06	43.39	29.93	1.33	6.2	14.47	15.77
ENSG00000196503:ARL9	0.03	0.09	0.7	0	0.38	0.37	0.09	0.29	0.85	2.43
ENSG00000196504:PRPF40A	42.67	43.33	45.74	34.49	45.17	43.89	4.71	7.36	56.57	5.72
ENSG00000196505:GDAP2	10.88	8.8	20.1	28.96	13.07	11.61	2.99	4.93	9.08	1.15
ENSG00000196510:ANAPC7	24.17	36.74	22.6	24.95	25.34	25.24	4.43	7.14	21.83	17.23
ENSG00000196526:AFAP1	2.62	7.6	58.98	30.64	6.87	7.44	0.71	2.59	16.13	0.8
ENSG00000196531:NACA	358.97	436.57	275.15	326.97	466.58	420.77	83.25	115.06	94.09	217.97
ENSG00000196535:MYO18A	9.77	32.59	59.33	61.15	32.27	28.52	11.43	40.41	55.2	12
ENSG00000196542:SPTSSB	0.02	0.05	0.07	0	0.99	0.72	0	0	0	0
ENSG00000196547:MAN2A2	55.78	72.4	18.87	14.54	44.53	54.33	2.15	6.63	26.93	29.21
ENSG00000196549:MME	47.3	65.93	63.39	38.73	222.3	284.39	0.07	0.04	338.44	41.35
ENSG00000196553:CCDC196	0	0	0	0	0.09	0.75	0.01	0.02	0	0
ENSG00000196557:CACNA1H	1.77	2.43	0.09	0.05	4.62	5.38	0.48	1.63	0.49	0.35
ENSG00000196562:SULF2	9.56	12.21	83.51	50.63	13.27	3.38	0.18	0.79	80.25	39.42
ENSG00000196570:PFN3	0	0	0	0	1.96	1.65	0	0	1.1	0.66
ENSG00000196581:AJAP1	0.99	0.02	0.06	0.36	5.48	4.24	0	0	0.06	0
ENSG00000196584:XRCC2	4.76	6.51	3.59	3.11	3.8	1.47	0.06	0.14	6.81	9.09
ENSG00000196586:MYO6	9.65	12.01	22.91	32.95	74.18	51.2	12.78	22.89	55.34	11.49
ENSG00000196588:MRTFA	7.43	12.81	16.35	11.22	22.18	20.09	0.49	2.58	6.51	27.11
ENSG00000196591:HDAC2	77.67	82.85	31.71	25.47	48.31	40.28	8.88	14.6	39.85	18.06
ENSG00000196628:TCF4	26.92	43.14	38.92	25.17	13.77	14.94	7.29	15.01	14.36	3.24
ENSG00000196632:WNK3	0.12	0.41	1.93	1.26	0.01	0.08	0.09	0.16	0.67	0.23
ENSG00000196639:HRH1	2.21	3.49	0.08	0.17	2.24	2.1	0.33	0.53	0.18	1.03
ENSG00000196642:RABL6	22.92	33.09	57.8	45.7	63.52	57.54	2.91	12.58	30.78	8.98
ENSG00000196655:TRAPPC4	21.88	31.83	61.86	62.69	66.77	70.15	6.59	7.57	24.91	49.66
ENSG00000196660:SLC30A10	0.13	0.1	0.06	0.38	0.1	0	0.01	0	0.78	0.05
ENSG00000196663:TECPR2	4.92	5.31	8.06	4.4	5.79	5.95	0.48	2.01	6.45	4.61
ENSG00000196678:ERI2	9.91	12.62	5.45	3.95	2.34	2.29	0.2	0.18	0.88	0.2
ENSG00000196700:ZNF512B	7.35	10.35	29.27	20.61	20.38	18.55	0.58	1.81	8.95	2.71
ENSG00000196711:ALKAL1	0	0	0	0	1.87	0.23	0.01	0.01	0.1	0.28
ENSG00000196712:NF1	27.85	29.98	6.87	5.23	6.75	5.39	3.56	7.64	5.86	1.82
ENSG00000196715:VKORC1L1	14.34	14.69	34.4	23.62	58.18	42.29	5.81	9.77	79.18	41.78
ENSG00000196730:DAPK1	104.92	196.01	44.5	26.96	40	45.88	2.02	6.46	7.97	6.71
ENSG00000196743:GM2A	229.01	162.42	220.01	231.37	129.23	84.98	266.04	554.25	51.88	170.42
ENSG00000196776:CD47	57.48	91.01	60.47	60.26	106.21	110.63	29.51	50.01	40.2	66.74
ENSG00000196781:TLE1	21.1	32.96	10.42	9.37	14.84	13.51	1.08	3.01	51.68	20.03
ENSG00000196782:MAML3	3.65	5.75	22.46	11.13	14.28	12.89	0.67	2.71	6.73	2.27
ENSG00000196792:STRN3	16.4	18.8	42.42	28.8	30.37	27.36	5.18	8.66	55.78	11.02
ENSG00000196811:CHRNG	0.12	0.04	0.02	0.03	0.09	0.1	0	0	0	0
ENSG00000196814:MVB12B	19.05	21.6	11.76	6.37	4.63	7.39	0.48	1.11	2.04	0.55
ENSG00000196821:ILRUN	19.58	27.91	108.97	81.67	52.57	54.7	6.39	14.05	43.53	13.26
ENSG00000196839:ADA	1.4	1.85	121.7	88.13	314.28	193.76	1.78	2.53	34	21
ENSG00000196843:ARID5A	3.8	8.6	6.85	9.85	9.38	7.04	2.58	3.45	12.55	47.8
ENSG00000196844:PATE2	0.08	0.28	0.28	0.11	0	0	0	0	0	0
ENSG00000196850:PPTC7	9.77	9.74	12.84	12.17	12.01	10.01	2.98	4.41	17.84	1.11
ENSG00000196860:TOMM20L	0	0.19	0	0	3.92	3.19	0.38	0	0	0.19
ENSG00000196865:NHLRC2	12.86	13.83	11.12	9.45	6.61	6.79	4.89	9.86	3.32	0.75
ENSG00000196872:CRACDL	1.85	4.66	2.46	2.02	7.17	5.88	0.78	2.22	5.39	15.35
ENSG00000196878:LAMB3	0.85	9.94	7.37	32.98	40.2	15.29	12.8	35.42	103.39	59.99
ENSG00000196914:ARHGEF12	53.82	67.45	49.34	23.81	32.7	29.45	11.89	25.29	31.74	3.95
ENSG00000196923:PDLIM7	18.83	49.03	59.37	44.34	49.59	47.2	7.75	24.17	153.82	94.15
ENSG00000196924:FLNA	32.55	100.1	213.04	212.08	138.18	125.3	22.51	86.77	80.6	51.27
ENSG00000196932:TMEM26	1.45	1.6	0.45	1.02	0.98	0.67	0.38	0.4	1.95	1.06
ENSG00000196937:FAM3C	58.93	54.7	36.5	26.78	40.99	39.23	12.05	17.07	221.72	263.03
ENSG00000196943:NOP9	6.96	8.98	21.16	12.41	16.68	14.31	1.13	2.2	48.94	42.08
ENSG00000196950:SLC39A10	10.86	11.33	25.46	8.92	51.17	43.49	7.41	12.91	30.79	5.72
ENSG00000196968:FUT11	19.11	25.46	15.42	12.05	6.24	6.36	3.56	7.99	7.76	3.78
ENSG00000196975:ANXA4	146.17	197.42	141.02	126.18	74.6	107.96	20.31	28.02	535.46	152.67
ENSG00000196990:FAM163B	0.12	0.73	0.05	0	0	0	0	0	0.25	0.3
ENSG00000196998:WDR45	110.78	107.04	79.73	66.15	56.28	49.92	5.22	13.18	10.43	6.28
ENSG00000197006:METTL9	42.62	45.3	70.23	55.08	157.21	86.29	7.6	13.17	46.01	39.81
ENSG00000197024:ZNF398	5.43	6.15	3.98	5.52	2.33	2.72	1.03	2.21	4.99	1.53
ENSG00000197043:ANXA6	240.64	237.29	67.71	75.19	335.26	362.81	15.15	31.37	150.19	70.57
ENSG00000197045:GMFB	32.49	28.85	66.11	61.95	32.67	30.84	9.96	12.24	12.54	7.98
ENSG00000197046:SIGLEC15	0.13	0.23	0.09	0.07	0.58	0.39	0.02	0.07	0.16	0
ENSG00000197056:ZMYM1	5.66	8	16.65	12.01	11.58	11.54	1.67	3.02	0.29	0.94
ENSG00000197057:DTHD1	0.02	0.09	0.02	0	0.03	0.03	0	0	1.42	0.33
ENSG00000197063:MAFG	9.87	13.17	68.36	48.99	38.16	26.68	1.44	5.69	4.4	0.25
ENSG00000197070:ARRDC1	43.7	72.76	16.73	20.8	94.23	68.74	1.51	3.58	30.78	55.08
ENSG00000197077:KIAA1671	2.03	3.14	41.3	18.96	29.61	12.72	0.52	1.13	20.02	2.03
ENSG00000197081:IGF2R	27.15	25.23	124.69	85.76	47.1	51.09	3.32	16.84	45.83	10.39
ENSG00000197093:GAL3ST4	7.25	14.1	0.33	0.47	3.84	3.27	0.42	0.66	2.44	4.49
ENSG00000197102:DYNC1H1	73.44	96.01	122.27	103	62.94	62.35	8.36	29.83	26.38	13.44
ENSG00000197106:SLC6A17	0.56	0.33	0.99	1.38	0.29	0.14	0.11	0.64	0	0
ENSG00000197111:PCBP2	328.53	372.05	374.88	287.63	321.07	267.12	16.5	40.36	79.11	89.77
ENSG00000197114:ZGPAT	10.32	15.56	19.47	16.57	118.27	104.16	6.82	17.5	51.5	79.05
ENSG00000197121:PGAP1	6.41	7.36	1.37	3.58	1.23	1.82	2.21	3.89	0.96	0.28
ENSG00000197122:SRC	8.16	17.41	75.42	48.36	38.57	36.51	1.45	4.05	8.83	4.69
ENSG00000197136:PCNX3	16.96	22.86	39.57	28.72	26.28	25.74	1.36	5.49	13.91	36.41
ENSG00000197140:ADAM32	0.88	1.38	0.15	0.04	0.03	0.1	0.11	0.18	0	0
ENSG00000197142:ACSL5	5.67	5.6	25.85	40.67	42	61.69	4.3	8.01	55.08	20.59
ENSG00000197150:ABCB8	34.6	37.46	21.87	24.36	25.15	21.15	2.92	7.05	23.15	30.61
ENSG00000197157:SND1	65.75	68.51	70.94	57.3	103.12	111.08	29.25	72.72	50.76	25
ENSG00000197168:NEK5	1.01	2.13	0.17	1.03	0.17	0.14	0.07	0.1	2.64	0.57
ENSG00000197170:PSMD12	27.48	33	57.67	55.99	82.51	87.13	6.05	10.74	88.67	35.25
ENSG00000197181:PIWIL2	0.51	0.86	2.45	1.21	0.21	0.03	0.06	0.15	0.05	0.05
ENSG00000197183:NOL4L	6.54	10.48	7.15	7.41	4.28	3.93	0.2	0.94	4.49	2.46
ENSG00000197191:CYSRT1	0.66	0.9	2.73	1.04	5.33	5.17	0	0.04	2.84	4.47
ENSG00000197223:C1D	21.4	31.78	29.44	39.42	22.45	19.61	4.64	6.93	8.04	1.09
ENSG00000197226:TBC1D9B	34.04	50.62	37.39	38.89	35.44	35.88	1.91	5.02	14.3	5.88
ENSG00000197256:KANK2	24.62	53.92	17.73	20.55	18.12	15.15	2.82	8.46	20.2	16.8
ENSG00000197265:GTF2E2	13.23	13.94	50.96	44.4	56.81	34.22	2.58	4.08	43.27	34.29
ENSG00000197272:IL27	2.7	1.22	0.15	0.34	0.97	1.52	0.01	0	0.91	3.16
ENSG00000197273:GUCA2A	9.98	9.4	1.61	1.35	0	0	0	0	0.36	0.91
ENSG00000197275:RAD54B	0.89	1.3	2.13	2.49	1.53	1.56	1.09	1.98	30.27	1.66
ENSG00000197283:SYNGAP1	5.7	11.87	5.09	3.6	1.71	1.8	0.16	0.57	0.75	0.3
ENSG00000197296:FITM2	1.61	1.92	5.21	5.56	16.26	12.72	1.71	3.83	17.62	3.79
ENSG00000197299:BLM	2.97	2.66	2.77	5.14	5.53	5.75	0.16	0.28	0.41	0.33
ENSG00000197321:SVIL	10.41	14.8	10.15	9.21	25.57	28.14	2.22	5.93	46.13	22.89
ENSG00000197323:TRIM33	41.29	60.31	37.63	28.43	16.43	10.85	1.91	4.03	8.65	1.06
ENSG00000197324:LRP10	48.02	48.59	74.93	63.29	183.3	184.5	14.55	43.56	87.55	168.54
ENSG00000197329:PELI1	22.54	28.28	19.66	9.74	35.49	31.72	9.48	16.26	23.02	6.16
ENSG00000197345:MRPL21	17.16	21.45	28.37	26.62	17.79	14.88	1.71	4.79	70.7	97.79
ENSG00000197353:LYPD2	0	0.25	0	1.03	0	0	0	0.02	0	0
ENSG00000197355:UAP1L1	1.66	4.73	34.65	201.89	56.1	65.98	1.6	7.77	60.14	14.23
ENSG00000197361:FBXL22	0.48	0.64	0.49	0.46	0.62	0.65	0.18	0.75	1.81	1.39
ENSG00000197380:DACT3	0.94	1.5	2.29	3	1.08	1.22	1.1	3.93	0.29	1.81
ENSG00000197381:ADARB1	5.31	8.97	14.42	7.07	12.78	13.06	0.5	2.19	0.72	0.72
ENSG00000197386:HTT	16.44	21.52	14.62	10.97	11.65	11.77	1.08	3.94	2.9	0.95
ENSG00000197405:C5AR1	2.56	8.12	1.96	1.28	28.26	14.62	1.18	1.96	1.46	4.21
ENSG00000197415:VEPH1	1.61	1.17	0.05	0.22	9.98	5.61	0.54	1.07	0.26	0.46
ENSG00000197429:IPP	7.02	8.29	78.97	16.14	5.47	5.63	1.63	3.2	77.33	34.95
ENSG00000197430:OPALIN	0	0.02	0	0	0	0	0	0	0	0
ENSG00000197442:MAP3K5	1.56	3.87	6.66	8.53	13.94	9.99	2.64	4.25	2.96	2.94
ENSG00000197444:OGDHL	0.22	0.02	4.41	11.74	0.02	0	0	0.09	0.12	0.02
ENSG00000197446:CYP2F1	1.35	1.5	0	0	0	0	0.02	0.08	0.82	0.04
ENSG00000197448:GSTK1	143.6	172.01	13.17	7.58	71.86	53.45	2.87	5.32	75.22	44.27
ENSG00000197457:STMN3	6.57	7.49	0	0	0.06	0.12	0.04	0.14	36.51	3.45
ENSG00000197461:PDGFA	8.1	20.06	63.6	35.32	18.68	25.08	1.87	5.54	7.2	3.16
ENSG00000197467:COL13A1	0.22	1.09	1.59	2.49	0.08	0.13	0.22	0.4	7.54	16.83
ENSG00000197471:SPN	0.62	0.81	4.99	3.2	1.74	1.56	0.07	0.07	3.32	3.99
ENSG00000197483:ZNF628	2.03	2.45	5.11	4.23	11.33	5.65	0.25	1.25	1	3.27
ENSG00000197496:SLC2A10	2.17	4.86	1.63	1.23	1.89	0.77	0.6	3.32	1.38	1.95
ENSG00000197498:RPF2	10.91	12.24	9.78	12.76	13.11	9.67	3.14	3.94	10.84	16.65
ENSG00000197506:SLC28A3	0.06	0.07	1.81	0.66	5	5.8	0.01	0	0.03	0.06
ENSG00000197530:MIB2	14.85	48.62	34.97	29.4	40.68	53.53	2.22	7.81	8.61	14.09
ENSG00000197535:MYO5A	3.89	4.84	46.94	29.03	4.67	3.72	1.1	1.71	6.77	0.46
ENSG00000197540:GZMM	0.29	0.28	9.01	6.18	0.21	0.12	0.06	0.12	0.14	0.19
ENSG00000197548:ATG7	13.45	15.49	18.84	15.25	7.14	5.95	1.63	3.53	7.51	10.64
ENSG00000197555:SIPA1L1	36.42	22.12	18.26	13.22	36.72	38.21	3.89	11.65	8.65	5.11
ENSG00000197561:ELANE	0.3	0.14	0	0	0	0	0	0.09	0.09	2.18
ENSG00000197563:PIGN	27.48	27.11	12.47	6.52	8.19	7.88	4.33	5.69	1.74	2.22
ENSG00000197580:BCO2	1.65	4.43	0.13	0.15	0.88	1.01	0.08	0.21	6.98	5.01
ENSG00000197584:KCNMB2	0.4	0.05	0.08	8.8	0	0	0	0	0	0
ENSG00000197586:ENTPD6	19.53	31.89	6.85	6	10.32	7.48	3.09	3.91	3.08	9.47
ENSG00000197587:DMBX1	0	0.01	0	0	0.29	0.43	0	0	0	0
ENSG00000197591:OR11L1	0	0	0	0.08	0	0	0	0	0	0
ENSG00000197594:ENPP1	6.1	32.26	3.58	2.76	24.56	23.01	9.28	16.61	2.34	1.82
ENSG00000197599:CCDC154	0.34	2.06	0.05	0.17	0	0.04	0.22	0.51	0.76	0.24
ENSG00000197601:FAR1	17.65	26.17	22.27	16.12	43.65	42.44	3.32	5.85	13.39	18.64
ENSG00000197603:CPLANE1	6.19	8.48	7.33	3.4	4.82	6.4	0.32	0.56	2.66	0.8
ENSG00000197614:MFAP5	234.39	154.87	306.33	260.43	11.56	59.3	0.64	1.28	14.45	13.08
ENSG00000197616:MYH6	0.04	0.04	0.65	0.17	0.7	0.29	0.38	0.69	1.34	0.37
ENSG00000197622:CDC42SE1	115.18	119.52	110.27	57.25	59.4	51.26	12.63	23.98	273.36	117.81
ENSG00000197635:DPP4	89.74	130.35	1.37	2.79	3.84	7.85	0.61	1	92.59	73.33
ENSG00000197646:PDCD1LG2	0.78	1.97	0.18	0.15	0.29	0.22	0.16	0.17	2.73	4.17
ENSG00000197651:CCER1	0.02	0	0	0	0	0	0.01	0.04	0.03	0
ENSG00000197653:DNAH10	0.21	0.25	0.94	0.77	17.26	14.24	0.07	0.14	0.98	0.6
ENSG00000197674:OR51C1	0.1	0.08	0.21	0	0	0	0	0.06	0.24	0
ENSG00000197694:SPTAN1	70.92	124.44	141.33	170.29	104.92	116.14	10.49	30.4	228.67	61.57
ENSG00000197696:NMB	1.04	0.71	15.09	19.08	8.86	15.57	0.24	0.62	2.36	12.06
ENSG00000197702:PARVA	12.86	17.12	104.17	80.48	85.45	58.79	5.51	13.61	80.52	31.84
ENSG00000197705:KLHL14	0.49	0.68	0	0	0.2	0.08	0	0.02	7.47	4.77
ENSG00000197712:FAM114A1	25.14	29.33	31.35	25.49	17.74	11.3	3.41	8.23	11.88	3.14
ENSG00000197724:PHF2	27.21	41.37	35.52	20.31	14.37	13.28	1.3	3.5	10.9	2.23
ENSG00000197753:LHFPL5	6.92	9.06	0	0.15	0	0	0.02	0.01	1.88	4.48
ENSG00000197757:HOXC6	2.35	6.05	1.49	2.36	0.64	0.4	0.09	0.48	3.27	4.82
ENSG00000197763:TXNRD3	2.11	1.81	2.97	5.31	5.27	4.23	0.55	2.13	6.76	4.97
ENSG00000197768:STPG3	0.6	1.08	0.11	0.44	0	0	0	0	0.12	0.09
ENSG00000197771:MCMBP	37.03	32.09	25.78	25.47	39.37	29.22	4.61	7.75	19.7	17.9
ENSG00000197776:KLHDC1	2.46	3.96	3.92	3.42	2.72	2.91	0.41	0.65	2.49	1.07
ENSG00000197780:TAF13	32.88	22.91	27.19	22.86	29.86	25.63	4.91	7.07	90.97	28.54
ENSG00000197785:ATAD3A	12.42	13.78	28.49	26.89	15.87	14.47	2.18	4.63	17.03	22.11
ENSG00000197798:FAM118B	7.15	9.46	14.45	27.01	20.25	17.43	5.29	13.79	33.42	19.88
ENSG00000197816:CCDC180	0.73	1.83	0.02	0.05	0.01	0.03	0.04	0.3	0.51	0.13
ENSG00000197818:SLC9A8	4.74	7.26	22.29	18.92	10.83	9.67	0.39	0.89	3.97	1.38
ENSG00000197822:OCLN	12.64	12.29	7.25	23.23	133.99	135.23	10.42	13.87	263.36	43.05
ENSG00000197826:CFAP299	0.09	0	0.06	0.21	0	0	0.07	0.03	15.7	7.02
ENSG00000197852:INKA2	2.69	3.78	0.49	0.67	3.21	2.87	0.48	1.81	0.59	3
ENSG00000197858:GPAA1	71.5	83.04	21.73	16.83	65.7	68	5.37	13.28	12.38	35.89
ENSG00000197859:ADAMTSL2	0.36	0.86	2.25	4	4.22	8.29	0.09	0.29	5.81	2.96
ENSG00000197860:SGTB	1.5	2.58	2.84	1.83	0.48	0.14	0.24	0.44	0.9	4.78
ENSG00000197872:CYRIA	31.31	35.6	5.32	2.35	8.14	4.76	0.48	1.88	3.77	12.71
ENSG00000197879:MYO1C	74.58	97.94	159.46	195.55	82.15	81.87	7.33	21.79	89.84	44.44
ENSG00000197885:NKIRAS1	5.72	6.02	12.52	15.25	1.05	2.16	0.67	1.04	11.41	9.73
ENSG00000197889:MEIG1	1.43	0.99	0.21	0	0	0	0.01	0.01	1.77	1.05
ENSG00000197891:SLC22A12	0	0	0.08	0.5	0	0	0.01	0	0.23	0.11
ENSG00000197892:KIF13B	2.21	3.94	29.87	15.99	20.56	12.19	12	24.36	25.16	1.56
ENSG00000197893:NRAP	0	0	0.21	0.15	0.24	0.3	0.16	0.41	0.34	0.23
ENSG00000197901:SLC22A6	0	0	0	0.21	0	0	0.01	0.01	0.06	0.76
ENSG00000197905:TEAD4	5.16	5.12	89.35	59.6	36.27	35.27	2.23	9.09	66.75	21.98
ENSG00000197912:SPG7	38.58	67.52	33.37	29.6	33.18	29.49	2.49	7.45	27.19	8.6
ENSG00000197921:HES5	0.19	0.42	0.04	0	0	0	0	0	0.06	1.11
ENSG00000197930:ERO1A	27.9	32.19	128.32	118.53	20.25	10.49	5.44	9.53	2.14	0.76
ENSG00000197943:PLCG2	5.72	21.04	4.04	2.23	17.76	14.42	0.89	2.18	1.78	0.94
ENSG00000197956:S100A6	309.32	346.26	1073.8	1938.11	5.17	1.83	203.24	205.72	21829.56	3172.24
ENSG00000197959:DNM3	0.43	0.65	2.08	2.87	1.93	3.02	0.79	1.38	1.07	0.39
ENSG00000197971:MBP	1.06	2.13	15.23	20.55	37.85	21.97	1.81	2.55	5.53	1.15
ENSG00000197977:ELOVL2	13.33	19.87	1.17	0.88	45.39	46.83	0.03	0.02	9.94	0.61
ENSG00000197980:LEKR1	1.06	0.14	3.27	3.04	0.07	0.07	0.03	0.07	0.03	0.1
ENSG00000197993:KEL	4.09	4.16	0.81	4.43	0.53	0.25	0.15	0.13	11.12	6.74
ENSG00000198000:NOL8	20.58	30.01	8.03	5.89	16.72	14.56	3.13	5.59	15.83	15.63
ENSG00000198001:IRAK4	20.14	22.12	9.95	14.28	30.94	25.24	3	5.53	7.61	2.44
ENSG00000198003:ODAD3	0.26	0.44	0.16	0.04	1.46	3.11	0.05	0.21	11.01	5
ENSG00000198018:ENTPD7	6.63	5.72	6.31	4.34	3.82	3	0.92	1.44	6.07	1.67
ENSG00000198026:ZNF335	13.74	18.46	17.27	11.94	14.38	12.06	1.44	5.97	6.24	13.66
ENSG00000198042:MAK16	7.45	8.84	23.02	18.45	17.88	14.65	5.99	9.47	18.31	12.16
ENSG00000198049:AVPR1B	0	0	0	0	0.03	0	0.01	0	0.03	0
ENSG00000198055:GRK6	5.37	6.9	22.04	14.22	38.53	28.4	3.35	13.22	7.82	5.42
ENSG00000198056:PRIM1	3.17	5.79	3.3	2.94	11.79	11.51	0.92	1.69	2.48	0.45
ENSG00000198060:MARCHF5	24.63	30.91	58.98	44.21	40.69	33.2	4.2	6.04	17.88	12.54
ENSG00000198081:ZBTB14	7.71	9.79	14.99	10.45	7.33	6.46	0.3	0.62	6.46	3.46
ENSG00000198087:CD2AP	16.55	17.97	72.36	55.8	65.75	52.23	24.76	33.78	154.83	7.29
ENSG00000198089:SFI1	16.97	28.11	122.95	109.35	4.8	4.34	0.26	0.98	0.75	5.08
ENSG00000198092:TMPRSS11F	0.72	0.96	0.14	0.02	0	0	0.03	0.07	10.4	2.38
ENSG00000198104:OR2T6	0	0	0	0	0	0	0	0	0	0
ENSG00000198113:TOR4A	0.79	1.45	18.8	14.1	21.24	17.22	1.29	4.16	5.26	16.14
ENSG00000198130:HIBCH	15.72	15.86	14.33	9.43	37.13	35.45	2.54	3.17	177.79	30.41
ENSG00000198133:TMEM229B	10.77	14.85	23.58	10.49	60.31	19.81	0.02	0.09	2.45	14.38
ENSG00000198146:ZNF770	18.23	15.74	2.64	1.22	1.96	1.62	0.72	0.88	5.1	4.78
ENSG00000198162:MAN1A2	204	157.22	37.53	18.11	19.57	16.94	4.19	7.98	71	11.66
ENSG00000198171:DDRGK1	69.22	58.47	160.62	143.12	114.77	114.99	8.56	17.75	103.5	85.1
ENSG00000198176:TFDP1	25.86	29.1	55.66	37.01	33.9	40.22	1.22	3.3	7.81	2.74
ENSG00000198189:HSD17B11	10.16	23.01	117.13	97	126.5	178.27	4	7.51	32.29	23.78
ENSG00000198198:SZT2	19.79	27.55	13.14	9.85	5.36	5.83	0.61	2.63	3.32	3.29
ENSG00000198203:SULT1C2	0.11	0.1	0.05	0.04	0	0	0	0.01	1.44	2.85
ENSG00000198208:RPS6KL1	0.52	1.38	0.31	0.6	20.76	23.42	0.02	0.07	0.03	0.08
ENSG00000198216:CACNA1E	0.04	0.03	0.18	0.05	0	0.01	0.04	0.08	0.06	0.06
ENSG00000198231:DDX42	82.87	109.3	41.84	29.89	56.21	48.45	5.72	10.52	33.6	17.78
ENSG00000198265:HELZ	10.35	14.69	40.87	26.63	30.39	26.52	4.36	8.13	3.8	0.38
ENSG00000198276:UCKL1	37.84	57.81	46.71	46.44	29.61	39.4	4.35	15.2	41.58	44.93
ENSG00000198286:CARD11	0.11	0.5	0.15	0.39	1.97	1.46	0.04	0.06	0.23	0.05
ENSG00000198301:SDAD1	15.52	16.2	13.57	8.46	8.99	8.26	2.02	3.08	37.87	25.34
ENSG00000198315:ZKSCAN8	10.86	13.01	5.52	2.88	8.52	8.19	0.49	1.13	6.81	3.84
ENSG00000198326:TMEM239	0.04	0.01	0	0	0	0	0	0	0	0
ENSG00000198331:HYLS1	2.68	3.55	2.15	1.68	4.72	4.79	0.36	0.64	6.75	7.26
ENSG00000198336:MYL4	0.51	2.58	46.81	40.12	0.83	1.51	0.07	0.23	18.23	3.47
ENSG00000198355:PIM3	63.65	79.38	64.34	47.57	37.6	33.04	9.31	27.84	52.98	72.23
ENSG00000198356:GET3	32.77	36.97	43.89	43.33	42.96	37.02	7.13	13.22	37.68	89.31
ENSG00000198363:ASPH	27.36	40.33	24.97	19.65	11.86	11.51	2.28	4.9	16.22	1.45
ENSG00000198369:SPRED2	11.62	13.16	16.32	11.13	11.29	9.15	0.72	1.9	17.99	2.94
ENSG00000198373:WWP2	22.36	26.68	23.31	21.97	42.17	42.46	2.63	9.65	36.74	8.25
ENSG00000198380:GFPT1	58.22	56.81	69.22	48.92	56.62	31.95	18.1	25.71	30.48	10.77
ENSG00000198382:UVRAG	10.45	14.16	23.17	23.24	7.92	6.14	2.21	4.7	19.8	6.72
ENSG00000198399:ITSN2	17.74	25.88	48.75	39.16	14.55	14.79	4.93	7.35	28.64	21.77
ENSG00000198400:NTRK1	0	0.19	0.23	0.31	0.07	0.25	0.03	0.07	0.08	0
ENSG00000198408:OGA	92.37	127.13	84.03	56.86	54.11	53.21	16.58	26.53	87.84	36.16
ENSG00000198435:NRARP	6.34	8.34	8.32	6.47	1.64	6.67	0.91	4.77	10.54	14.31
ENSG00000198445:CCT8L2	0.21	0.14	0.17	0.08	0.83	0.6	0.03	0.03	0.58	0.36
ENSG00000198467:TPM2	29.26	99.69	163.4	108.54	173.94	131.37	26.89	73.25	134.19	239.33
ENSG00000198478:SH3BGRL2	25.54	30.63	41.29	37.75	153.19	146.85	16.08	22.51	50.64	29
ENSG00000198483:ANKRD35	0.02	0.24	24.8	11.04	0.83	0.87	0.08	0.15	3.63	5.49
ENSG00000198492:YTHDF2	40.55	43.1	35.35	20.17	66.18	50.11	5.43	12.48	24.06	12.59
ENSG00000198498:TMA16	10.53	10.12	3.14	3.11	44.95	30.73	4.28	7.9	14.26	21.58
ENSG00000198513:ATL1	0.82	0.91	8.33	10.78	0.98	2.36	0.15	0.28	8.12	4.41
ENSG00000198515:CNGA1	10.61	5.63	0.32	0.5	0.06	0	0.01	0	0.04	0.12
ENSG00000198517:MAFK	178.55	223.26	75.4	49.5	27.64	22.97	5.76	15.12	7.09	2.99
ENSG00000198520:ARMH1	1.29	1.7	0.07	0.12	0.04	0	0.02	0	0.76	0.61
ENSG00000198522:GPN1	17.43	16.25	12.01	12.51	15.77	12.72	2.26	3.82	47.74	48.19
ENSG00000198523:PLN	0.05	0	0.56	0.07	0.14	0.06	3.24	10.49	1.75	0
ENSG00000198542:ITGBL1	2.42	13.47	1.38	2.3	0	0	0.01	0.01	1.12	0.59
ENSG00000198546:ZNF511	5.22	9.01	14.34	17.47	12.49	10.67	1.9	4.58	1.56	17.72
ENSG00000198554:WDHD1	2.71	2.46	4.25	2.44	8.29	8.36	0.7	1.26	8.02	4.66
ENSG00000198561:CTNND1	101.55	120.57	139.01	94.7	149.46	161.98	27.58	55.53	58.77	22.46
ENSG00000198563:DDX39B	153.34	237.24	114.14	84.47	125.92	147.14	16.54	55.32	108.13	250.93
ENSG00000198569:SLC34A3	0.07	0.2	0.39	2.43	1.32	1.19	0.01	0.06	0	0
ENSG00000198570:RD3	0.06	0.04	1.61	0.93	0.07	0	0.02	0	0.65	0.61
ENSG00000198576:ARC	0.16	0.21	2.39	1.21	0.32	0.12	0.05	0.2	0.07	0.06
ENSG00000198586:TLK1	57.08	55.52	30.71	22.71	27.96	23.02	3.98	7.45	39.26	17.12
ENSG00000198589:LRBA	11.33	12.71	10.35	8.99	32.51	38.57	4.95	9.78	14.9	3.94
ENSG00000198597:ZNF536	0	0	0.25	0.03	0.06	0	0.01	0.04	0	0.12
ENSG00000198598:MMP17	0.22	0.78	0.77	0.58	0.21	0.09	0.05	0.1	0.78	1
ENSG00000198604:BAZ1A	15.83	23.14	7.12	9.56	15.52	16.02	6.4	9.25	25.98	5.65
ENSG00000198612:COPS8	29.71	40.79	56.04	56.72	43.5	39.74	3.94	9.09	18.66	34.39
ENSG00000198624:CCDC69	43.06	69.48	3.23	2.79	7.33	2.89	0.05	0.12	18.94	5.72
ENSG00000198625:MDM4	34.7	41.45	50.11	33.71	29.84	28.37	4.43	7.92	25.01	2.31
ENSG00000198626:RYR2	2.03	2.88	0.41	0.37	0.15	0.13	0.16	0.41	0.25	0.02
ENSG00000198643:FAM3D	0.2	1.09	0.36	0.47	47.02	16.34	1.63	3.86	130.95	176.49
ENSG00000198646:NCOA6	23.92	25.83	38.37	22.8	18.01	18.24	1.27	4.1	5.05	3.58
ENSG00000198648:STK39	0.46	0.69	15.69	7.9	4.99	2.83	1.75	4.5	22.67	3.09
ENSG00000198650:TAT	0.01	0.11	0.08	0.5	1.02	20.84	0.01	0	274.93	119.56
ENSG00000198663:C6orf89	35.56	32.82	66.79	60.92	28.59	27.45	3.61	8.75	140.12	108.2
ENSG00000198673:TAFA2	2.07	0.76	0.02	0	0	0	0.51	0.66	0.29	0
ENSG00000198674:OR10G6	0	0.06	0.07	0.24	0	0	0.04	0.03	0	0
ENSG00000198680:TUSC1	14.75	15.07	2.01	2.75	4.6	2.56	0.53	0.83	2.28	10.87
ENSG00000198682:PAPSS2	11.36	15.2	30.88	18.82	81.71	57.2	14.46	5.61	11.25	22.61
ENSG00000198689:SLC9A6	4.99	5.57	28.31	29.39	14.4	9.31	1.5	2.79	6.34	5.02
ENSG00000198691:ABCA4	0.89	1.47	3.61	3.05	1.17	0.84	0.15	0.49	0.55	0.67
ENSG00000198700:IPO9	24.09	27.96	35.28	23.06	76.61	78.67	3.45	10.75	19.07	20.12
ENSG00000198712:MT-CO2	9319.49	9884.69	43.03	0	5087.96	6966.13	4059.67	5855.61	13335.44	17481.72
ENSG00000198715:GLMP	42.43	49.6	439.33	378.87	65.04	65.67	5.87	12.12	15.55	56.38
ENSG00000198718:TOGARAM1	10.07	7.68	14.02	8.83	3.65	3.16	1.77	3.96	3.14	1.29
ENSG00000198719:DLL1	1.11	1.85	31.31	12.49	20.86	21.25	0.38	1.11	10.02	4.45
ENSG00000198720:ANKRD13B	2.85	3.25	2.42	2.1	21.08	23.43	0.14	0.85	0.56	0.69
ENSG00000198722:UNC13B	3.74	4.08	7.18	5.59	11.53	10.13	1.88	3.52	21.39	18.13
ENSG00000198723:SAXO5	0.09	0	0.78	0.05	0.05	0	0	0	0	0.03
ENSG00000198727:MT-CYB	5182.98	6814.34	4044.55	3076	3463.43	4038.92	346.77	680.98	5771.41	9799.57
ENSG00000198728:LDB1	50.41	74.19	100.72	80.29	111.87	110.17	6.17	18.15	156.07	99.37
ENSG00000198730:CTR9	21.88	24.71	99.91	63.35	29.23	28.83	3.56	7.12	22.08	10.26
ENSG00000198732:SMOC1	5.29	4.76	32.32	18.2	0.41	0.2	0.23	0.53	0.8	1.04
ENSG00000198734:F5	35.19	96.36	0.4	0.36	1.35	0.55	0.04	0.06	5.48	2.21
ENSG00000198739:LRRTM3	0	0.05	0	0.06	0.37	0	0.02	0.04	0	0.25
ENSG00000198740:ZNF652	14.84	20.66	16.03	11.72	3.96	2.99	0.87	1.96	5.61	0.35
ENSG00000198742:SMURF1	15.18	16.89	36.15	24.56	25.49	26.72	1.09	2.82	29.7	3.08
ENSG00000198746:GPATCH3	8.07	9.68	8.35	7.89	12.32	11.84	2.5	5.48	9.78	4.72
ENSG00000198752:CDC42BPB	45.12	51.76	102.87	82.82	72	56.36	7.67	27.88	32.41	9.81
ENSG00000198753:PLXNB3	0.15	0.13	0.11	0.11	0.24	0.34	0.01	0	10.19	11.07
ENSG00000198756:COLGALT2	0.08	0.07	0.75	0.27	11.41	10.19	0.13	0.28	116.15	18.42
ENSG00000198758:EPS8L3	0	0	0.38	51.74	5.56	2.29	0.01	0	0.1	0.95
ENSG00000198763:MT-ND2	7432.93	9781.53	2781.54	2251.35	1537.3	2087.13	213.61	380.97	1612.43	4116.06
ENSG00000198765:SYCP1	0	0.44	1.96	0.87	0.15	0.04	0	0.02	0.08	0
ENSG00000198771:RCSD1	6.09	9.41	33.67	22.79	8.33	7.09	1.98	4.73	55.17	3.18
ENSG00000198774:RASSF9	0.6	0.35	0.51	0.33	2.55	1.54	2.06	3.63	25.83	1.66
ENSG00000198780:FAM169A	0.75	0.63	2.32	1.33	28.38	25.89	1.91	3.33	0.64	0.11
ENSG00000198783:ZNF830	8.04	12.2	14.52	12.66	16.92	17.01	2.16	4.23	42.5	28.24
ENSG00000198785:GRIN3A	0.07	0.11	0.11	0.08	0.02	0	0.05	0.11	0.02	0.19
ENSG00000198786:MT-ND5	4121.89	3400.01	1076.25	802.75	1041.64	1323.68	192.86	257.31	1380.08	941.4
ENSG00000198792:TMEM184B	52.82	63.32	75.7	47.41	62.43	37.75	1.29	4.58	57.89	81.74
ENSG00000198794:SCAMP5	2.36	5.94	32.64	24.06	1.12	0.85	1.29	2.27	0.13	0.25
ENSG00000198795:ZNF521	5.2	4.94	1.01	0.45	2.48	2.53	1.14	2.44	0.9	0.11
ENSG00000198796:ALPK2	0.06	0.47	20.69	13.28	0.08	0.03	0.04	0.04	1.37	0.1
ENSG00000198797:BRINP2	0	0.02	0.27	0.04	0	0	0	0.01	1.28	1.14
ENSG00000198799:LRIG2	12	11.18	13.19	6.9	10.28	8.54	3.04	5.79	2.77	0.35
ENSG00000198804:MT-CO1	11447.34	15819.28	7029.06	8567.52	10797.95	15557.1	4740.11	6583.45	23802.31	20950.87
ENSG00000198807:PAX9	0.1	0.04	0.41	0.09	0	0	0.04	0.06	0.05	0.04
ENSG00000198815:FOXJ3	44.78	39.1	27.18	19.11	22.75	16.87	3.31	5.93	5.92	1.72
ENSG00000198821:CD247	0.49	0.76	0.55	1.67	3.92	3.8	0.43	0.7	0.09	0.69
ENSG00000198822:GRM3	0	0.03	0	0	0.71	0.21	0.03	0.03	2.85	1.74
ENSG00000198825:INPP5F	17.82	21	13.42	11.99	5.54	5.13	2.45	3.24	13.94	2.12
ENSG00000198835:GJC2	0.13	0.43	0.39	0.48	0.65	0.35	0	0.01	0.79	0.44
ENSG00000198836:OPA1	22.63	26.2	21.72	14.12	19.99	17.56	4.01	6.4	83.8	42.54
ENSG00000198837:DENND4B	25.63	42.25	3.84	1.81	6.31	6.27	0.51	1.53	4.27	9.19
ENSG00000198839:ZNF277	6.22	3.42	7.95	10.46	16.5	23.08	6.3	7.04	2.66	1.95
ENSG00000198840:MT-ND3	7591.94	8775.32	510.06	255.22	7307.07	7826.93	1053.34	1343.79	993.89	9370.42
ENSG00000198841:KTI12	4.4	5.04	14	11.73	3.84	2.92	2.79	5.44	3.01	8.05
ENSG00000198842:STYXL2	0.71	1.42	0.2	0.29	0.02	0.02	0.01	0.02	1.14	1.06
ENSG00000198844:ARHGEF15	12.54	19.4	7.58	5.54	5.2	9.02	0.41	1.52	3.89	2.45
ENSG00000198846:TOX	0.93	1.61	0.49	0.94	0.19	0.11	0.16	0.47	0.81	2.58
ENSG00000198851:CD3E	0.7	0.88	0.08	0	1.9	1.27	0.07	0.14	0.37	1.2
ENSG00000198853:RUSC2	4.28	7.67	74.9	50.07	8.71	6.62	1.28	3.92	13.07	18.61
ENSG00000198854:KPLCE	0	0	0	0	0.08	0	0.02	0.04	0	0
ENSG00000198855:FICD	7.14	5.68	11.12	10.02	5.56	6.24	0.8	2.28	12.68	2.49
ENSG00000198856:OSTC	60.61	58.48	107.4	124.68	116.43	97.34	14.32	19.75	200.27	209.75
ENSG00000198858:R3HDM4	14.68	24.43	57.83	66.12	40.67	42.12	3.83	9.24	45.49	103.39
ENSG00000198860:TSEN15	22.71	25.94	15.06	13.36	22.88	18.3	3.09	4.46	7.44	2.45
ENSG00000198862:LTN1	18.74	20.22	14.18	9.36	8.56	7.43	4.53	7.38	10.49	10.46
ENSG00000198863:RUNDC1	8.15	10.14	12.86	10.75	8.91	7.01	3.42	6.44	21.53	8.32
ENSG00000198865:CCDC152	1.36	3.78	0.73	5.74	13.23	14.75	28.52	33.8	2.91	2.69
ENSG00000198870:STKLD1	2.06	2.09	0.13	0.15	0.03	0	0.01	0.06	0.16	0.7
ENSG00000198873:GRK5	8.19	15.94	4.67	3.48	24.18	20.84	2.08	3.93	7.33	2.51
ENSG00000198876:DCAF12	20.92	22.96	61.86	43.21	32.24	27.81	4.63	10.26	19.38	11.1
ENSG00000198879:SFMBT2	2.77	4.68	67.94	27.55	1.84	1.06	0.13	0.34	1.28	0.16
ENSG00000198885:ITPRIPL1	0.28	0.41	2.25	2.22	3.08	2.63	0.46	1.01	7.72	4.85
ENSG00000198886:MT-ND4	7447.39	10584.25	3219.51	2427.88	2125.7	2618.42	131.69	159.25	2684.93	5688.76
ENSG00000198890:PRMT6	12.58	8.65	9.12	8.18	17.12	13.28	0.52	1.31	3.69	1.81
ENSG00000198892:SHISA4	4.41	2.92	13.51	7.7	37.37	44.29	3.33	8.47	82.46	74.85
ENSG00000198894:CIPC	11.99	12	11.86	11.54	10.41	8.16	3.25	8.11	4.87	4.25
ENSG00000198898:CAPZA2	76.31	102.93	72.13	74.23	105.56	75.88	51.68	73.5	84.19	98.08
ENSG00000198909:MAP3K3	11.26	21.57	45.7	30.16	25.55	29.54	2.65	8.47	44.58	11.32
ENSG00000198910:L1CAM	1.22	1.57	0.75	0.32	0.08	0.16	0.01	0.04	0.12	1.16
ENSG00000198911:SREBF2	26.31	30.81	61.41	93.83	55.65	49.14	9.26	40.16	32.08	48.08
ENSG00000198912:C1orf174	20.6	27.04	21.97	20.52	38.22	33.23	0.46	0.95	19.04	7.41
ENSG00000198914:POU3F3	0	0	0.12	0.02	0	0	0.03	0.03	0	0
ENSG00000198915:RASGEF1A	0.86	0.61	2.71	2.69	10.53	9.11	0.58	1.32	2.5	1.67
ENSG00000198917:SPOUT1	6.97	9.1	13.94	19.45	9.21	6.92	1.02	2.03	19.28	35.99
ENSG00000198918:RPL39	242.07	227.73	326.93	338.41	324.58	392.57	195.41	235.82	1326.78	872.79
ENSG00000198919:DZIP3	3.88	4.59	6.78	3.92	1.22	1.62	0.31	0.43	14.53	1.29
ENSG00000198924:DCLRE1A	4.04	3.83	7.07	3.35	6.05	6.27	1.35	2.49	2.08	1.92
ENSG00000198925:ATG9A	41.86	46.39	25.69	28.03	23.76	23.49	2.18	6.88	22.21	25.33
ENSG00000198931:APRT	22.04	25.1	355.31	368.54	43.6	47.95	1.85	5.32	9.32	31.67
ENSG00000198933:TBKBP1	3.43	6.53	7.6	5.99	6.97	8.41	0.26	0.65	10.49	4.74
ENSG00000198937:CCDC167	7.24	6.95	4.78	3.45	39.44	41.45	3.19	8.73	16.49	5.29
ENSG00000198938:MT-CO3	6132.24	8019.68	257.85	297.43	8419.4	11459.68	1329.77	3328.43	5868.81	23499.56
ENSG00000198944:SOWAHA	0.08	0.03	0.25	0.17	6.53	4.86	0.03	0.06	0.17	0.07
ENSG00000198945:L3MBTL3	5.21	7.02	9.72	7.12	9.66	8.37	1.86	3.68	5.39	1.75
ENSG00000198948:MFAP3L	12.53	15.36	2.34	1.16	19.44	13.87	1.44	2.48	45.99	18.36
ENSG00000198951:NAGA	40.08	39.14	113.67	144.18	77.86	44.24	16.9	55.09	371.31	664.35
ENSG00000198952:SMG5	34.74	46.18	62.25	37.82	35.82	35.05	5.11	12.1	34.7	11.02
ENSG00000198954:KIFBP	14.01	15.95	23.54	28.39	40.76	30.69	2.65	5.36	25.42	17.94
ENSG00000198959:TGM2	1058	890.71	412.35	235.5	19.71	26.94	35.28	139.67	116.93	47.24
ENSG00000198963:RORB	0.02	0.01	0.82	0.78	0.71	0.51	0.36	0.33	0	0
ENSG00000198964:SGMS1	17.34	27.26	37.4	24.44	45.72	39.48	4.8	7.95	22.9	32.2
ENSG00000198967:OR10Z1	0.05	0.16	0	0	0	0	0	0	0	0
ENSG00000198973:MIR375	0	0	0	0	0	0	0	0	0	0
ENSG00000198995:MIR340	0	0	0	0	0	0	0	0	0	0
ENSG00000199017:MIR1-1	0	0	0	0	0	0	0	0	0	0
ENSG00000199024:MIR103A2	0	0	0	0	0	0	0	0	0	0
ENSG00000199032:MIR425	0	0	0	0	0	0	0	0	0	0
ENSG00000199094:MIR30C2	0	0	0	0	0	0	0	0	0	0
ENSG00000199121:MIR26B	0	0	0	0	0	0	0	0	0	0
ENSG00000199130:MIR365A	0	0	0	0	0	0	0	0	0	0
ENSG00000199133:MIRLET7D	0	0	0	0	0	0	0	0	2.28	0
ENSG00000199135:MIR101-1	0	0	0	0	0	0	0	0	0	0
ENSG00000199150:MIRLET7G	0	0	0	0	0	0	0	0	0	0
ENSG00000199153:MIR30D	0	0	0	0	0	0	0	0	0	0
ENSG00000199157:MIR208A	0	0	0	0	0	0	0	0	0	0
ENSG00000199161:MIR126	0	0	0	0	0	0	0	0	0	0
ENSG00000199165:MIRLET7A1	0	0	0	0	0	0	0	0	0	0
ENSG00000199177:MIR31	0	0	0	0	0	0	0	0	0	0
ENSG00000199293:SNORA21	0	0	0	0	0	0	0	0	1.22	0
ENSG00000199709:RNU4-23P	0	0	0	0	0	0	0	0	0	0
ENSG00000199753:SNORD104	0	0	0	0	0	0	0	0	0	0
ENSG00000200072:	0	0	0	0	0	0	0	0	0	0
ENSG00000200259:SNORD35A	0	0	0	0	0	0	0	0	0	0
ENSG00000200320:SNORA63	0	0	0	37.89	0	0	0	0	2.43	5.35
ENSG00000200623:SNORD18A	0	0	0	0	0	0	0	0	0	0
ENSG00000200785:SNORD8	0	0	0	0	0	0	0	0	0	0
ENSG00000200831:SNORD36B	0	0	0	0	0	0	0	0	14.98	0
ENSG00000201129:SNORA58B	0	0	0	0	0	0	0	0	0	0
ENSG00000201772:SNORA5C	0	0	5.36	0	0	0	0	0	0	0
ENSG00000201823:SNORD48	0	0	0	0	0	0	0	0	0	0
ENSG00000201847:SNORD31B	0	0	0	0	0	0	0	0	0	0
ENSG00000202031:SNORD38A	0	0	0	0	0	0	0	0	0	0
ENSG00000202363:SNORA62	0	0	0	0	0	94.02	0	0	3.64	3.48
ENSG00000202400:SNORD82	0	0	0	0	0	0	0	0	0	0
ENSG00000202503:SNORD34	0	0	0	0	0	0	0	0	0	0
ENSG00000203499:IQANK1	14.14	12.1	2.16	1.89	21.2	33.13	0.01	0.08	5.68	16.33
ENSG00000203666:EFCAB2	24.41	34.79	3.89	2.48	5.13	3.86	0.53	1.11	24.05	23.15
ENSG00000203685:STUM	0.1	0.45	0.3	0.18	21.49	14.28	0.1	0.27	2.39	0.18
ENSG00000203697:CAPN8	2.11	1.02	1.13	0.51	8.66	8.59	0.01	0.06	0.5	0.1
ENSG00000203705:TATDN3	16.4	15.84	11.28	8.87	13.85	11.84	0.66	1.97	6.34	12.65
ENSG00000203724:C1orf53	1.62	1.47	7.18	7.76	4.28	5.6	1.45	2.65	2.34	19.36
ENSG00000203733:GJE1	0	0	0.04	0	0	0	0	0	0	0
ENSG00000203734:ECT2L	0.26	0.12	0.51	0	0	0.08	0.06	0.01	1.03	0.15
ENSG00000203740:NTMT2	0	0.1	0	0	0	0	0.01	0.04	0.13	0
ENSG00000203778:FAM229B	1.41	3.67	1.41	0.65	4.82	1.93	0	0	0.43	1.81
ENSG00000203780:FANK1	2.32	2.78	1.28	1.86	0.15	0.07	0.01	0.04	14.46	10.87
ENSG00000203791:EEF1AKMT2	6.33	8.38	21.98	18.57	11.06	11.64	0.95	2.52	50.17	102.8
ENSG00000203797:DDO	0.26	0.99	0.31	0.39	9.54	17.2	0.06	0.06	0.48	0.35
ENSG00000203805:PLPP4	0	0.01	0	0	0.44	0.07	0.03	0.1	0	0
ENSG00000203867:RBM20	3.58	4.92	7.17	3.51	0.37	0.16	0.05	0.11	0.7	0.11
ENSG00000203872:C6orf163	1.78	2.28	0	0	0.2	0.33	0.02	0.03	2.94	0.43
ENSG00000203877:RIPPLY2	0	0	0	0	0	0	0	0	0	1.16
ENSG00000203879:GDI1	80.89	118.95	90.12	97.87	281.71	277.56	2.19	8.63	59.21	44.97
ENSG00000203880:PCMTD2	48.99	64.09	25.46	21.47	38.48	40.86	2.68	5.3	48.22	5.73
ENSG00000203883:SOX18	9.47	15.01	10.69	13.07	19.13	26.53	0.68	4.16	7.35	17.68
ENSG00000203965:EFCAB7	2.81	2.98	3.6	1.55	3.36	3.79	6.41	12.69	11.24	6.77
ENSG00000203972:GLYATL3	0	0	0	0	0.12	0.08	0.02	0.02	0	0
ENSG00000203985:LDLRAD1	0.09	0.08	0.05	0	0.05	0.05	0	0	1.63	0.52
ENSG00000203995:ZYG11A	0.38	0.43	1.02	0.35	2.46	1.79	0.05	0.01	21.67	22.06
ENSG00000204001:LCN8	0	0	0	0	0.12	0	0	0.07	0	0
ENSG00000204007:GLT6D1	0	0	0	0	0	0	0	0	0	0.19
ENSG00000204020:LIPN	0	0	0	0.47	0.03	0	0	0	0	0
ENSG00000204033:LRIT2	0	0	0	0	0	0	0	0	0.05	0
ENSG00000204052:LRRC73	0.02	0.03	2.17	1.28	1.02	0.5	0.05	0.13	7.46	21.43
ENSG00000204060:FOXO6	1.88	3.66	0.39	1.06	16.15	17.12	0	0.04	0	0.06
ENSG00000204070:SYS1	11.4	13.34	40.41	32.18	59.61	48.84	3.55	7.73	29.03	80.28
ENSG00000204084:INPP5B	10.96	20.18	25.59	22.41	9.61	8.86	2.33	5.28	6.1	3.81
ENSG00000204099:NEU4	0	0	0	0	0.06	0	0	0	0.11	0.03
ENSG00000204103:MAFB	3.67	9.08	3.8	3.21	14.68	7.5	0.56	0.89	10.45	6.03
ENSG00000204104:TRAF3IP1	4.49	5.95	5.28	4.24	9.23	11.29	0.73	2.16	26.08	13.74
ENSG00000204116:CHIC1	1.02	1.86	1.05	0.57	6.61	7.13	5.37	10	1.01	1.12
ENSG00000204120:GIGYF2	42.64	42.82	51.38	35	36.33	39.97	5.28	11.07	23.87	15.03
ENSG00000204130:RUFY2	13.73	17.01	18.72	9.76	9.62	7.7	1.25	1.79	10.88	8.94
ENSG00000204131:NHSL2	1.99	2.88	2.34	1.19	1.84	1.89	0.23	0.51	1.03	0.36
ENSG00000204138:PHACTR4	12.4	18.88	44.8	24.54	15.44	16	1.31	2.96	19.87	14.28
ENSG00000204160:ZDHHC18	17.31	20.28	21.28	12.95	23.06	16.6	1.46	3.55	20.23	20.05
ENSG00000204161:TMEM273	3.13	6.55	0.39	0.18	1.85	0.68	0.34	0.57	0	0
ENSG00000204178:MACO1	7.11	9.63	27.66	22.99	17.79	18.18	2.68	4.3	63.89	17.66
ENSG00000204179:PTPN20	0.09	0.93	0.43	0.23	0	0.05	0	0	0	0.03
ENSG00000204193:TXNDC8	0	0	0	0	0	0	0	0	0.74	0.08
ENSG00000204209:DAXX	25.75	30.15	53.85	42.51	34.35	29.11	4.98	14.79	13.21	17.35
ENSG00000204217:BMPR2	24.33	26.2	56.84	19.74	13.44	11.28	9.1	23.83	3.61	0.47
ENSG00000204219:TCEA3	2.52	4.43	0.78	3.33	0	0.26	0.11	0.17	13.03	36.98
ENSG00000204227:RING1	20.3	25.67	15.47	13.13	73.9	73.35	3.28	10.98	30.2	76.97
ENSG00000204228:HSD17B8	5.45	5.94	28.29	28.42	35.05	38.35	3.52	7.27	20.6	56.8
ENSG00000204231:RXRB	38.05	51.98	34.33	26.97	33.67	35.31	1.8	5.4	19.52	28.02
ENSG00000204237:OXLD1	10.2	13.79	4.6	3.95	3.4	3.32	0.8	1.43	11.1	12.05
ENSG00000204256:BRD2	179.87	251.21	174.37	103.75	114.58	100.75	8.04	18.95	114.37	142.57
ENSG00000204257:HLA-DMA	5.5	33.47	5.77	5.57	8.9	7	0.93	2.58	0.26	3.43
ENSG00000204262:COL5A2	17.55	36.31	96.97	94.19	78.03	74.23	13.65	37.79	42.78	24.43
ENSG00000204264:PSMB8	7.1	15.88	16.63	17.22	39.38	36.07	1.85	3.95	3.53	21.8
ENSG00000204287:HLA-DRA	29.62	230.75	0.05	0	93.56	22.57	1.08	2.72	10.84	16.16
ENSG00000204291:COL15A1	58.7	106.15	8.42	8.57	207.5	185.66	4.78	19.58	9.8	3.37
ENSG00000204304:PBX2	93.66	127.79	51.93	35.74	63.72	64.8	6.13	11.3	184.99	121.58
ENSG00000204305:AGER	9.36	16.09	2.56	5.1	6.24	7.26	0.08	0.67	4.47	5.86
ENSG00000204308:RNF5	35.98	39.21	23.38	22.91	60.85	54.21	5.13	10.02	23.9	53.9
ENSG00000204310:AGPAT1	31.29	39.24	66.05	53.54	43.65	49.51	0.54	1.82	42.14	107.99
ENSG00000204311:PJVK	1.73	2.5	0.16	0	0.13	0.31	0.03	0.03	0.38	1
ENSG00000204314:PRRT1	1.3	2.8	0.4	0.42	0.12	0.44	0.13	0.51	1.07	5.59
ENSG00000204316:MRPL38	24.48	35.11	24.54	26.73	34.71	36.08	5.75	15.57	21.01	31.46
ENSG00000204323:SMIM5	16.24	11.55	5.64	1.46	1.98	1.16	0.38	0.66	1.84	11.88
ENSG00000204334:ERICH2	1.21	1.1	0.79	2.41	0	0	0	0	2.22	1.08
ENSG00000204335:SP5	2.73	0.94	0.16	0.19	0.03	0.03	0.01	0.03	6	2.83
ENSG00000204344:WHR1	17.71	16.92	29.77	22.77	94.55	113.05	1.44	3.36	16.25	25.42
ENSG00000204347:BTBD17	0	0	0	0.33	0	0	0.01	0.01	1.35	1.18
ENSG00000204348:DXO	13.75	20.33	25.31	23.51	12.06	11.69	1	2.74	8.59	28.59
ENSG00000204351:SKIC2	22.76	34.89	34.09	29.84	21.65	23.44	2.12	6.9	38.15	40.53
ENSG00000204356:NELFE	56.55	58.88	35.14	30.86	57.06	51.16	4.92	10.62	29.17	50.31
ENSG00000204366:ZBTB12	2.04	3.29	2.48	2.49	10.35	3.69	0.44	0.62	28.59	20.72
ENSG00000204371:EHMT2	15.58	25.67	91	72.73	24.7	25.32	1.31	3.68	22.67	45.61
ENSG00000204381:LAYN	5.18	5.93	3.83	2.38	7.11	9.55	0.34	0.92	5.21	2.95
ENSG00000204385:SLC44A4	4.99	7.23	25.04	37.81	56.55	19.7	0.08	0.11	128.65	167.35
ENSG00000204394:VARS1	13.82	16.89	14.5	13.39	32.22	30.43	1.31	4.66	16.44	26.58
ENSG00000204396:VWA7	0.33	0.42	0.28	0.91	1.87	0.97	0.01	0.03	0.8	0.78
ENSG00000204406:MBD5	9.47	11.07	8.28	4.21	1.81	2.11	0.5	1	4.13	1.86
ENSG00000204410:MSH5	10.86	18.68	1	7.12	0.44	0.33	0.03	0.12	0.57	1.24
ENSG00000204420:MPIG6B	10.94	9.45	0.9	0.97	0.66	0.68	0.05	0.1	0.6	0.54
ENSG00000204421:LY6G6C	49.16	40.02	55.55	32.55	164.48	64.48	3.73	5.73	0.29	0.73
ENSG00000204427:ABHD16A	29.58	34.13	73.24	62.48	52.62	48.19	9.73	15.87	25.04	41.91
ENSG00000204438:GPANK1	17.12	19.77	24.57	20.93	83.85	76.09	2.23	5.47	22.61	17.82
ENSG00000204442:NALF1	0.11	0.32	0.05	0.05	0.48	0.22	0.57	1.18	0	0.04
ENSG00000204444:APOM	0.54	0.72	2.55	512.44	10.81	6.81	0.12	0.29	101.53	176.33
ENSG00000204463:BAG6	130.97	131.13	107.67	84.41	128.29	113.07	7.04	20.17	36.54	80.94
ENSG00000204469:PRRC2A	45.71	71	127.66	101.59	71.98	64.94	3.5	16.5	59.48	96.03
ENSG00000204498:NFKBIL1	8.38	11.62	16.69	13.12	24.97	24.82	2.11	4.65	19.21	45.91
ENSG00000204536:CCHCR1	2.55	5.31	2.14	3.85	8.56	10.02	0.47	1.16	12.3	6.2
ENSG00000204538:PSORS1C2	0	0.08	0.06	0	0	0	0.27	0.18	5.39	12.5
ENSG00000204539:CDSN	0	0	0.52	1.21	0.6	0	0.07	0.16	0.25	1.32
ENSG00000204542:C6orf15	0	0	0.04	0	0.24	0	0	0.02	0	0.57
ENSG00000204568:MRPS18B	20.26	21.75	98.09	63.79	27.86	24.68	6.71	12.76	16.05	108.34
ENSG00000204569:PPP1R10	28.07	35.02	26.59	18.7	23.71	20.41	1.42	4.47	34.63	29.65
ENSG00000204574:ABCF1	51.23	53.95	111.35	81.16	69.45	54.44	2.75	6.01	56.93	45.79
ENSG00000204580:DDR1	85.64	84.74	125.2	98.92	54.43	41.7	7.23	15.06	34.14	34.46
ENSG00000204590:GNL1	37.9	50.99	73.9	69.53	37.55	29.75	5.23	9.23	18.53	17.63
ENSG00000204599:TRIM39	9.97	10.84	25.73	15.8	11.76	10.93	0.94	3.43	34.81	21.27
ENSG00000204610:TRIM15	0	0	2.58	7.43	0	0	0.39	0.9	0.13	0.21
ENSG00000204612:FOXB2	0	0	0.16	0	0	0	0	0	0	0
ENSG00000204613:TRIM10	0.06	0.21	1.31	0.78	0.37	0.32	0.03	0.08	0.13	0.12
ENSG00000204614:TRIM40	49.42	42	0.28	0.62	0	0.07	0	0	0	0
ENSG00000204618:RNF39	5.01	2.42	2.15	2.15	31.04	31.25	0.99	2.38	7.24	2.41
ENSG00000204624:DISP3	0	0.01	0.04	0.03	0	0	0	0	0	0.02
ENSG00000204628:RACK1	391.41	466.27	582.34	617.73	791.84	642.3	148.74	254.5	779.59	1102.03
ENSG00000204634:TBC1D8	15.03	8.84	13.07	7.77	11.2	10.29	2.57	6.64	8.55	8.97
ENSG00000204655:MOG	0.33	0.8	0	0	23.67	24.76	0.17	0.26	0	0
ENSG00000204659:CBY3	0.06	0	0	0	0	0	0	0	303.63	0.75
ENSG00000204673:AKT1S1	24.83	33.17	77.56	67.92	40.47	35.37	1.71	6.43	30.84	23.49
ENSG00000204681:GABBR1	9.4	19.19	11.94	19.22	10.83	16.58	2.62	8.39	0.94	0.48
ENSG00000204711:CFAP95	0	0	1.28	0	0.15	0	0.02	0.18	0.17	0.64
ENSG00000204740:MALRD1	0.04	0.33	0.04	0	0.03	0	0	0	0.01	0.03
ENSG00000204764:RANBP17	6.1	8.57	3.65	1.49	1.7	1.69	1.43	1.72	0.87	3.63
ENSG00000204767:INSYN2B	0.02	0.04	0.02	0	0	0	0.02	0.04	0	0
ENSG00000204815:ODAD4	1.21	2.72	0.57	0.88	0.34	0.4	0.3	0.78	6.9	1.08
ENSG00000204839:MROH6	7.43	14.03	0.15	0.11	1.35	0.86	0.03	0.08	0.43	0.86
ENSG00000204842:ATXN2	59.75	81.87	106.6	81.2	23.87	24.31	2.11	5.31	20.86	17.07
ENSG00000204843:DCTN1	32.7	42.22	61.26	49.47	67.39	70.35	5.04	14.52	105.08	44.31
ENSG00000204852:TCTN1	14.5	21.55	11.3	8.64	9.31	5.62	0.63	1.01	3.05	6.2
ENSG00000204856:FAM216A	2.21	5.18	12.25	10.84	1.25	0.39	0.02	0.1	0.34	0.33
ENSG00000204882:GPR20	0.66	0.88	0.5	1.05	0.12	0.03	0.02	0.11	0	0.22
ENSG00000204889:KRT40	0.07	0	0.05	0	0.05	0.1	0.01	0.12	1.17	0.06
ENSG00000204897:KRT25	0.03	0	3.3	1.87	0	0	0.03	0.01	0.04	0
ENSG00000204913:LRRC3C	0	0	0	0	0.15	0	0	0	0	0
ENSG00000204922:UQCC3	1.99	2.83	31.05	29.47	17.45	12.26	0.57	1.56	85.09	66.86
ENSG00000204923:FBXO48	1.16	1.54	0.33	0.24	0.74	1.44	0.57	0.8	13.47	6.87
ENSG00000204928:GRXCR2	0	0	0	0	1.14	0.35	0	0	0	0
ENSG00000204950:LRRC10B	0.78	0.66	1.63	2.03	0.97	1.23	0.83	3.18	0.1	0.65
ENSG00000204952:FBXO47	0	0	1.93	0.43	0.2	0.21	0.01	0.02	0.14	0.03
ENSG00000204954:UQCC6	7.23	7.8	9.91	7	30	38.02	1.27	2.15	12.2	42.89
ENSG00000204977:TRIM13	13.46	15.17	11.81	7	6.94	7.33	1.47	1.91	5.25	3.89
ENSG00000204979:MS4A13	0	0	0	0	0	0	0	0	0	0
ENSG00000204991:SPIRE2	110.44	118.57	6.61	2.91	7.93	5.23	0.3	0.88	0.56	0.37
ENSG00000205022:PABPN1L	0	0	0	0	0.05	0	0	0	0	0.19
ENSG00000205038:PKHD1L1	0.04	0.03	0.06	0.04	0.03	0.01	0	0	82.82	46.01
ENSG00000205060:SLC35B4	13.86	17.63	26.36	22.98	2.35	2.03	1.96	4.39	5.87	11.8
ENSG00000205084:TMEM231	2.06	2.42	10.14	5.48	8.72	3.09	0.18	0.27	1.68	4.43
ENSG00000205111:CDKL4	0.09	0.33	0.85	0.4	1.05	0.75	0.01	0.04	0.44	0.2
ENSG00000205126:ACCSL	0	0.03	0.21	0.64	0.09	0	0	0.06	1.34	2.3
ENSG00000205129:CFAP96	0.07	0.08	3.5	2.17	2.24	2.31	0.45	0.55	0.44	2.8
ENSG00000205133:TRIQK	10.44	14.54	3.3	3.13	3.11	1.98	1.12	1.98	0.66	2.57
ENSG00000205143:ARID3C	0.11	0.18	0.08	0	0	0.14	0.06	0.2	0.07	0
ENSG00000205155:PSENEN	16.2	14.97	113.62	112.58	96.02	98.61	10.14	18.31	63.8	236.13
ENSG00000205177:C11orf91	1.08	0.37	0.39	0	0	0	0.65	3.23	0.12	1.07
ENSG00000205186:FABP9	0	0	0	0	0	0	0.02	0.07	0	0
ENSG00000205189:ZBTB10	17.91	20.31	26.64	12.31	31.2	30.75	5.07	8.21	32.51	1.48
ENSG00000205208:C4orf46	6.17	6.7	2.82	2.56	6.99	5.57	1.05	2.06	1.26	0.6
ENSG00000205213:LGR4	56.47	70.81	26.03	14.76	71.83	80.78	7.67	15.32	29.68	21.9
ENSG00000205220:PSMB10	12.17	15.19	19.78	19.93	32.97	27.1	2.38	4.47	10.43	54.98
ENSG00000205221:VIT	0.49	2.5	0.53	0.19	0.1	0.13	0.01	0.01	0.91	0.74
ENSG00000205250:E2F4	50.61	66.04	55.55	43.01	25.66	20.39	2.74	7.66	43.39	56.29
ENSG00000205268:PDE7A	12.59	19.11	14.21	29.44	10.06	11.27	0.69	1.49	26.96	2.67
ENSG00000205269:TMEM170B	1.42	2.45	13.24	9.32	5.18	2.98	3.07	5.97	4.1	1.11
ENSG00000205301:MGAT4D	0	0	0	0	0	0	0	0	15.69	39.18
ENSG00000205302:SNX2	54.45	71.96	104.56	124.64	114.8	94.57	12.09	19.27	241.07	109.81
ENSG00000205309:NT5M	0.46	0.49	14.84	17.34	5.9	5.84	0.07	0.26	7.64	19.43
ENSG00000205323:SARNP	34.72	38.68	48.47	48.35	93.66	78.54	12.25	19.16	110.39	100.45
ENSG00000205336:ADGRG1	83.66	115.86	94.52	49.08	35.25	37.35	1.43	3.62	3.09	2.32
ENSG00000205339:IPO7	56.13	50.06	51.88	33.26	42.83	34.88	18.23	27.03	66.25	13.47
ENSG00000205356:TECPR1	7.43	13.05	24.98	21.83	10.89	12.07	0.88	3.15	6.01	2.92
ENSG00000205363:INSYN1	0.21	0.23	4.01	2.27	0.48	0.75	0.07	0.15	0	0.45
ENSG00000205403:CFI	9.93	21.43	0.7	101.49	2.84	1.42	1.01	2.04	6.12	6.22
ENSG00000205423:CNEP1R1	15.73	20.94	40.3	30.12	37.72	32.58	4.63	7.1	19.86	1.3
ENSG00000205436:EXOC3L4	3.38	3.56	160.45	75.13	0.26	0.45	0.02	0.08	2.2	0.38
ENSG00000205476:CCDC85C	4.39	5.66	6.13	6.88	21.26	18.18	0.58	1.7	15.31	2.4
ENSG00000205531:NAP1L4	72.08	95.88	69.97	64.23	76.28	68.97	11.54	21.31	80.46	50.96
ENSG00000205560:CPT1B	24.45	66.87	2.29	2.9	8.85	10.94	2.33	7.6	1.04	2.22
ENSG00000205593:DENND6B	1.39	1.84	9.27	6.49	7.93	9.45	0.79	3.14	18.22	31.22
ENSG00000205639:MFSD2B	0.74	1.11	3.37	3.34	0.2	0.27	0.06	0.13	2.04	5.17
ENSG00000205643:CDPF1	2.81	3.68	25.36	27.66	6.29	9.32	0.59	0.89	2.39	8.49
ENSG00000205659:LIN52	6.58	8.45	6.4	5.85	8.86	5.15	1.51	3.26	8.5	3.89
ENSG00000205678:TECRL	0	0	0	0	0	0	0	0.01	0	0
ENSG00000205683:DPF3	0.69	0.26	19.9	13.08	4.17	3.94	0.51	1.81	5.59	0.58
ENSG00000205693:MANSC4	0.41	0.69	0.2	0	0.96	0.54	0.17	0.24	4.45	4.62
ENSG00000205704:SMIM45	0	0.33	0.1	0.65	0	0	0	0	0	0
ENSG00000205707:ETFRF1	29.76	31.85	25.16	20.77	16	14.33	1.21	1.56	23.29	20.25
ENSG00000205726:ITSN1	21.14	33.01	22.66	25.5	17.03	13.19	4	9.01	71.65	8.93
ENSG00000205730:ITPRIPL2	22.11	24.59	35.88	17.81	18.39	16.09	5.57	15.95	1.67	0.23
ENSG00000205744:DENND1C	5.95	7.7	1.72	1.37	1.5	0.85	0.04	0.09	17.76	12.92
ENSG00000205758:CRYZL1	45.82	54.26	25.35	38.61	17.47	16.39	1.9	3.77	4.97	9.7
ENSG00000205765:RIMOC1	17.31	19.15	32.6	22.39	19.77	16.37	3.29	7.05	8.69	6.91
ENSG00000205832:C16orf96	0	0.07	0.56	0.34	0.39	0.44	0.04	0.13	2.49	1.99
ENSG00000205835:GMNC	0	0.05	0	0	0	0	0.03	0.01	0	0.13
ENSG00000205838:TTC23L	0.24	0.28	0	0	0.76	0.38	0.22	0.43	3.62	2.05
ENSG00000205899:BHLHA9	0	0	0.08	0.21	0	0	0	0	0	0
ENSG00000205903:ZNF316	8.43	13.72	2.85	1.28	12.27	11.02	1.85	7.25	5.58	1.87
ENSG00000205922:ONECUT3	0.02	0.02	0	0	0	0	0	0	0	0
ENSG00000205927:OLIG2	0	0.02	0.11	0	0	0	0.03	0.05	0	0
ENSG00000205929:EPCIP	0.92	1.52	0.32	0.39	14.48	8.35	0.03	0.02	1.03	1.98
ENSG00000205978:NYNRIN	6.46	10.69	7.2	8.99	7.75	9.76	0.63	2.26	15.4	5.68
ENSG00000205981:DNAJC19	27.53	36.69	35.29	35.26	62.6	52.64	7.38	14.53	13.93	79.86
ENSG00000206013:IFITM5	0	0	0.58	0.85	11.95	3.89	0.08	0.08	2.75	81.73
ENSG00000206043:C18orf63	0.05	0.05	0.02	0	0	0	0.01	0	0.03	0.03
ENSG00000206052:DOK6	4	3.79	0.14	0.05	0.18	0.45	0.21	0.42	0.08	0
ENSG00000206069:LHFPL7	0.19	0	0.05	0	0.28	0	0	0	15.75	6.68
ENSG00000206072:SERPINB11	0.33	0.25	0.4	0	0	0	0.06	0.14	25.65	9.31
ENSG00000206075:SERPINB5	0.44	0.24	0.35	0.89	4.71	0.77	3.34	3.43	1.42	0.21
ENSG00000206113:CFAP99	0.06	0.02	0.18	0.08	0.19	0.17	0	0	1.12	0.54
ENSG00000206199:ANKUB1	0.14	0.33	0	0	0	0.04	0.01	0.01	2.31	0.11
ENSG00000206203:TSSK2	0.12	0.11	0.11	0	2.75	2.05	0.05	0.05	0	0
ENSG00000206384:COL6A6	0.36	0.54	0.1	0.07	0.03	0	0	0	0.08	0
ENSG00000206418:RAB12	31.98	41.16	74.77	51.88	55.49	46.9	5.44	9.97	19.68	7.72
ENSG00000206432:TMEM200C	0	0.03	0.51	0.68	1.25	1	0.01	0.01	4.5	5.7
ENSG00000206527:HACD2	10.31	18.57	31.56	29.17	125.24	130.65	2.07	4.56	18.71	19.54
ENSG00000206530:CFAP44	1.97	4.57	0.03	0	6.74	7.58	0.18	1.35	6.66	1.8
ENSG00000206538:VGLL3	302.64	270.97	45.61	29.38	6	1.51	3.46	6.77	9.84	4.44
ENSG00000206557:TRIM71	0.09	0.26	5.23	3.9	5.24	5.45	0.12	0.36	1.7	0.3
ENSG00000206559:ZCWPW2	0.33	0.78	0.1	0.65	0.71	0.54	0.04	0.14	0.27	0.15
ENSG00000206560:ANKRD28	13.84	13.9	14.42	9.31	13.49	13.99	2.65	3.79	13.46	2.21
ENSG00000206561:COLQ	1.01	1.08	0.56	10.34	4.29	6.69	0	0.01	0.89	0.76
ENSG00000206562:METTL6	10.09	10.86	22.75	19.45	14.87	11.34	1.66	3.09	13.6	7.01
ENSG00000206579:XKR4	0.04	0.08	0.11	0.08	0	0	0	0	0.06	0
ENSG00000206597:SNORA57	4.26	8.72	3.28	0	0	0	0	0	0	0
ENSG00000206602:SNORD58A	0	0	0	0	0	0	0	0	0	0
ENSG00000206611:SNORD24	0	0	0	0	0	0	0	0	0	0
ENSG00000206754:SNORD101	0	0	0	0	0	0	0	0	0	0
ENSG00000206910:SNORA29	1.09	0	4.34	0	0	0	0	0	2.36	1.7
ENSG00000206941:SNORD15A	0	0	0	0	34.37	0	0	0	0	0
ENSG00000207031:SNORD59A	0	0	0	0	0	0	0	0	0	0
ENSG00000207047:SNORD51	0	0	0	0	0	0	0	0	0	0
ENSG00000207241:SNORD45A	0	0	0	0	0	0	0	0	0	0
ENSG00000207297:SNORD7	0	0	0	0	0	0	0	0	0	0
ENSG00000207445:SNORD15B	5.59	16.26	0	13.35	0	122.4	0	0	9.43	5.68
ENSG00000207500:SNORD102	0	0	0	0	0	0	0	0	0	0
ENSG00000207547:MIR25	0	0	0	0	0	0	0	0	0	0
ENSG00000207562:MIR34C	0	0	0	0	0	0	0	0	0	0
ENSG00000207563:MIR23B	0	0	0	0	0	0	0	0	0	0
ENSG00000207581:MIR199B	0	0	0	0	0	0	0	0	0	0
ENSG00000207582:MIR30B	0	0	0	0	0	0	0	0	0	0
ENSG00000207586:MIR135A2	0	0	0	0	0	0	0	0	0	0
ENSG00000207598:MIR124-3	0	0	0	0	0	0	0	0	0	0
ENSG00000207604:MIR206	0	0	0	0	0	0	0	0	0	0
ENSG00000207633:MIR505	0	0	0	0	0	0	0	0	0	0
ENSG00000207639:MIR193B	0	0	0	0	0	0	0	0	0	0
ENSG00000207649:MIR138-2	0	0	0	0	0	0	0	0	0	0
ENSG00000207654:MIR128-1	0	0	0	0	0	0	0	0	0	0
ENSG00000207705:MIR129-1	0	0	0	0	0	0	0	0	0	0
ENSG00000207721:MIR186	0	0	0	0	0	0	0	0	0	0
ENSG00000207725:MIR222	0	0	0	0	0	0	0	0	0	0
ENSG00000207726:MIR455	0	0	0	0	0	0	0	0	0	0
ENSG00000207732:MIR218-1	0	0	0	0	0	0	0	0	0	0
ENSG00000207737:MIR181B2	0	0	0	0	0	0	0	0	0	0
ENSG00000207739:MIR218-2	0	0	0	0	0	0	0	0	0	0
ENSG00000207744:MIR10B	0	0	0	0	0	0	0	0	0	0
ENSG00000207759:MIR181A1	0	0	0	0	0	0	0	0	0	0
ENSG00000207789:MIR26A2	0	0	0	0	0	0	0	0	0	0
ENSG00000207808:MIR27A	0	0	0	0	0	0	0	0	0	0
ENSG00000207816:MIR124-2	0	0	0	0	0	0	0	0	0	0
ENSG00000207864:MIR27B	0	0	0	0	0	0	0	0	0	0
ENSG00000207870:MIR221	0	0	0	0	0	0	0	0	0	0
ENSG00000207947:MIR152	0	0	0	0	0	0	0	0	0	0
ENSG00000207980:MIR23A	0	0	0	0	0	0	0	0	0	0
ENSG00000207994:MIR100	0	0	0	0	0	0	0	0	0	0
ENSG00000208009:MIR130A	0	0	0	0	0	0	0	0	0	0
ENSG00000208012:MIRLET7F2	0	0	0	0	0	0	0	0	0	0
ENSG00000208017:MIR140	0	0	0	0	0	0	0	0	12.5	0
ENSG00000208772:SNORD94	3.74	0	5.12	0	0	0	0	0	3.54	5.09
ENSG00000208892:SNORA49	3.88	0	0	0	0	0	0	0	0	0
ENSG00000209042:SNORD12C	0	0	0	0	0	0	0	0	0	0
ENSG00000211137:MIR190A	0	0	0	0	0	0	0	0	0	0
ENSG00000211448:DIO2	1.08	2.79	11.56	6.29	19.34	14.59	0.55	0.66	2.06	0.62
ENSG00000211456:SACM1L	34.6	40.88	46.59	36.53	32.53	26.56	8.62	12.26	36.24	17.84
ENSG00000211829:TRDC	0	0.19	0.11	0.18	3.63	2.21	0.03	0.01	0	0.12
ENSG00000211891:IGHE	3.05	8.02	0.14	0.12	0.05	0	0	0	0	0
ENSG00000212122:TSSK1B	0	0	0	0	1.16	0.46	0.1	0.02	1.88	0
ENSG00000212296:SNORD72	0	0	0	0	0	0	0	0	0	0
ENSG00000212309:SNORD70B	0	0	0	0	0	0	0	0	0	0
ENSG00000212443:SNORA53	1.93	0.58	0.99	0	0	2.67	1160.53	616.07	5.45	14.16
ENSG00000212447:SNORD90	0	0	0	0	0	0	0	0	0	0
ENSG00000212452:SNORD69	0	0	0	0	0	0	0	0	0	0
ENSG00000212864:RNF208	1.31	2.41	15.95	16.6	5.46	5.12	0.01	0.1	0.46	3.1
ENSG00000212901:KRTAP3-1	0	0	0	0	0	0	0	0	0	0
ENSG00000212916:MAP10	0.83	0.82	2.98	3.17	1.45	0.83	0.21	0.36	1.4	2.96
ENSG00000213015:ZNF580	17.48	23.53	3.63	2.77	4.5	6.82	0.36	2.37	3.11	37.47
ENSG00000213022:KLK9	0	0	0.23	0	0	0	0.01	0	0	0
ENSG00000213047:DENND1B	2.08	2.76	9.97	6.67	50.84	35.94	2.03	2.51	5.49	0.61
ENSG00000213064:SFT2D2	9.01	9.45	22.97	32.68	27.98	26.84	1.46	3.77	19.98	57.87
ENSG00000213079:SCAF8	25.89	30.33	46.87	23.8	19.08	16.98	4.95	10.66	18.52	5.32
ENSG00000213085:CFAP45	1.34	1.77	3.05	3.34	0.82	0.42	0.08	0.16	7.75	9.7
ENSG00000213088:ACKR1	0.23	4.68	0	0	3.2	1.62	0.38	1.2	1.76	6.03
ENSG00000213139:CRYGS	2.27	3.13	0.06	0	0.88	0.22	0.07	0.26	0	0
ENSG00000213145:CRIP1	28.96	60.59	486.77	684.81	17.25	26.41	15.11	36.18	214.7	435.05
ENSG00000213160:KLHL23	6.92	8.16	1.69	1.27	2.42	2.64	1.68	3.46	0.48	0.32
ENSG00000213190:MLLT11	0.92	0.86	16.49	8.36	10.14	13.76	0.56	1.34	4.46	0.39
ENSG00000213199:ASIC3	4.82	10.4	1.81	1.54	0.05	0	0.16	0.42	0.84	0.05
ENSG00000213221:DNLZ	0.96	0.86	11.1	8.01	8.46	7.85	0.95	1.95	1.57	9.55
ENSG00000213265:TSGA13	0.67	1.69	0.09	0.31	0	0	0	0.02	0.04	0.02
ENSG00000213281:NRAS	27.78	27.79	59.34	40.32	55.44	48.9	8.25	13.18	35.7	5.63
ENSG00000213316:LTC4S	0.75	5.21	3.87	3.46	19.23	6.43	0.27	0.15	0.2	2.2
ENSG00000213337:ANKRD39	2.45	3.64	8.53	5.07	14.28	14.1	1.52	3	9.96	16.33
ENSG00000213339:QTRT1	8.81	13.05	10.69	7.1	27.48	27.6	0.65	1.71	2.06	0.97
ENSG00000213341:CHUK	11.69	13.34	43.92	43.02	26.59	20.01	3.81	6.72	31.46	20.55
ENSG00000213347:MXD3	7.72	8.42	0.95	0.57	19.27	14.5	0.6	1.44	12.33	6.32
ENSG00000213380:COG8	9.37	13.88	21	15.45	28.14	26.39	1.91	3.14	21.16	17.51
ENSG00000213390:ARHGAP19	3.18	3.47	2.85	1.37	4.73	3.8	0.42	0.93	1.09	0.04
ENSG00000213398:LCAT	42.24	57.03	1.66	6.9	9.25	13.5	0.14	0.2	6.53	19.81
ENSG00000213402:PTPRCAP	1.61	4.78	1.38	1.9	8.76	8.03	0.38	0.91	1.2	14.93
ENSG00000213420:GPC2	0.47	0.97	9.17	3.93	0.12	0.19	0.01	0.04	2.85	5.72
ENSG00000213424:KRT222	0	0.07	0.12	0.15	0.11	0	0.02	0.04	0	0
ENSG00000213463:SYNJ2BP	13.74	15.58	14.16	12.02	18.93	16.51	3.93	7.34	21.25	44.28
ENSG00000213465:ARL2	36.6	40.01	16.81	19.94	29.5	25.5	3.17	7.32	65.14	106.95
ENSG00000213533:STIMATE	6.53	7.93	20.17	23.49	7.69	5.41	1.05	2.37	9.47	2.23
ENSG00000213551:DNAJC9	16.68	18.42	12.04	7.83	14.34	10.56	2.23	4.64	45.23	13.33
ENSG00000213563:C8orf82	4.6	6.02	3.85	4.87	49.6	61.47	1.33	1.1	1.83	13.41
ENSG00000213578:CPLX3	0.1	0.1	0.13	0	0.24	0.12	0.03	0	0.19	0.1
ENSG00000213588:ZBTB9	2.58	3.21	8.53	6.95	2.75	2.84	0.83	1.64	1.35	0.51
ENSG00000213593:TMX2	58.24	60.95	55.84	43.1	110.59	112.52	9.55	16.78	31.56	19.52
ENSG00000213614:HEXA	110.94	125.48	258.52	413.11	49.85	40.49	169.97	235.84	61.94	103.31
ENSG00000213619:NDUFS3	23.79	30.01	60.2	70.08	81.31	78.03	15.27	30.46	66.04	105.07
ENSG00000213625:LEPROT	92.08	90.62	80.64	73.9	143.96	140.03	13.18	22.09	13.21	14.73
ENSG00000213626:LBH	20.98	21.81	17.21	11.34	21.2	9.82	8.81	14.66	8.08	2.13
ENSG00000213639:PPP1CB	135.69	146.06	143.88	101.86	198.43	149.82	41.71	60.78	127.3	21.86
ENSG00000213672:NCKIPSD	5.51	6.68	6.51	8.4	9.32	8.44	0.18	0.53	15.21	21.05
ENSG00000213676:ATF6B	59.56	70.39	22.91	23.76	57.94	56.3	3.51	9.92	63.55	86.12
ENSG00000213689:TREX1	10.69	10.27	10.55	11.2	8.99	12.44	0.32	0.38	5.59	12.26
ENSG00000213694:S1PR3	12.62	19.8	4.04	3.95	3.62	4.72	1.18	4.02	0.28	0.13
ENSG00000213699:SLC35F6	17.3	17.3	42.62	55.23	59.89	64.42	2.04	7.5	30.65	35.42
ENSG00000213722:DDAH2	21.2	30.5	78.33	46.3	23.63	21.35	3.03	7.35	23.09	35.23
ENSG00000213760:ATP6V1G2	1.26	0.83	1.99	1.83	0.92	0.88	0.04	0.05	2.23	2.86
ENSG00000213780:GTF2H4	12.99	19.41	17.94	10.38	17.15	15.51	1.07	1.91	10.27	23.2
ENSG00000213782:DDX47	24.97	30.42	53.53	43.09	27.87	23.17	4.97	6.55	18.69	22.13
ENSG00000213809:KLRK1	1.17	1.85	0.1	0.1	0.17	0	0.08	0.02	0	0
ENSG00000213853:EMP2	110.51	148.51	20.14	37.8	24.89	22.14	3.26	10.45	60.7	18.13
ENSG00000213859:KCTD11	4.85	7.1	22.47	21.13	11.74	9.68	0.92	2.79	2.63	3
ENSG00000213892:CEACAM16	0	0.04	0.06	0	0	0	0.04	0.13	0	0.12
ENSG00000213901:SLC23A3	1.51	3.68	6.19	93.95	0.32	0.34	0	0	6.17	16.79
ENSG00000213906:LTB4R2	2.33	2.96	0.31	2.46	0.2	0.5	0.07	0.02	0.3	0.93
ENSG00000213918:DNASE1	12.63	13.79	1.89	2.47	9.78	12.67	0.68	2.61	1.1	3.05
ENSG00000213923:CSNK1E	65.77	93.24	155.49	81.41	50.07	38.48	4.55	10.97	13.22	30.1
ENSG00000213928:IRF9	42.98	63.62	50.33	43.54	26.33	23.52	2.16	4.48	39.98	73.92
ENSG00000213930:GALT	47.39	75.97	18.34	24.63	22.47	16.81	2.82	7.63	5.65	37.09
ENSG00000213937:CLDN9	1.93	2.96	0.34	0	0	0	0.26	0.43	0	0
ENSG00000213949:ITGA1	31.34	33.98	13.83	11.8	51.72	42.19	18	41.54	32.79	16.61
ENSG00000213965:NUDT19	3.66	6.36	10.2	8.8	4.89	4.66	0.81	2.31	2.38	3.17
ENSG00000213983:AP1G2	85.67	154.18	10.91	20.63	19.72	18.77	2.11	6.36	13.01	20.98
ENSG00000213995:NAXD	23.63	30.69	63.28	62.22	63.71	69.85	8.01	28.52	29.76	55.44
ENSG00000213996:TM6SF2	0.14	1.04	1.24	1.89	0.06	0.38	0.02	0.01	0.66	2.3
ENSG00000213999:MEF2B	0.38	0.86	0.79	0.39	2.43	2.24	0.02	0.29	0.04	0.18
ENSG00000214013:GANC	5.9	9.19	12.65	8.85	0.63	0.71	0.5	1.39	17.63	31.81
ENSG00000214021:TTLL3	36.68	63.49	7.17	7.27	6.69	8.13	39.05	63.79	2.72	3.09
ENSG00000214022:REPIN1	19.3	23.67	15.8	18.3	25.68	35.79	0.61	1.66	10.71	10.26
ENSG00000214046:SMIM7	52.3	51.24	77.14	67.24	97.13	102	9.09	10.35	25.36	89.39
ENSG00000214050:FBXO16	0.1	0.36	0.11	0	0.89	0.3	0.02	0.01	1.73	0.73
ENSG00000214063:TSPAN4	25.28	38.21	59.72	66.37	50.21	41.79	1.51	4.96	7.12	33.64
ENSG00000214087:ARL16	19.83	28.92	14.84	11.54	6.61	7.64	1	3.75	4.97	4.68
ENSG00000214097:SMCO1	0	0.03	0.39	0	0.27	0.17	0	0	0	0
ENSG00000214102:WEE2	0.06	0.04	0	0	0.03	0.03	0.01	0.02	0	0.03
ENSG00000214113:LYRM4	8.35	9.98	6.88	7.26	31.21	23.2	1.86	3.77	7.42	9.38
ENSG00000214160:ALG3	36.71	30.84	12.71	12.73	20.68	17.3	1.47	3.55	6.2	37.64
ENSG00000214212:C19orf38	0.68	1.5	1.48	1.74	0.26	0.25	0.28	0.79	0.27	0.64
ENSG00000214216:IQCJ	0	0	0	0	0	0	0	0	0	0
ENSG00000214226:C17orf67	0.42	1.07	0.11	0	0.34	15.59	0	0	0	0
ENSG00000214237:MINDY4B	0.15	0.1	0.11	0	0	0	0	0	0	0
ENSG00000214285:NPS	0	0	0.32	0	0	0	0	0	0	0
ENSG00000214290:POU2AF3	2.34	2.35	0.41	0.15	1.56	1.59	1.59	6.07	0.31	3.91
ENSG00000214309:MBLAC1	1.16	0.86	2.08	2.07	18.49	20.82	2.36	4.1	2.92	2.9
ENSG00000214336:FOXI3	5.27	3.26	0.67	0.21	16.44	25.05	0	0.05	0	0
ENSG00000214338:MTCL3	0.04	0.06	0.1	0.09	0.02	0.21	0.02	0.02	0.25	0.03
ENSG00000214357:NEURL1B	2.45	3.46	1.06	1.3	2.61	2.66	0.4	0.9	5.9	1.08
ENSG00000214360:EFCAB9	0	0	0.1	0	0	0	0	0.19	0	0.07
ENSG00000214413:BBIP1	13.26	23.29	18.59	15.88	7.98	8.8	0.97	1.47	5.39	47.12
ENSG00000214415:GNAT3	0.04	0	0.04	0	0.18	0.07	0.05	0.04	0	0
ENSG00000214447:FAM187A	0.28	0.13	0.03	0	0	0	0	0.02	0	0.42
ENSG00000214456:PLIN5	0.09	0.14	0.17	0.08	0.09	0	2.23	4.31	20.62	4.13
ENSG00000214517:PPME1	38.32	32.68	40.66	37.34	26.76	29.92	1.17	2.89	67.52	18.77
ENSG00000214530:STARD10	127.48	148.15	133.43	108.03	39.18	35.03	2.33	5.86	132.1	233.38
ENSG00000214575:CPEB1	0.02	0.14	10.36	9.93	0.36	0.2	0.01	0.02	0.57	0.25
ENSG00000214595:EML6	0.19	1.52	2.16	2.24	0.41	0.24	0.08	0.12	0.07	0.01
ENSG00000214655:ZSWIM8	107.97	140.34	83.5	66.85	37.94	38.27	3.45	11.1	37.42	37.21
ENSG00000214688:C10orf105	0.03	0.21	0.31	0	0	0.06	0	0	0.22	0
ENSG00000214694:ARHGEF33	0.2	0.66	1.1	1.74	0.04	0.09	0.06	0.17	0	0.02
ENSG00000214706:IFRD2	16.6	16.72	11.67	6.12	53.36	53.98	2.15	4.93	7.78	24.08
ENSG00000214753:HNRNPUL2	30.55	44.58	65.94	56.7	154.09	134.85	6.63	16.51	83.44	55.25
ENSG00000214814:FER1L6	0.09	0.05	1.63	0.67	0.29	0.24	0	0.01	0.51	0.22
ENSG00000214827:MTCP1	1.15	1.63	4.68	3.08	3.49	5.74	0.13	0.25	6.35	8.89
ENSG00000214866:DCDC2C	0	0.1	1.09	1.28	0	0	0	0	0	0
ENSG00000214872:SMTNL1	0.1	0.18	0.08	0.14	0.82	0.83	0	0	0.12	0
ENSG00000214941:ZSWIM7	10.35	15.28	18.07	15.58	3.53	4	0.42	1.44	6.75	21.32
ENSG00000214943:GPR33	0.04	0	0	0	0	0	0.03	0.06	0	0
ENSG00000214944:ARHGEF28	0.31	1.31	3.96	3.61	39.37	30.89	7.74	15.98	14.3	8.82
ENSG00000214960:CRPPA	1.75	2.1	5.45	3.81	3.01	1.96	0.87	1.4	1.81	2.2
ENSG00000215009:ACSM4	0.02	0.13	0.44	0.07	0	0.04	0.01	0.01	0	0
ENSG00000215021:PHB2	58.38	69.74	104.23	91.61	105.24	94.17	20.64	37.24	79.78	124.37
ENSG00000215041:NEURL4	14.71	19.57	23.23	24.36	15.95	19.12	0.68	2.64	64.68	87.81
ENSG00000215045:GRID2IP	0.09	0.02	0.02	0	0	0	0.09	0.28	0.33	0.51
ENSG00000215114:UBXN2B	7.86	11.69	2.27	1.96	6.56	4.58	0.53	1.13	5.66	2.19
ENSG00000215131:C16orf90	0	0	4	3.56	0	0	0.63	1.61	0	0
ENSG00000215183:MSMP	1.26	0.58	0.15	0	5.86	3.21	0.02	0.05	4.83	0.65
ENSG00000215187:CIMIP2B	0	0.53	0.13	0.21	0.73	0.27	0.01	0	7.66	5.52
ENSG00000215193:PEX26	7.09	8.26	17.96	14.56	12.15	11.41	1.15	3.21	5.31	3.32
ENSG00000215203:GRXCR1	0	0	0	0	0	0	0.04	0.1	0	0.08
ENSG00000215217:CFAP90	0.1	0.06	0.19	0.83	2.03	0.37	0.28	0.2	49.65	19.96
ENSG00000215218:UBE2QL1	0	0.01	11.82	3.11	0	0	0.36	1.5	41.11	7.87
ENSG00000215251:FASTKD5	9.11	10.95	4.26	3.25	8.99	7.66	2.58	3.82	3.31	2.67
ENSG00000215262:KCNU1	0	0	0.84	2.28	0.02	0.04	0.03	0.05	0.13	0.06
ENSG00000215305:VPS16	19.23	17.16	56.82	57.74	20.75	20.94	6.99	11.7	21.36	62.48
ENSG00000215397:SCRT2	0	0	0.03	0.02	0	0	0.01	0.04	0.02	0.13
ENSG00000215421:ZNF407	3.57	4.37	7.04	6.22	6.67	6.62	0.68	1.49	3.74	1.24
ENSG00000215440:NPEPL1	10.48	21.87	59.12	61.12	18.49	14.44	2.04	5.68	45.55	26.35
ENSG00000215474:SKOR2	0	0	0	0	0	0	0	0	0	0.06
ENSG00000215475:SIAH3	0	0.02	0	0	0.08	0.16	0	0	0.03	0.03
ENSG00000215612:HMX1	0	0	0.03	0	0	0	0	0	0	0
ENSG00000215644:GCGR	0	0.03	18.45	39.21	118.13	159.47	1.89	8.49	1.79	4.4
ENSG00000215712:TMEM242	4.75	5.87	49.45	54.73	25.34	38.4	1.56	3.59	7.1	4.94
ENSG00000215845:TSTD1	22.21	21.38	1.03	2.29	23.24	20.31	20.79	33.58	1.71	25.22
ENSG00000215853:RPTN	0	0	0.15	0.06	0.02	0	0	0	0.03	0.08
ENSG00000215883:CYB5RL	1.21	2.14	2.74	1.51	2.22	3.65	0.4	1.08	18.56	6.06
ENSG00000215906:LACTBL1	0	0	0	0	0	0	0	0.01	0	0
ENSG00000215912:TTC34	0.03	0.12	0.01	0	0	0	0	0	0.31	0.31
ENSG00000215991:MIR208B	0	0	0	0	0	0	0	0	0	0
ENSG00000216490:IFI30	295.62	163.27	57.29	205.64	59.34	70.64	14.74	20.04	363.98	218.01
ENSG00000217128:FNIP1	14.86	14.99	16.02	8.91	18.23	14.89	4.19	7.84	12.61	0.97
ENSG00000217236:SP9	0.06	0	0.02	0	0.12	0	0	0.01	0.19	0.02
ENSG00000217442:SYCE3	0.15	0	0	0	0.14	0.27	1.45	1.64	5.39	3.51
ENSG00000217555:CKLF	11.79	19.16	21.46	16.62	0	0	0	0	0.2	0.37
ENSG00000218336:TENM3	16.85	18.66	0.89	0.38	1.01	0.81	0.27	0.77	3.21	0.63
ENSG00000218739:CEBPZOS	35.02	40.68	17.84	17.26	21.58	26.03	3.12	4.73	6.63	12.02
ENSG00000219200:RNASEK	251.27	249.13	232.37	241.79	233.34	266.72	9.48	12.39	367.97	1241.02
ENSG00000219438:TAFA5	0	0	4.4	2.45	0.06	0	0	0.02	0.17	0.07
ENSG00000219545:UMAD1	8.85	8.39	7.86	9.28	19.07	12.27	1.6	1.85	3.68	5.7
ENSG00000219607:PPP1R3G	0.2	0.7	2.35	1.69	0.1	0	0.29	0.73	0.06	0.37
ENSG00000220008:LINGO3	0.21	0.49	0	0	0.06	0.02	0.01	0.02	0.18	0.34
ENSG00000220205:VAMP2	82.82	98.49	110.64	82.54	44.92	43.25	0.83	3.05	11.62	53.89
ENSG00000221066:SNORD111	0	0	0	0	0	0	0	0	0	0
ENSG00000221303:SNORA79	0	0	0	0	0	0	0	0	0	0
ENSG00000221479:MIR1251	0	0	0	0	0	0	0	0	0	0
ENSG00000221514:SNORD111B	0	0	0	0	0	0	0	0	0	0
ENSG00000221539:SNORD99	0	0	0	0	0	0	0	0	0	0
ENSG00000221818:EBF2	0.35	0.33	0.96	0.28	0	0	0	0	0	0
ENSG00000221823:PPP3R1	34.33	36.71	43.04	42.69	58.03	56.12	8.39	15.58	84.98	8.06
ENSG00000221829:FANCG	8.9	12.51	6.94	4.82	23.56	24.12	3.31	3.08	5.12	7.04
ENSG00000221838:AP4M1	7.86	7.76	24.23	21.73	16.13	17.84	1.65	4.05	6.83	10.17
ENSG00000221869:CEBPD	33.83	95.43	8.64	17.47	240.34	147.61	25.95	80.91	251.22	456.93
ENSG00000221890:NPTXR	0.1	0.27	3.07	1.63	0.17	0.08	0.03	0.11	0	0
ENSG00000221914:PPP2R2A	76.72	76.2	54.44	44.63	42.12	34	5.9	9.91	101.36	34.82
ENSG00000221926:TRIM16	20.03	29.91	7.9	8.01	6.38	7.29	1.27	1.73	1.52	1.19
ENSG00000221947:XKR9	0.68	1.03	0.22	0.63	0	0	0.01	0.01	0.16	0.15
ENSG00000221955:SLC12A8	0.61	1.55	3.3	1.52	0.67	0.99	0.05	0.24	0.56	0.93
ENSG00000221968:FADS3	51.45	80.88	85.72	74.61	82.36	74.21	7.19	31.32	22.51	16.82
ENSG00000221977:OR4E2	0	0	0	0	0	0	0	0	0.09	0
ENSG00000221983:UBA52	257.72	268.8	277.21	249.2	2095.36	1912.34	59.31	114.94	743.3	3026.72
ENSG00000221988:PPT2	23.35	28.44	27.75	32.77	49.04	46.03	18.67	34.92	12.22	48
ENSG00000222009:BTBD19	16.89	24.04	12.86	11.08	5.27	6.52	0.11	0.37	21.96	15.22
ENSG00000222011:FAM185A	2.55	4.33	2.92	2.64	3.13	2.03	0.35	0.46	2.33	2.52
ENSG00000222018:C21orf140	0.52	1.81	0	0	0	0.09	0	0	0	0
ENSG00000222028:PSMB11	0.03	0	0.73	0.04	1.77	1.22	0	0	0.11	0
ENSG00000223224:SNORD71	0	0	0	0	0	0	0	0	34.73	0
ENSG00000223496:EXOSC6	6.87	11.79	0	0	7.37	6.49	0.74	1.71	4.78	14.25
ENSG00000223501:VPS52	46.02	60.8	28.51	22.43	30.54	32.49	2.52	8.28	35.96	37.7
ENSG00000223802:CERS1	0.12	0.32	0	0	2.16	3.7	0.03	0.1	0.12	0.9
ENSG00000223953:C1QTNF5	4.62	8.05	5.69	4.91	45.99	45.15	8.46	18.98	1.77	7.39
ENSG00000224383:PRR29	1.06	2.14	0.04	0	1.81	2.74	0	0	10.53	45.3
ENSG00000224531:SMIM13	11.01	11.72	15.07	10.29	9.11	3.51	0.54	1.41	24.9	4.34
ENSG00000224877:NDUFAF8	15.16	12.28	25.39	21.53	55.66	45.41	2.08	20.72	46.16	35.11
ENSG00000224982:TMEM233	0.03	0.17	0	0	0	0	0.01	0.06	0	0
ENSG00000225190:PLEKHM1	10.29	18.18	49.4	30.71	15.57	8.15	3.6	14.05	6.69	6.77
ENSG00000225526:MKRN2OS	0.42	0.88	0.75	6.05	0.44	0	0.74	1.46	10	9.52
ENSG00000225556:C2CD4D	0.25	0.78	0.04	0.19	0	0	0.01	0.02	3.04	33.09
ENSG00000225697:SLC26A6	10.54	15.68	4.06	8.04	8.48	9.86	7.36	7.78	7.98	4.99
ENSG00000225921:NOL7	32.71	34.37	60.76	48.15	106.74	103.01	2.68	5.24	69.55	28.58
ENSG00000225950:NTF4	9	3.88	3.97	4.34	4.37	3.33	2.53	6.19	0.56	0.32
ENSG00000225968:ELFN1	0.11	0.3	0.61	5.05	1.12	0.61	0.01	0.03	0.78	0.33
ENSG00000226321:CROCC2	0	0.02	0.19	0	0.02	0	0.03	0.05	1.15	1.46
ENSG00000226572:SNORD57	0	0	0	0	0	0	0	0	0	0
ENSG00000226742:HSBP1L1	28.02	44.74	0.64	0.71	0	0	0.26	0.22	5.08	0.18
ENSG00000226979:LTA	0.07	0.32	0.14	0.24	0.21	0	0	0	0	0.11
ENSG00000227051:C14orf132	0.14	0.43	2.72	1.42	0.44	6.94	0.2	0.63	0	0
ENSG00000227057:WDR46	18.77	19.87	13.39	7.62	26.37	28.66	3.66	8.52	13.02	10.86
ENSG00000227345:PARG	9.96	11.94	23.4	16.21	20.73	20.2	2.21	3.84	11.72	1.44
ENSG00000227500:SCAMP4	31.4	41.42	57.93	50.38	27.96	29.06	2.45	6.11	13.23	23.86
ENSG00000227507:LTB	0.61	1.1	3.53	1.34	6.02	4.06	0.3	0.6	2.26	5.42
ENSG00000227729:RD3L	0	0	0	0	0	0	0	0	0.85	0
ENSG00000227868:TEX46	0.14	0.16	0	0	0	0	0	0	0	0
ENSG00000228253:MT-ATP8	23554.62	33769.55	14631.27	7382.21	16076.63	24065.82	2418.19	4125.43	0	7076.94
ENSG00000228474:OST4	167.96	178.39	219.12	252.74	0	0	0	0	40.46	284.46
ENSG00000228607:CLDN25	0	0	0	0	0	0	0.01	0	0	0.35
ENSG00000228672:PROB1	0.64	0.79	1.71	2.12	2.32	1.77	0.06	0.24	0.45	0.26
ENSG00000229453:SPINK8	0.47	0.19	1.17	14.91	0	0	0	0	0	0
ENSG00000229474:PATL2	0.35	0.89	1.87	4.02	0.5	0.12	0.01	0	0	0.07
ENSG00000229544:NKX1-2	0.01	0	0	0	0.04	0	0	0	0	0
ENSG00000230062:ANKRD66	0	0	6.37	3.88	0.05	0	0.15	0.34	2.41	1.11
ENSG00000230124:ACBD6	46.9	48.75	43.89	46.41	11.99	7.32	2.51	5.16	16.77	2.4
ENSG00000230778:ANKRD63	0	0	0	0.02	0	0.08	0.03	0.34	0	0.07
ENSG00000230873:STMND1	0.16	0.34	1.34	0.31	0.2	0.06	0	0	0.23	0.41
ENSG00000231213:PLSCR5	0	0	0	0	0	0	0	0	0.05	0
ENSG00000231256:CFAP97D1	0.34	0.2	0	0	0	0.48	0	0	0.15	0.14
ENSG00000231500:RPS18	500.09	562.17	741.07	813.63	1742.19	1582.35	417.64	562.56	2597.93	2022.92
ENSG00000231925:TAPBP	68.06	81.73	175.9	140.78	90.83	87.8	4.01	11.23	25.33	80.32
ENSG00000232070:TMEM253	0.72	0.57	1.73	5.54	0	0	0	0	0.25	1.61
ENSG00000232113:TEX50	0	0	0	0	0	0	0.01	0.05	0	0
ENSG00000232119:MCTS1	20.07	17.92	36.22	35.01	5.8	8.28	0.03	0	0	1.24
ENSG00000232258:TMEM114	0	0	1.01	0.12	0.17	0.33	0	0	0.22	1.43
ENSG00000232434:AJM1	0.68	2	0.13	0	1.32	0.56	0.03	0.07	0.21	0.07
ENSG00000232810:TNF	0.15	0.25	7.23	1.46	0.12	0.13	0.13	0	6.95	7
ENSG00000232859:LYRM9	6.33	7.44	3.72	5.13	6.43	19.82	7.5	23.39	19.64	2.84
ENSG00000233198:RNF224	1.2	0.96	0.35	0.36	0.37	1.1	0.02	0	0	0.18
ENSG00000233276:GPX1	75.83	93.56	453.41	508.97	265.33	232.05	46.01	53.85	345.69	1358.33
ENSG00000233436:BTBD18	0.32	0.48	0.18	0	8.45	8.68	0.05	0.08	0.55	0.69
ENSG00000233493:TMEM238	0	0.1	0.72	1.1	8.42	5.68	5.78	18.65	28.1	88.75
ENSG00000233608:TWIST2	1.09	2.33	2.6	2.02	5.08	4.21	0.13	0.71	0.55	0.54
ENSG00000233670:PIRT	0	0	2.31	2.29	0	0	0	0	1.14	0
ENSG00000233932:CTXN2	0	0	0	0.42	0	0	0	0	1.31	0
ENSG00000234127:TRIM26	22.73	29.99	111.49	74.2	16	17.01	1.8	4.76	6.54	3.63
ENSG00000234224:TMEM229A	0.11	0.05	0.07	0	0.06	0.06	12.01	20.21	2.57	4.52
ENSG00000234602:MCIDAS	0.04	0.13	0	0	0.83	0.29	0.01	0.02	0	0
ENSG00000234616:JRK	13.21	16.44	1.67	1.32	9.37	8.32	1	3.48	0.78	0.37
ENSG00000234828:IQCM	0.3	0.51	0.05	0	2.36	1.65	0.05	0.1	0	0.04
ENSG00000235118:FAM237A	0	0	0	0	0	0	0	0	0	0
ENSG00000235173:HGH1	5.22	7.19	2.75	2.43	22.19	20.08	0.28	0.76	7.8	19.8
ENSG00000235194:PPP1R3E	14.53	16.21	15.2	9.88	5.74	4.84	0.6	1.1	1.83	2.2
ENSG00000235568:NFAM1	0.89	1.98	2.26	1.41	2.47	1.76	0.01	0.01	94.38	11.89
ENSG00000235863:B3GALT4	5.41	5.78	7.72	7.22	11.94	8.75	0.39	1	8.13	17.71
ENSG00000236104:ZBTB22	12.27	15.2	24.81	17.38	4.34	3.7	1.27	3.19	4.92	5.28
ENSG00000236279:CLEC2L	0.03	0.08	0.65	0.18	0	0	0	0.02	0	0
ENSG00000236320:SLFN14	0.38	0.43	0.04	0.15	0	0	0.16	0.47	0.15	0.06
ENSG00000236398:TAS2R39	0.16	0.06	0	0	0	0	0	0	0	0
ENSG00000236699:ARHGEF38	0.36	0.13	0.01	0	2.77	4.49	0.15	0.24	1.3	5.38
ENSG00000236980:CIMIP7	0.09	0	0	0	0	0	0.05	0.09	0	0
ENSG00000237172:B3GNT9	3.56	6.36	4.36	5.1	8.39	8.24	1.6	4.93	1.27	1.7
ENSG00000237254:TRBV30	0.16	0	0	0	0	0	0	0.02	0	0
ENSG00000237330:RNF223	0.46	0.53	1.66	5.53	1.06	0.15	0.07	0.11	1.88	4.8
ENSG00000237441:RGL2	175.02	207.41	79.17	50.23	35.2	44.7	6.79	17.59	32.07	87.58
ENSG00000237515:SHISA9	2.64	2.97	1.31	1.7	0	0	0.1	0.21	0	0
ENSG00000238227:TMEM250	10.58	14.09	12.6	10.89	23.99	24.26	0.7	4.75	7.18	8.19
ENSG00000238622:SNORD97	0	5.03	9.68	0	0	40.51	0	0	3.1	2.79
ENSG00000238649:SNORD42A	0	0	0	0	0	0	0	0	0	0
ENSG00000238793:SNORD124	0	0	0	0	0	0	0	0	0	0
ENSG00000238795:SCARNA12	1.41	0	0.63	0	28.32	39.37	897.26	1853.97	1.09	4.91
ENSG00000238862:SNORD19B	0	0	0	0	0	0	0	0	0	0
ENSG00000238917:SNORD10	0	0	3.82	7.1	54.68	0	0	0	8.25	25.46
ENSG00000238961:SNORA47	0	0	0	0	0	0	0	0	0	1.51
ENSG00000239002:SCARNA10	0.47	0.65	0	0	6.02	15.48	6936.24	2816.93	0.3	0
ENSG00000239043:SNORD127	0	0	0	0	0	0	0	0	0	0
ENSG00000239112:SNORD123	0	0	0	0	0	0	0	0	0	0
ENSG00000239264:TXNDC5	79.66	79.63	104.39	138.99	60.78	46.02	14.21	41.55	653.77	168.7
ENSG00000239282:CASTOR1	12.8	17.09	62.2	37.13	16.31	16.3	2.41	6.6	4.24	19.91
ENSG00000239305:RNF103	45.98	40.94	49.15	36.82	24.97	26.79	4.51	7.98	19.1	30.44
ENSG00000239306:RBM14	30.04	42.01	14.37	11.15	53.16	52.77	2.48	6.87	8.61	24.57
ENSG00000239382:ALKBH6	9.32	12.59	17.78	22.5	8.97	9.21	5.06	14.55	8.52	72.47
ENSG00000239388:ASB14	0.56	0.88	0.23	0.12	1.36	1.79	0.05	0.09	0.22	0.07
ENSG00000239474:KLHL41	0.15	0.15	0.37	0.66	7.33	6.56	0.11	0.12	2.78	4.05
ENSG00000239605:STPG4	0.13	0.04	0.1	0	0.16	0	0.04	0	0.29	0.42
ENSG00000239642:MEIKIN	0	0.36	0	0	0.36	0.63	0.05	0.15	0.05	0
ENSG00000239672:NME1	13.82	10.5	27.02	24.7	53.69	64.05	5.96	7.64	18.82	28.47
ENSG00000239697:TNFSF12	9.6	18.18	19.42	15.45	69.17	64.3	0.76	2.94	3.8	1.85
ENSG00000239704:CDRT4	5.96	11.72	0.15	0	3.13	1.93	0.02	0.04	0	0
ENSG00000239779:WBP1	33.31	42.59	33.9	31.37	42.22	51.27	2.51	5.14	36.92	134.36
ENSG00000239857:GET4	33.49	52.69	64.82	69.52	57.29	67.26	3.74	9.74	103.97	50.12
ENSG00000239900:ADSL	15.45	20.51	18.78	18.84	54.64	53.03	3.88	5.43	11.94	28.1
ENSG00000240065:PSMB9	3.42	6.3	4.8	5.25	15.11	15.26	1.63	3.53	3.35	27.14
ENSG00000240303:ACAD11	23.7	34.03	11.69	13.27	4.94	4.41	1.85	2.5	9.16	9.65
ENSG00000240505:TNFRSF13B	0	0	0.51	1.41	0.14	0	0.1	0.17	0.08	1.34
ENSG00000240583:AQP1	2.73	11.45	169.61	185.32	11.02	9.87	30.49	30.9	193.91	236.47
ENSG00000240682:ISY1	14.91	19.44	14.82	10.3	23.96	25.21	2.76	5.55	19.38	22.95
ENSG00000240849:PEDS1	43.91	59.56	141.78	114.99	88.51	75.6	7.35	11.94	10.35	13.1
ENSG00000240857:RDH14	15.23	21.14	10.01	12.71	25.81	23.58	1.56	3.06	4.48	8.65
ENSG00000240972:MIF	385.14	405.99	119.62	160.15	309.93	344.06	53.61	110.41	120.69	182.9
ENSG00000241058:NSUN6	4.74	12.11	3.54	4.33	6.91	7.99	1.53	3.69	1.59	0.85
ENSG00000241127:YAE1	14.71	17.86	11.76	13.27	11.07	7.62	3.38	5.97	3.28	2.51
ENSG00000241360:PDXP	0.27	0.65	3.87	2.45	37.56	41.7	0.06	0.14	3.17	5.01
ENSG00000241370:RPP21	13.19	17.12	36.1	30.51	2.17	2.11	0.48	1.78	6.08	31.94
ENSG00000241399:CD302	14.07	15.3	3.78	4.04	16.55	9.08	1.29	1.62	1.74	2.34
ENSG00000241404:EGFL8	7.92	12.17	0.53	0.96	1.6	3.26	0.63	1.24	3.49	7.32
ENSG00000241563:CORT	0.59	1.08	0	0	0	0	0	0	0	0.24
ENSG00000241697:TMEFF1	0.17	0.74	62.84	30.29	23.03	12.99	0.17	0.24	1.77	0.97
ENSG00000241839:PLEKHO2	24.18	37.28	66.19	45.94	14.12	10.25	1.69	4.31	50.33	11.64
ENSG00000241852:C8orf58	14.21	21.66	34.22	14.94	57.37	81.3	0.61	1.24	8.13	15.15
ENSG00000241935:HOGA1	0.43	0.64	2.17	29.7	0.38	0.2	0.49	1.41	3.74	8.44
ENSG00000241945:PWP2	1.3	1.17	8.01	5.74	7.96	9.15	0.93	2.77	18.92	8.36
ENSG00000241973:PI4KA	67.25	92.09	31.7	45.94	57.91	71.21	3.58	13.29	19.99	14.59
ENSG00000242028:HYPK	8.35	10.34	17.85	16.94	552.09	573.85	4.3	10.08	492.23	221.81
ENSG00000242114:MTFP1	4.73	3.29	1.84	5.52	3.34	4.14	1.17	1.64	0.26	0.77
ENSG00000242247:ARFGAP3	37.27	37.52	41.85	88.34	78.03	75.2	5.13	11.81	65.17	51
ENSG00000242259:C22orf39	20.46	21.97	12.66	11.01	22.97	20.48	0.71	2.1	13.69	12.73
ENSG00000242372:EIF6	44.46	41.59	54.3	64.34	78.75	63.89	35.68	52.36	16.96	64.06
ENSG00000242498:ARPIN	6.14	9.51	17.57	16.16	15.63	21.74	2.18	4.75	8	6.13
ENSG00000242550:SERPINB10	0.74	1.31	0.08	0	0	0.07	0.05	0	0.69	1.37
ENSG00000242612:DECR2	3.96	6.45	36.35	28.44	18.93	16.4	2.64	6.52	4.44	2.13
ENSG00000242616:GNG10	68.06	96.27	20.22	12.2	82.57	65.03	9.82	15.52	21.96	40.24
ENSG00000242689:CNTF	0.51	0.72	2.04	1.14	0.36	0	0.23	0.33	3.12	4.52
ENSG00000242802:AP5Z1	9.92	13.39	16.14	12.46	17.13	16.97	2.22	11.42	6.4	8.61
ENSG00000242866:STRC	0.5	0.66	0.32	0.4	0.05	0.11	0.01	0.07	10.82	2.06
ENSG00000243156:MICAL3	24.91	28.19	145.59	63.54	35.33	45.99	4.09	11.78	5.03	0.34
ENSG00000243232:PCDHAC2	1.79	2.31	0.1	0.04	5.03	3.61	0.92	3.48	1.4	2.84
ENSG00000243244:STON1	6.36	15.39	15.12	16.59	21.75	12.06	0.9	2.39	4.51	0.79
ENSG00000243284:VSIG8	0	0.08	0.82	0.82	1.26	1.19	0.01	0.01	0	0.06
ENSG00000243335:KCTD7	5	10.08	2.19	1.8	14.99	13.34	0.36	1.18	1.38	1.3
ENSG00000243364:EFNA4	3.49	5.62	4.5	1.6	44.17	33.15	0.09	0.19	10.92	22.66
ENSG00000243449:NICOL1	1.8	4.16	4.61	3.75	49.7	46.91	1.01	2.95	1.46	3.22
ENSG00000243566:UPK3B	0.49	0.43	0.82	22.28	1.72	2.02	0.43	0.78	73.65	145.99
ENSG00000243646:IL10RB	47.71	54.06	31.77	78.46	44.01	34.99	0.91	1.82	22.41	51
ENSG00000243649:CFB	62.12	59.13	4.89	41.61	6.07	3.08	0.08	0.1	13.08	20.22
ENSG00000243667:DNAAF10	4.05	4.97	7.34	6.13	10.45	10.9	2.3	4.18	5.77	6.07
ENSG00000243710:CFAP57	0.35	0.75	0.03	0.02	0.72	0.48	0.05	0.05	6.62	5.59
ENSG00000243725:TTC4	10.18	12.98	30.6	33.01	13.43	9.96	1.9	3.6	17.39	33.6
ENSG00000243943:ZNF512	9.88	17.94	12.75	18.5	6.34	6.67	0.58	1.29	91.95	37.23
ENSG00000243989:ACY1	11.1	10.4	4.88	9.41	56.05	48.04	2.39	3.19	27.97	26.56
ENSG00000244005:NFS1	12.3	17.03	23.39	34.39	22.23	19.09	4.54	8.37	38.72	17.13
ENSG00000244038:DDOST	178.98	169.8	201.07	191.41	157.16	169.5	30.74	51.92	309.76	323.94
ENSG00000244045:VMA12	15.32	15.46	23.96	21.56	31.67	34.2	5.43	9.89	27.67	23.16
ENSG00000244187:TMEM141	42.89	48.27	9.27	5.3	13.67	8.18	2.77	7.35	6.22	44.94
ENSG00000244242:IFITM10	0.07	1.02	7.33	4.45	0.06	0	0	0	3.66	4
ENSG00000244274:DBNDD2	12.36	19.1	33.81	35.89	47.55	37.41	1.75	3.97	5.46	10.91
ENSG00000244405:ETV5	49.94	40.31	5.78	5.7	11.5	5.58	0.53	0.93	7.01	9.73
ENSG00000244607:CCDC13	0.76	1.27	5.36	3.9	0	0.06	0	0.01	1.08	0.94
ENSG00000244752:CRYBB2	0	0.27	0.93	0.65	0.31	0.15	0	0	0	0
ENSG00000245848:CEBPA	24.23	40.73	7.62	20.77	75.44	67.82	5.08	11.54	24.28	5.7
ENSG00000246922:UBAP1L	2.64	4.94	0.48	0.12	0.07	0.11	0.16	0.23	0.68	3.52
ENSG00000247077:PGAM5	8.02	9.38	50.44	33.47	41.63	35.2	5.28	10.03	19.37	3.61
ENSG00000247315:ZCCHC3	24.82	24.53	3.43	4.52	7.54	7.07	1.82	5.32	1.41	1.44
ENSG00000247596:TWF2	9.43	14.28	25.04	18.1	64.37	47.28	8.68	19.52	9.66	11.41
ENSG00000247626:MARS2	1.68	1.73	1.01	0.48	11.77	14.96	2.19	4.25	2.85	2.88
ENSG00000248098:BCKDHA	19.97	20.67	20.47	21.36	30.9	28.97	3.4	9.05	134.12	94.04
ENSG00000248099:INSL3	0.57	0.72	0	2.98	0.58	0.14	0	0	7.97	3.62
ENSG00000248485:PCP4L1	5.76	6.49	11.54	7.96	4.46	4	0.9	1.95	1.76	6.43
ENSG00000248487:ABHD14A	3.27	4.8	4.86	7.58	29.19	28.22	1.93	3.46	1.79	13.21
ENSG00000248712:DRC12	0.52	0.91	0	0	0.1	0	0.96	2.32	0.75	0.59
ENSG00000248746:ACTN3	0	0	0.81	0.22	0.96	0.73	0.01	0.01	1.04	2.53
ENSG00000248767:FOXL3	0	0	0	0.15	0.5	0.33	0	0	1.48	0.8
ENSG00000248905:FMN1	10.92	7.3	3.06	2.73	3.3	1.5	1.98	7.33	1.12	0.1
ENSG00000249115:HAUS5	6.88	8.71	5.5	5.32	31.31	34.96	0.51	1.08	4.75	7.24
ENSG00000249242:TMEM150C	8.22	9.14	0.63	1.59	11.65	11.48	0.72	1.7	2.46	5.91
ENSG00000249481:SPATS1	0.07	0.12	0.3	0	0	0.36	0.01	0	1.58	4.06
ENSG00000249581:CLRN2	0	0	0	0	0.12	0	0	0	0	0
ENSG00000249693:SPMAP2L	0	0	0.36	0.43	0	0	0	0	0.67	0.19
ENSG00000249715:FER1L5	0.88	1.64	0.54	0.28	0.01	0.04	0	0.01	8.64	3.15
ENSG00000249751:ECSCR	28.07	34.69	29.17	21.29	16.32	22.17	4.56	9.61	19.57	39.79
ENSG00000249853:HS3ST5	0.15	0.13	0	0	0	0	0.01	0.01	0.44	0.16
ENSG00000249915:PDCD6	60.6	71.63	93.1	109.66	281.28	255.28	52.74	111.11	125.59	135.71
ENSG00000249992:TMEM158	0.24	0.42	3.64	3.54	19.11	10.12	0.02	0.06	0.07	0.07
ENSG00000250067:YJEFN3	5.2	10.63	0.83	0.16	116.18	113.7	0.02	0.03	32.29	14.64
ENSG00000250298:GIMD1	0	0	0	0	0	0.13	0.07	0.21	0	0
ENSG00000250305:TRMT9B	8.13	21.66	3.32	2.46	0.07	0	0.71	1.43	0.31	0.93
ENSG00000250366:TUNAR	0	0	0.05	0.05	0.03	0	0.01	0	0	0
ENSG00000250506:CDK3	6.46	12.61	0.94	0.95	48.79	65.08	0.1	0.37	1.48	1.36
ENSG00000250510:GPR162	2.13	4.3	0.32	0.63	0.03	0.06	0.02	0.04	0.07	0.06
ENSG00000250799:PRODH2	0	0	0	0.68	0	0	0	0	0.03	0.09
ENSG00000250803:ZNF475	0	0	0	0	1.04	0.34	0.1	0	0	0
ENSG00000250821:EXOC1L	0	0	0	0	0	0	0	0	0	0
ENSG00000251692:PTX4	0	0	0.09	0	0	0	0.06	0.18	0.72	0.24
ENSG00000251878:SNORD79	0	0	0	0	0	0	0	0	0	0
ENSG00000252928:RNU6-64P	0	0	0	0	0	0	0	0	0	0
ENSG00000253117:OC90	0	0	0.21	0.1	0	0	0	0.04	0.07	0.07
ENSG00000253148:RGS21	0	0	0.02	0	0	0	0	0	0	0
ENSG00000253250:C8orf88	0.87	1.62	0.36	0.92	0.11	0.05	0.18	0.36	0.43	0.14
ENSG00000253276:CCDC71L	3.61	4	15.58	11.6	9.93	5.35	1.63	4	2.23	1.94
ENSG00000253293:HOXA10	6.79	12.4	54.2	69.46	28.4	26.16	2.13	5.99	1.74	1.81
ENSG00000253304:TMEM200B	2.24	3.18	9.61	3.92	5.22	4.55	2.06	4.84	1.15	1.26
ENSG00000253309:SERPINE3	0.05	0	0	0.48	2.12	1.54	0	0	0.12	0.11
ENSG00000253313:C1orf210	2.9	2.37	25.1	26.69	87.97	81.44	1.89	3.43	13.03	73.17
ENSG00000253710:ALG11	21.6	21.59	10.85	11.28	15.65	13.66	4.59	7.54	31.57	36.56
ENSG00000253729:PRKDC	25.47	31.6	2.45	1.3	4.44	4.24	0.7	2.05	4.66	1.94
ENSG00000253958:CLDN23	8.84	5.85	8.93	6.52	16.94	21.16	0.72	1.63	16	11.13
ENSG00000254087:LYN	14.15	22.85	19.54	25.06	28.61	24.85	4.3	11.64	7.45	2.99
ENSG00000254341:SNORD87	0	0	0	0	0	0	0	0	0	0
ENSG00000254402:LRRC24	0.23	0.46	0.44	0.69	21.97	21.68	0.01	0.16	0.05	0.36
ENSG00000254469:XNDC1N	1.94	2.87	15.23	10.29	2.71	3.31	0.31	1.01	3.25	2.68
ENSG00000254470:AP5B1	10.41	13.4	3.71	3.63	12.17	10.27	0.44	1.15	1.83	11.29
ENSG00000254685:FPGT	3.93	5.49	9.51	6.2	8.72	11.83	2.01	2.55	6.72	12.55
ENSG00000254726:MEX3A	0.23	0.16	0.98	1.38	0.62	0.69	0.13	0.17	0.72	0.34
ENSG00000254858:MPV17L2	5.19	4.7	24.95	24.69	23.22	24.08	4.47	15.07	30.24	48.23
ENSG00000254901:BORCS8	15	18.72	26.7	19.13	15.72	14.6	4.59	10.84	20.2	23.89
ENSG00000254986:DPP3	7.46	8.84	55.31	49.86	25.21	19.67	2.37	4.61	62.34	63.42
ENSG00000255529:POLR2M	19.93	26.64	91.07	67.59	29.29	27.68	3.22	6.09	4.21	2.81
ENSG00000255561:FDXACB1	0.59	0.83	11.11	6.86	0.59	0.78	0.21	0.49	2.15	1.39
ENSG00000255587:RAB44	0.03	0.04	0.57	0.75	0	0	0.03	0.05	1.86	0.87
ENSG00000255833:TIFAB	0.01	0.01	0.74	1.37	0.46	0	0.01	0.03	11.25	0.89
ENSG00000256043:CTSO	23.95	29.29	16.74	18.16	4.42	4.26	0.33	0.57	3.26	5.12
ENSG00000256053:COA8	15.1	18.46	19.92	23.19	9.25	9.37	1.68	4.28	20.56	1.31
ENSG00000256061:DNAAF4	0.64	0.93	0.67	0.77	0.92	0.8	0.02	0.01	3.82	2.27
ENSG00000256235:SMIM3	8.12	11.43	7.23	4.83	43.13	20.3	0	0	5.49	27.26
ENSG00000256269:HMBS	5.9	7.65	31.05	27.28	26.13	27.3	6.84	20.01	19.8	47.76
ENSG00000256453:DND1	0.1	0.2	0.46	0.63	2.69	2.69	0.17	0.45	8.09	51.68
ENSG00000256463:SALL3	0	0	0.16	0.22	0	0	0.02	0.06	0.08	0.06
ENSG00000256525:POLG2	7.14	12.27	4.76	4.47	13.53	12.08	0.88	1.33	8.25	20.09
ENSG00000256574:OR13A1	0	0.03	0	0	0	0	0	0	0	0
ENSG00000256590:TRDV3	0	0	0	0	0	0	0	0	0	0
ENSG00000257057:C11orf97	0	0	0.09	0	0	0	0.54	0.79	2.21	0
ENSG00000257093:DENND11	2.13	6.05	1.29	0.88	3.2	1.81	0.65	1.17	3	1.2
ENSG00000257103:LSM14A	131.31	132.85	99.79	62.54	119.73	116.5	15.61	27.58	52.69	16.86
ENSG00000257218:GATC	11.22	13.67	12.61	12.12	41.54	32.22	5.48	10.53	11.53	67.49
ENSG00000257335:MGAM	0.13	0.46	0.06	4.98	0	0.01	0.1	0.2	0.02	0.07
ENSG00000257365:FNTB	12.94	16.28	51.58	39.86	23.18	18.66	1.47	2.93	11.94	5.39
ENSG00000257743:MGAM2	0.02	0.06	0	0	0	0	0.03	0.08	13.88	34.42
ENSG00000257923:CUX1	18.44	23.84	36.52	22.38	67.4	59.8	4.07	13.41	61.29	7.86
ENSG00000257949:TEN1	8.74	13.22	19.4	15.45	148.45	165.66	1.11	2.65	8.83	9.28
ENSG00000258223:PRSS58	0	0	0	0	0	0	0	0.01	0	0.49
ENSG00000258227:CLEC5A	0.22	0.67	0.51	0.95	0	0.73	0.25	0.59	0.16	0.04
ENSG00000258289:CHURC1	25.96	29.77	49.77	60.4	119.76	106.99	23.21	28.78	22.84	53.57
ENSG00000258315:BACC1	29.94	29.72	43.43	43.38	40.06	37.38	2.72	6.06	29.29	33.55
ENSG00000258366:RTEL1	11.37	17.42	13.4	12.72	20.64	25.93	0.39	0.94	0.95	0.5
ENSG00000258429:PDF	1.58	2.47	6.51	9.51	10.73	10.32	0.31	1.13	12.3	18.24
ENSG00000258436:RNASE12	0.37	0.34	0.11	0	3.7	3.15	0	0	0.37	0.28
ENSG00000258818:RNASE4	1.95	3.01	55.53	145.48	11.26	11.96	22.17	46.8	1.26	0.21
ENSG00000258839:MC1R	47.12	70	0.22	0.06	0.05	0.05	0.01	0	0.08	0
ENSG00000258890:CEP95	29.06	37.95	11.79	7.47	32.11	37.8	1.92	4.43	28.74	15.65
ENSG00000258947:TUBB3	8.57	7.27	79.51	34.33	1.15	1.82	0.36	0.8	0.55	0.18
ENSG00000258986:TMEM179	0.31	0.61	4.23	1.41	0.06	0	0	0.01	0.19	0.12
ENSG00000259207:ITGB3	58.25	6.74	175.62	85.74	9.02	9.09	0.38	0.94	4.16	0.78
ENSG00000259330:INAFM2	5.55	8.6	21.42	14.72	9.82	11.01	1.37	3.36	0.2	1.18
ENSG00000259431:THTPA	5.98	5.15	5.48	6.37	12.48	9.72	0.66	1.62	30.9	39.47
ENSG00000259494:MRPL46	13.18	17.46	18.59	16.88	27.57	25.61	4.85	8.41	13.21	9.76
ENSG00000260027:HOXB7	3.75	5.59	0.69	0.79	4.51	4.07	0.39	0.67	181.34	91.17
ENSG00000260230:FRRS1L	0.32	0.58	0.05	0.11	0.6	0.69	0.09	0.28	0.63	0.6
ENSG00000260286:ARMH2	0.07	0.08	0	0	0	0	0	0.02	0	0
ENSG00000260314:MRC1	7.27	20.32	3.73	7.15	36.39	13.76	12.31	23.47	14.07	9.42
ENSG00000260903:XKR7	0.01	0	0	0	0.05	0.05	0	0	0	0
ENSG00000261115:TMEM178B	0.03	0.07	0.09	0.04	149.07	147.05	0.01	0.02	0	0
ENSG00000261236:BOP1	9.25	14.55	17.22	13.02	18.77	16.22	2.18	6.68	86.67	96.73
ENSG00000261371:PECAM1	274.33	318.23	140.3	100.6	82.22	110.33	40.98	119.59	27.8	14.61
ENSG00000261609:GAN	2.11	2.02	5.24	3.02	9.38	8.2	2.34	5.52	3.2	0.74
ENSG00000261652:PIERCE2	0.4	0.24	17.14	14.45	1.29	1.9	0.11	0	0.37	4.59
ENSG00000261787:TCF24	0.34	0.19	3.58	5.2	0	0	0.06	0.36	0	0
ENSG00000261857:MIA	2.02	2.4	0.11	0	2.17	4.01	0.05	0.23	1.79	14.43
ENSG00000261949:GFY	0.03	0	0.41	0.4	0	0.04	0	0	0.03	0.67
ENSG00000262165:C17orf114	0.2	0.44	0	0	0	0	0	0	2.76	51
ENSG00000262246:CORO7	17.5	26.2	23.03	30.46	10.41	11.03	0.44	1.19	108.46	137.67
ENSG00000262655:SPON1	7.7	16.76	24.78	37.53	94.28	63.11	1.57	2.38	12.62	3.57
ENSG00000262814:MRPL12	15	15.83	36.06	39.01	34.09	34.03	9.56	19.3	89.84	73.5
ENSG00000263001:GTF2I	116.45	161.83	21.51	30.01	43.06	41.93	8.37	18.41	64.41	35.48
ENSG00000263155:MYZAP	32.32	36.31	11.75	15.45	33.43	28.19	7.04	10.89	179.88	15.61
ENSG00000263429:TMEM238L	0	0	34.22	18.93	8.38	24.56	0	1.94	0	0
ENSG00000263528:IKBKE	1.46	1.8	4.24	3.44	8.15	5.03	0.59	0.88	5.79	29.98
ENSG00000263761:GDF2	0	0	0	0	0	0	0.01	0	0	0
ENSG00000264522:OTUD7B	7.87	9.56	25.44	21.46	22.84	21.63	4.44	8.19	13.08	2.28
ENSG00000264994:SNORD92	0	0	0	0	0	0	0	0	7.52	0
ENSG00000265107:GJA5	50.4	87.72	6.88	5.06	8.77	7.68	2.36	6.77	4.39	3.15
ENSG00000265203:RBP3	0.09	0.16	0	0	0	0	0	0	0	0.05
ENSG00000265236:SNORD84	0	0	0	0	0	0	0	0	0	0
ENSG00000265491:RNF115	8.17	11.31	41.84	28.68	23.52	24.29	4.28	6.31	35.54	38.12
ENSG00000265763:ZNF488	3.05	4	6.95	5.26	0	0.02	0.01	0.01	0.05	0.07
ENSG00000265808:SEC22B	72.79	55.49	87.61	65.59	45.8	39.89	14.39	27.11	36.33	17.86
ENSG00000265972:TXNIP	173.1	241.53	474.08	661.03	240.42	217.74	185.7	295.58	301.62	600.42
ENSG00000266094:RASSF5	1.01	3.26	13.26	6.32	3.45	1.32	0.2	0.55	0.76	0.48
ENSG00000266173:STRADA	18.43	27.02	21.18	16.61	21.18	25.37	1.35	2.67	18.7	16.44
ENSG00000266200:PNLIPRP2	0	0	0.06	0.79	0	0	0	0	0.05	0.14
ENSG00000266412:NCOA4	96.41	122.86	94.74	106.79	60.46	61.93	13.18	18.34	82.05	19.37
ENSG00000266472:MRPS21	17.22	21.77	83.51	111.15	17.23	16.1	0	0	250.08	93.52
ENSG00000266524:GDF10	0	0.02	3.36	2.42	0	0.06	0.01	0.02	0.15	0.28
ENSG00000266967:AARSD1	12.89	20.59	10.69	12.4	48.86	41.47	4.84	8.81	19.44	31.05
ENSG00000267060:PTGES3L	0.57	0.89	3.55	3.17	3.84	2.66	1.47	3.05	9.96	24.67
ENSG00000267534:S1PR2	13.8	21.49	23.75	13.43	13.5	10.09	0.8	1.91	3.6	10.45
ENSG00000267673:FDX2	2.97	4.55	27.33	19.39	44.51	48.27	5.7	11.73	8.16	50.53
ENSG00000267796:LIN37	21.92	28.85	26.4	29.08	29.67	25.41	3.48	9.42	20.17	97.01
ENSG00000267855:NDUFA7	22.29	37.7	148.07	184.32	26.75	26.22	3.02	5.03	51.21	66.72
ENSG00000269058:CALR3	0	0	1.17	1.25	3.32	4.78	0.87	2.06	0	0.08
ENSG00000269113:TRABD2B	0.09	0.16	8.21	2.68	1.28	1.48	0.18	0.7	0.59	0.15
ENSG00000269335:IKBKG	12.33	20.58	27.06	27.59	19.57	16.86	4.27	13.8	95.94	26.4
ENSG00000269556:TMEM185A	17.75	20.49	36.47	23.08	10.53	7.73	0.81	2.06	13.19	3.37
ENSG00000269743:SLC25A53	5.61	6.29	7.11	5.16	0.46	0.29	0	0	4.63	0.69
ENSG00000269858:EGLN2	115.11	130.26	37.12	47.8	54.63	52.08	6.14	13.68	30.71	46.04
ENSG00000269964:MEI4	0	0.03	0	0.06	1.61	0.32	0.01	0.41	9.61	0.29
ENSG00000270647:TAF15	90.46	121.47	73.56	51.45	98.25	97.06	2.3	6.23	246.52	147.59
ENSG00000270885:RASL10B	7.66	10.43	0.16	0.17	15	3.25	0.38	1.22	8.87	22.6
ENSG00000271303:SRXN1	12.57	10.33	21.83	26.27	22.62	16.48	6.9	17.49	17.94	4.4
ENSG00000271447:MMP28	1.74	6.01	25.54	16.38	15.54	16.24	0.81	2.07	10.94	17.12
ENSG00000271503:CCL5	10.28	13.13	2.55	0.59	12.15	8.4	0.28	0.48	0	0.16
ENSG00000271824:SMIM32	0	0	0	0	0	0	0.08	0.16	0	0
ENSG00000271852:SNORD11B	0	0	0	0	0	0	0	0	0	0
ENSG00000272031:ANKRD34A	0.09	0.36	0.11	0.46	0.45	0.26	0.01	0.01	0.05	0.05
ENSG00000272036:MIR139	0	0	0	0	0	0	0	0	0	0
ENSG00000272325:NUDT3	10.59	14.88	38.26	42.47	39.06	39.06	3.13	5.84	64.22	29.86
ENSG00000272514:CFAP206	0.01	0.38	0.14	0	0.34	0.61	0.03	0.02	6.52	11.87
ENSG00000272636:DOC2B	1.24	4.84	3.99	2.08	3.83	3.47	0.11	0.33	0.48	0.07
ENSG00000272899:SPMIP1	1.26	2.04	0	0	0	0	0.04	0.04	0.78	2.29
ENSG00000273079:GRIN2B	0.08	0.02	0.02	0	0	0	0	0	0.03	0
ENSG00000273274:ZBTB8B	0.35	0.4	10.11	28.17	0.65	0.75	0.12	0.24	0	0.05
ENSG00000273540:AGBL1	0	0	0	0	0	0	0	0	0	0
ENSG00000273559:CWC25	14.65	20.29	19.27	14.48	26.02	21.54	3.16	6.26	46.75	32.32
ENSG00000273604:EPOP	0.96	1.15	39.19	28.35	0.81	0.28	0.12	0.58	0.06	0.18
ENSG00000273611:ZNHIT3	12.98	17.12	15.22	10.07	18.09	15.67	2.62	4.76	9.86	32.15
ENSG00000273706:LHX1	0	0	0.05	0	0	0.04	0.01	0.01	0.49	0
ENSG00000273749:CYFIP1	25.05	42.74	43.67	31.81	49.8	52.73	6.73	12.24	43.17	19.73
ENSG00000273899:NOL12	12.66	15.54	31.7	25.97	10.65	9.42	2.29	5.3	13.92	22.9
ENSG00000274070:CASTOR2	5.91	9.13	9.98	16.72	49.45	43.04	0.85	4.29	4.86	0.86
ENSG00000274211:SOCS7	5.84	7.47	15.25	10.11	3.81	3.58	0.78	1.73	3.82	1.44
ENSG00000274286:ADRA2B	0.43	0.58	86.93	32.44	2.67	4.21	0.17	0.97	0.42	0.17
ENSG00000274443:C8orf89	0.18	0.31	0.24	0.73	7.67	5.69	0.1	0.08	3.19	9.07
ENSG00000274523:RCC1L	15.16	19.11	18.03	14.15	16.89	13.91	1.85	4.6	7.07	19.41
ENSG00000274529:SEBOX	0	0	0	0	0	0	0	0	0	0
ENSG00000274749:KRTAP7-1	0	0.1	0	0	0	0	0	0	0	0
ENSG00000275023:MLLT6	66.98	115.06	11.11	8.48	20.14	15.83	1.89	5.76	3.93	2.29
ENSG00000275066:SYNRG	19.74	23.29	13.5	12.94	16.4	13.38	2.54	5.4	20.36	12.66
ENSG00000275074:NUDT18	1.45	2.76	49.17	38.45	10.26	10.43	0.52	1.69	8.96	7.06
ENSG00000275342:PRAG1	4.61	7.61	9.14	6.71	7.95	8.33	0.34	0.9	3.43	11.32
ENSG00000275410:HNF1B	0.01	0.04	9.6	15.15	26.38	7.46	0	0.01	80.35	43.95
ENSG00000275489:SPMAP1	0	0	0.19	0.63	0	0	0.07	0.16	8.28	17.58
ENSG00000275572:GRIFIN	0	0	0	0.16	0	0	0	0	0.19	0.25
ENSG00000275591:XKR5	0.08	0.02	0.06	0.03	0.3	0.58	0	0.08	1.04	0.13
ENSG00000275700:AATF	25.13	27.18	18.5	10.54	21.11	18.84	1.07	2.58	28.75	9.06
ENSG00000275832:ARHGAP23	21.26	32.17	35.13	20.26	4.78	3.69	0.91	3.89	6.29	3.96
ENSG00000275835:TUBGCP5	7.61	6.9	9.14	7.19	20.26	23.24	0.39	0.55	2.74	1.54
ENSG00000275994:SNORA24	0	0	0	0	0	0	0	0	1.3	1.99
ENSG00000276023:DUSP14	21.8	30.14	20.82	17.01	48.15	33.16	1.42	2.63	17.68	16.4
ENSG00000276043:UHRF1	2.01	1.15	4.54	3.25	4.43	3.71	0.07	0.2	44.93	8.85
ENSG00000276045:ORAI1	10.03	10.32	26.81	32.43	40.51	14.11	4.77	12.7	8.83	27.25
ENSG00000276234:TADA2A	15.32	18.22	11.41	10.2	37.24	36.69	3.73	6.34	10.88	5.99
ENSG00000276293:PIP4K2B	17.99	34.48	11.02	7.13	8.03	7.37	0.59	2.03	7.11	0.85
ENSG00000276365:MIR145	0	0	0	0	0	0	0	0	0	0
ENSG00000276600:RAB7B	3.6	6.81	10.45	5.43	15.12	38.48	5.53	10.15	10.55	3.42
ENSG00000276644:DACH1	2.96	6.35	0.15	0.14	0.45	0.64	0.25	0.65	2.66	0.29
ENSG00000276747:PADI6	0	0	0	0	0.07	0	0.01	0	0.03	0.39
ENSG00000276788:SNORD26	0	0	0	0	0	0	0	0	0	0
ENSG00000277258:PCGF2	22.34	27.74	22.94	18.85	28.78	29.26	0.93	3.09	3.78	6.41
ENSG00000277363:SRCIN1	7.76	8.79	2.94	1.04	1.55	0.92	0.63	1.73	1.4	1.34
ENSG00000277399:GPR179	0.01	0.04	0.08	0.05	0.06	0.03	0.02	0.05	0.16	0.21
ENSG00000277443:MARCKS	83.68	118.63	63.03	41.89	146.59	147.02	24.81	41.18	5.3	19.49
ENSG00000277586:NEFL	0	0	0	0	0	0	0.18	0.61	1.29	0.31
ENSG00000277791:PSMB3	68.36	66.58	116.91	108.9	179.82	191.97	30.48	54.97	69.86	158.12
ENSG00000277887:SNORA50C	0	0	0	0	0	0	0	0	0	0
ENSG00000277893:SRD5A2	0	0	0.03	0	0	0	0.01	0.03	66.36	36.88
ENSG00000278053:DDX52	9.66	12.24	13.66	12.04	23.82	19.52	2.14	3.3	16.53	4.61
ENSG00000278224:PRICKLE4	3.71	5.6	0.89	0.25	2.62	4.42	9.04	14.32	16.14	18.93
ENSG00000278259:MYO19	38.76	50.41	6.61	3.96	22.15	20.84	0.5	1.36	7.97	7.78
ENSG00000278311:GGNBP2	46.74	64.23	93.52	68.63	46.14	42.7	6.99	14.17	37.63	14.14
ENSG00000278505:C17orf78	0.03	0.07	0	0	0.12	0.12	0.07	0.19	0	0
ENSG00000278540:ACACA	7.9	11.04	5.58	5.87	22.36	17.75	3.31	7.3	9.5	2.18
ENSG00000278570:NR2E3	0.22	0.09	0.06	0.05	0.34	1.18	0	0	1.05	0.56
ENSG00000278615:C11orf98	15.85	17.52	28.89	32.23	0	0	2.96	6.03	22.4	37.5
ENSG00000278619:MRM1	1.72	1.82	9.9	5.97	10.46	6.43	0.46	1.32	0.5	1.01
ENSG00000278845:MRPL45	22.13	22.74	10.92	9.73	39.91	29.31	4.09	8.92	52.46	33.65
ENSG00000280165:PCDH20	0	0.01	0	0	0	0	0	0.01	0.09	0.45
ENSG00000281910:SNORA50A	0	0	0	0	0	0	0	0	1.16	0
ENSG00000282881:TMEM275	0	0	0	0	0	0	0.03	0	0	0
ENSG00000283199:C13orf46	0.06	0.37	0.04	0	0	0	0	0.03	0.24	0
ENSG00000283267:FAM237B	0	0.01	0.08	0	0	0	0.34	0.47	0.71	2.23
ENSG00000283297:TEX52	0.79	1.52	0.03	0.06	0	0	0	0	0	0
ENSG00000283526:PRRT1B	0	0.14	0.05	0.32	0.67	0.45	0.09	0.42	4.24	17.36
ENSG00000283551:SNORD98	0	0	0	0	0	0	0	0	0	0
ENSG00000283567:C19orf85	0	0	0.19	0	0	0	0	0	0.11	0.96
ENSG00000283632:EXOC3L2	0.35	0.34	6.75	7.32	13.31	19.38	0.22	0.76	5.33	22.08
ENSG00000283745:MIR196B	0	0	0	0	0	0	0	0	0	0
ENSG00000283785:MIR15A	0	0	0	0	0	0	0	0	0	0
ENSG00000283815:MIR18A	0	0	0	0	0	0	0	0	0	0
ENSG00000283899:MIR761	0	0	0	0	0	0	0	0	0	0
ENSG00000284038:MIR10A	0	0	0	0	0	0	0	0	0	0
ENSG00000284107:MIR19B2	0	0	0	0	0	0	0	0	0	0
ENSG00000284112:MIR195	0	0	0	0	0	0	0	0	0	0
ENSG00000284182:MIR143	14.21	0	0	0	0	0	0	0	0	0
ENSG00000284190:MIR21	0	0	0	0	0	0	0	0	0	0
ENSG00000284202:MIR137	0	0	0	0	0	0	0	0	0	0
ENSG00000284308:C2orf81	0.19	0.23	0.16	0.12	0	0	0.02	0.05	1.53	1.95
ENSG00000284353:MIR142	0	0	0	0	0	0	0	0	0	0
ENSG00000284440:MIR122	0	0	0	0	0	0	0	0	0	0
ENSG00000284453:MIR1-2	0	0	0	0	0	0	0	0	0	0
ENSG00000284464:MIR1306	0	0	0	0	0	0	0	0	0	0
ENSG00000284499:MIR363	0	0	0	0	0	0	0	0	0	0
ENSG00000284536:MIR17	0	0	0	0	0	0	0	0	0	0
ENSG00000284770:TBCE	11.23	16.37	33.11	34.34	14.44	11.95	2.68	3.87	7.96	7.65
ENSG00000284844:TOMT	0	0	0.44	0.7	0.62	0.39	0.35	0.9	14.81	26.42
ENSG00000284862:CCDC39	0.79	1.13	0.54	2.75	0.06	0.14	0.62	0.57	3.46	2.08
ENSG00000286105:TMEM217B	0	0	0.06	0.1	0	0	0	0	41.38	116.46
ENSG00000287363:CIMIP3	0	0	2.46	3.19	0.45	0.39	0.01	0	0	0
